sha256,kept_path,kept_class,removed_path,removed_class,cross_class
b74154e46297df41200f9f6c0235e60fb8e7596596f85f95e830b1e24c803ccd,Balanced_Final_Split/Balanced_Final_Split/train/BacterialSpot/train_100_Bacterial Leaf Spot_57.JPG,BacterialSpot,Balanced_Final_Split/Balanced_Final_Split/train/BacterialSpot/train_700_Bacterial Leaf Spot_57.JPG,BacterialSpot,false
318abf3cb2fd7477ce052fd55858ff0f4838da3afe39e33e98efc482ea511ffe,Balanced_Final_Split/Balanced_Final_Split/train/BacterialSpot/train_101_Bacterial Leaf Spot_56.jpg,BacterialSpot,Balanced_Final_Split/Balanced_Final_Split/train/BacterialSpot/train_701_Bacterial Leaf Spot_56.jpg,BacterialSpot,false
ee54a40053acc8fdcfe4e658429a1078eda25e2e918fadaa875d5130f47faafa,Balanced_Final_Split/Balanced_Final_Split/train/BacterialSpot/train_102_Bacterial Leaf Spot_15.jpg,BacterialSpot,Balanced_Final_Split/Balanced_Final_Split/train/BacterialSpot/train_702_Bacterial Leaf Spot_15.jpg,BacterialSpot,false
ec5a99ef8e4ef83dbaf341f2b0da8b623d1b699cadf7ab5bfa1c16cb3138576c,Balanced_Final_Split/Balanced_Final_Split/train/BacterialSpot/train_103_Bacterial Leaf Spot_24.png,BacterialSpot,Balanced_Final_Split/Balanced_Final_Split/train/BacterialSpot/train_703_Bacterial Leaf Spot_24.png,BacterialSpot,false
8e5fa61667aff1a2a3918ab02bafa2bd0597db6e5a20ff1a46866ae6d22e340d,Balanced_Final_Split/Balanced_Final_Split/train/BacterialSpot/train_104_Bacterial Leaf Spot_80.jpg,BacterialSpot,Balanced_Final_Split/Balanced_Final_Split/train/BacterialSpot/train_704_Bacterial Leaf Spot_80.jpg,BacterialSpot,false
0e054d4e838b1a943f6f0ef591b4b50538c1f140c382fa3331287ec8e5dbe77f,Balanced_Final_Split/Balanced_Final_Split/train/BacterialSpot/train_105_Bacterial Leaf Spot_65.jpg,BacterialSpot,Balanced_Final_Split/Balanced_Final_Split/train/BacterialSpot/train_705_Bacterial Leaf Spot_65.jpg,BacterialSpot,false
1b6fe678ac7bb95ffd21ca9d116db16439e191bc3dbeb1b85067d597db274fab,Balanced_Final_Split/Balanced_Final_Split/train/BacterialSpot/train_106_Bacterial Leaf Spot_16.jpg,BacterialSpot,Balanced_Final_Split/Balanced_Final_Split/train/BacterialSpot/train_706_Bacterial Leaf Spot_16.jpg,BacterialSpot,false
2a3ffa6fcc86e43cc64851b26c4e73be5bfbf2cbb7111a8db027d1ea8dd025a3,Balanced_Final_Split/Balanced_Final_Split/train/BacterialSpot/train_107_Bacterial Leaf Spot_85.png,BacterialSpot,Balanced_Final_Split/Balanced_Final_Split/train/BacterialSpot/train_707_Bacterial Leaf Spot_85.png,BacterialSpot,false
5ba47d9be221f070a456f6c1b9b2087a41b9454cd599f95ef723cc49fa70fe55,Balanced_Final_Split/Balanced_Final_Split/train/BacterialSpot/train_108_Bacterial Leaf Spot_30.JPG,BacterialSpot,Balanced_Final_Split/Balanced_Final_Split/train/BacterialSpot/train_708_Bacterial Leaf Spot_30.JPG,BacterialSpot,false
b9fc3970aceef0fd5448834da73a611c706053a6d8a948df0535c5e2caa240f2,Balanced_Final_Split/Balanced_Final_Split/train/BacterialSpot/train_109_Bacterial Leaf Spot_93.png,BacterialSpot,Balanced_Final_Split/Balanced_Final_Split/train/BacterialSpot/train_709_Bacterial Leaf Spot_93.png,BacterialSpot,false
427c70cacb7630a1849609043346b1bdd84695264a4f7e0f6f815cd3ddaa231d,Balanced_Final_Split/Balanced_Final_Split/train/BacterialSpot/train_110_Bacterial Leaf Spot_88.png,BacterialSpot,Balanced_Final_Split/Balanced_Final_Split/train/BacterialSpot/train_710_Bacterial Leaf Spot_88.png,BacterialSpot,false
1420d41ff37164d2422ca67e278a734e27f166e9cae13832502cfd5118bede42,Balanced_Final_Split/Balanced_Final_Split/train/BacterialSpot/train_111_Bacterial Leaf Spot_25.jpg,BacterialSpot,Balanced_Final_Split/Balanced_Final_Split/train/BacterialSpot/train_711_Bacterial Leaf Spot_25.jpg,BacterialSpot,false
7086cbd774daff4b3cf70f6d9aecf2de78d8639447cdec1bf68ab80518e26c22,Balanced_Final_Split/Balanced_Final_Split/train/BacterialSpot/train_112_Bacterial Leaf Spot_70.jpg,BacterialSpot,Balanced_Final_Split/Balanced_Final_Split/train/BacterialSpot/train_712_Bacterial Leaf Spot_70.jpg,BacterialSpot,false
f569d5914b675ce3d32f387aa7205abe026110d3e6b5047e77f919290e069989,Balanced_Final_Split/Balanced_Final_Split/train/BacterialSpot/train_113_Bacterial Leaf Spot_71.jpg,BacterialSpot,Balanced_Final_Split/Balanced_Final_Split/train/BacterialSpot/train_713_Bacterial Leaf Spot_71.jpg,BacterialSpot,false
2a7509d8ee05bb9ff9c0ebdcf5681189bedc34745d4911770219505eef7da22a,Balanced_Final_Split/Balanced_Final_Split/train/BacterialSpot/train_114_Bacterial Leaf Spot_87.png,BacterialSpot,Balanced_Final_Split/Balanced_Final_Split/train/BacterialSpot/train_714_Bacterial Leaf Spot_87.png,BacterialSpot,false
5d0e640bc707b56d5d74fb5a9574aca1d6433e4a57df5e68452a24bbd09841b1,Balanced_Final_Split/Balanced_Final_Split/train/BacterialSpot/train_115_Bacterial Leaf Spot_60.jpg,BacterialSpot,Balanced_Final_Split/Balanced_Final_Split/train/BacterialSpot/train_715_Bacterial Leaf Spot_60.jpg,BacterialSpot,false
5e0fa581ed2e45e6299a3c85fb0536abc371ea69d21660faf6ef6d209c985453,Balanced_Final_Split/Balanced_Final_Split/train/BacterialSpot/train_116_Bacterial Leaf Spot_63.jpg,BacterialSpot,Balanced_Final_Split/Balanced_Final_Split/train/BacterialSpot/train_716_Bacterial Leaf Spot_63.jpg,BacterialSpot,false
89a918498b6105f188e2ff0222407cc3b6a7222703be802b5a99e0e672dc22e1,Balanced_Final_Split/Balanced_Final_Split/train/BacterialSpot/train_117_Bacterial Leaf Spot_2.jpg,BacterialSpot,Balanced_Final_Split/Balanced_Final_Split/train/BacterialSpot/train_717_Bacterial Leaf Spot_2.jpg,BacterialSpot,false
4cb90c337296daabc7a15b0a04343bde2fb077bd3b47e479cde0f6f406974d8a,Balanced_Final_Split/Balanced_Final_Split/train/BacterialSpot/train_118_Bacterial Leaf Spot_91.JPG,BacterialSpot,Balanced_Final_Split/Balanced_Final_Split/train/BacterialSpot/train_718_Bacterial Leaf Spot_91.JPG,BacterialSpot,false
edf79dc9ba6b0ee8af109a29b56a0ac5d64544c6acb28b64e1c1537ded401bc6,Balanced_Final_Split/Balanced_Final_Split/train/BacterialSpot/train_119_Bacterial Leaf Spot_52.jpg,BacterialSpot,Balanced_Final_Split/Balanced_Final_Split/train/BacterialSpot/train_719_Bacterial Leaf Spot_52.jpg,BacterialSpot,false
f5e5147c790a7bec8c23c3bbb1d74b63b69a7ddd3e65a921ba17ec76ebda7160,Balanced_Final_Split/Balanced_Final_Split/train/BacterialSpot/train_120_Bacterial Leaf Spot_45.jpg,BacterialSpot,Balanced_Final_Split/Balanced_Final_Split/train/BacterialSpot/train_720_Bacterial Leaf Spot_45.jpg,BacterialSpot,false
b21de3c66f17a217921c07bc86128bd7a2ff80ccbb8fceace079e5696a182b66,Balanced_Final_Split/Balanced_Final_Split/train/BacterialSpot/train_121_Bacterial Leaf Spot_36.jpg,BacterialSpot,Balanced_Final_Split/Balanced_Final_Split/train/BacterialSpot/train_721_Bacterial Leaf Spot_36.jpg,BacterialSpot,false
40a783bbe55b7ef63d5d8305bda9adb1e110ca34c7a394e80f85a2908721917f,Balanced_Final_Split/Balanced_Final_Split/train/BacterialSpot/train_122_Bacterial Leaf Spot_47.jpg,BacterialSpot,Balanced_Final_Split/Balanced_Final_Split/train/BacterialSpot/train_722_Bacterial Leaf Spot_47.jpg,BacterialSpot,false
a79e95a4938b8a9a47abb2d64f0d52e6c9a26f8b5607074d388d45ec68698d41,Balanced_Final_Split/Balanced_Final_Split/train/BacterialSpot/train_123_Bacterial Leaf Spot_6.JPG,BacterialSpot,Balanced_Final_Split/Balanced_Final_Split/train/BacterialSpot/train_723_Bacterial Leaf Spot_6.JPG,BacterialSpot,false
ac270dc6c420d7cf7d37ae19e42cc6fa626b8d29be1cb36ab9710b859733f908,Balanced_Final_Split/Balanced_Final_Split/train/BacterialSpot/train_124_Bacterial Leaf Spot_95.png,BacterialSpot,Balanced_Final_Split/Balanced_Final_Split/train/BacterialSpot/train_724_Bacterial Leaf Spot_95.png,BacterialSpot,false
5eb098f9bf1fa3a782929da918adc06e0016c24789938e9e8ca21471268daf65,Balanced_Final_Split/Balanced_Final_Split/train/BacterialSpot/train_125_Bacterial Leaf Spot_64.jpg,BacterialSpot,Balanced_Final_Split/Balanced_Final_Split/train/BacterialSpot/train_725_Bacterial Leaf Spot_64.jpg,BacterialSpot,false
083c2d10a5feb7f55444977659989e26bd7bd96e24c5e344a7804455339528df,Balanced_Final_Split/Balanced_Final_Split/train/BacterialSpot/train_126_Bacterial Leaf Spot_98.png,BacterialSpot,Balanced_Final_Split/Balanced_Final_Split/train/BacterialSpot/train_726_Bacterial Leaf Spot_98.png,BacterialSpot,false
7e91f2bfbabe525db3e8dafc773c9617d64cc6e2c2c877b447212b22810e0a90,Balanced_Final_Split/Balanced_Final_Split/train/BacterialSpot/train_127_Bacterial Leaf Spot_41.jpg,BacterialSpot,Balanced_Final_Split/Balanced_Final_Split/train/BacterialSpot/train_727_Bacterial Leaf Spot_41.jpg,BacterialSpot,false
8cddc4651600ca8727f2000528386b8bea842bffad8302cea6d65c056dab1284,Balanced_Final_Split/Balanced_Final_Split/train/BacterialSpot/train_128_Bacterial Leaf Spot_11.jpg,BacterialSpot,Balanced_Final_Split/Balanced_Final_Split/train/BacterialSpot/train_728_Bacterial Leaf Spot_11.jpg,BacterialSpot,false
700fae72f4212d1fa0117ef193e4fdc8e225e6ce64a7cba42e79eea4c4553c71,Balanced_Final_Split/Balanced_Final_Split/train/BacterialSpot/train_129_Bacterial Leaf Spot_48.jpg,BacterialSpot,Balanced_Final_Split/Balanced_Final_Split/train/BacterialSpot/train_729_Bacterial Leaf Spot_48.jpg,BacterialSpot,false
bdbcc8c109ad18df34c9b56421cfc4d87628a7ac50edb9bfb5ca644882e9dec2,Balanced_Final_Split/Balanced_Final_Split/train/BacterialSpot/train_130_Bacterial Leaf Spot_23.jpg,BacterialSpot,Balanced_Final_Split/Balanced_Final_Split/train/BacterialSpot/train_730_Bacterial Leaf Spot_23.jpg,BacterialSpot,false
00fa5c51e773d243a906a8caf98992242bc93235f103e03870790b6760b969ef,Balanced_Final_Split/Balanced_Final_Split/train/BacterialSpot/train_131_Bacterial Leaf Spot_62.jpg,BacterialSpot,Balanced_Final_Split/Balanced_Final_Split/train/BacterialSpot/train_731_Bacterial Leaf Spot_62.jpg,BacterialSpot,false
2253f635d6142bedee6eeac8406ea1298840bb0e63893d36a6e82782fa2e2c4f,Balanced_Final_Split/Balanced_Final_Split/train/BacterialSpot/train_132_Bacterial Leaf Spot_74.jpg,BacterialSpot,Balanced_Final_Split/Balanced_Final_Split/train/BacterialSpot/train_732_Bacterial Leaf Spot_74.jpg,BacterialSpot,false
ec1a0b8d1387fcc576423f6cd88bbb712e0de0584902c9f676cd0a2ad08ba7c8,Balanced_Final_Split/Balanced_Final_Split/train/BacterialSpot/train_133_Bacterial Leaf Spot_78.png,BacterialSpot,Balanced_Final_Split/Balanced_Final_Split/train/BacterialSpot/train_733_Bacterial Leaf Spot_78.png,BacterialSpot,false
42c08161414f860e80aefbb40566b01ceb058e36e8009247c27d5713cb7d7493,Balanced_Final_Split/Balanced_Final_Split/train/BacterialSpot/train_134_Bacterial Leaf Spot_89.png,BacterialSpot,Balanced_Final_Split/Balanced_Final_Split/train/BacterialSpot/train_734_Bacterial Leaf Spot_89.png,BacterialSpot,false
61f115a2b0f530f0da633cfad72251565603aa0289d25583126718211fe84f5a,Balanced_Final_Split/Balanced_Final_Split/train/BacterialSpot/train_135_Bacterial Leaf Spot_59.jpg,BacterialSpot,Balanced_Final_Split/Balanced_Final_Split/train/BacterialSpot/train_735_Bacterial Leaf Spot_59.jpg,BacterialSpot,false
b81f9bac3a32b1f24335d69364eb61331024c8d7b1db6725d5217ddafee88b18,Balanced_Final_Split/Balanced_Final_Split/train/BacterialSpot/train_136_Bacterial Leaf Spot_8.jpg,BacterialSpot,Balanced_Final_Split/Balanced_Final_Split/train/BacterialSpot/train_736_Bacterial Leaf Spot_8.jpg,BacterialSpot,false
cfecba1708c73f6bb883caaa2c76695bbf11ac487004f48dc02bd0dd62ebbd7d,Balanced_Final_Split/Balanced_Final_Split/train/BacterialSpot/train_137_Bacterial Leaf Spot_67.jpg,BacterialSpot,Balanced_Final_Split/Balanced_Final_Split/train/BacterialSpot/train_737_Bacterial Leaf Spot_67.jpg,BacterialSpot,false
543d0bc962477bdeea644bf4852290cbe29f19c76ab49e7d832f9a129f5e3007,Balanced_Final_Split/Balanced_Final_Split/train/BacterialSpot/train_138_Bacterial Leaf Spot_1.png,BacterialSpot,Balanced_Final_Split/Balanced_Final_Split/train/BacterialSpot/train_738_Bacterial Leaf Spot_1.png,BacterialSpot,false
524e56a7bfd3ac0abc73ab5f8cc019402a954a9ba16f2aa70a5614f409c8bc23,Balanced_Final_Split/Balanced_Final_Split/train/BacterialSpot/train_139_Bacterial Leaf Spot_27.jpg,BacterialSpot,Balanced_Final_Split/Balanced_Final_Split/train/BacterialSpot/train_739_Bacterial Leaf Spot_27.jpg,BacterialSpot,false
25bbe777b81ec7f13532cf16a5ab1c347b251d7d5195d58bb38212cf29e7ffb3,Balanced_Final_Split/Balanced_Final_Split/train/BacterialSpot/train_140_Bacterial Leaf Spot_51.jpg,BacterialSpot,Balanced_Final_Split/Balanced_Final_Split/train/BacterialSpot/train_740_Bacterial Leaf Spot_51.jpg,BacterialSpot,false
7412e574b02dde0aac4b552dc7d8e60e86fb0cb43133f2198d6ffc2c7782daea,Balanced_Final_Split/Balanced_Final_Split/train/BacterialSpot/train_141_Bacterial Leaf Spot_38.jpg,BacterialSpot,Balanced_Final_Split/Balanced_Final_Split/train/BacterialSpot/train_741_Bacterial Leaf Spot_38.jpg,BacterialSpot,false
5d07d299f62448d49fdc5efd858ce897aee4b478c38e9510632bd93256e8ffd6,Balanced_Final_Split/Balanced_Final_Split/train/BacterialSpot/train_142_Bacterial Leaf Spot_54.JPG,BacterialSpot,Balanced_Final_Split/Balanced_Final_Split/train/BacterialSpot/train_742_Bacterial Leaf Spot_54.JPG,BacterialSpot,false
6db63e1fc69d0592b3ab948f2fa10e671e13a60685c0eebdb3bff8b222d4f41e,Balanced_Final_Split/Balanced_Final_Split/train/BacterialSpot/train_143_Bacterial Leaf Spot_55.jpg,BacterialSpot,Balanced_Final_Split/Balanced_Final_Split/train/BacterialSpot/train_743_Bacterial Leaf Spot_55.jpg,BacterialSpot,false
9a41d121cfe3e219ef96a400ecf5e47a3c556ce4f67a9329a9ff6531dc5e79a2,Balanced_Final_Split/Balanced_Final_Split/train/BacterialSpot/train_144_Bacterial Leaf Spot_33.jpg,BacterialSpot,Balanced_Final_Split/Balanced_Final_Split/train/BacterialSpot/train_744_Bacterial Leaf Spot_33.jpg,BacterialSpot,false
c7e3e9d11e4c0b02af3b5f2cec0c19a435d056e8dccbe42a6f61109a7444f5e5,Balanced_Final_Split/Balanced_Final_Split/train/BacterialSpot/train_145_Bacterial Leaf Spot_81.jpg,BacterialSpot,Balanced_Final_Split/Balanced_Final_Split/train/BacterialSpot/train_745_Bacterial Leaf Spot_81.jpg,BacterialSpot,false
4250276780d5913781a39abdf36b270fd529f4ee35cfd875df674ca4b6ce3caa,Balanced_Final_Split/Balanced_Final_Split/train/BacterialSpot/train_146_Bacterial Leaf Spot_76.jpg,BacterialSpot,Balanced_Final_Split/Balanced_Final_Split/train/BacterialSpot/train_746_Bacterial Leaf Spot_76.jpg,BacterialSpot,false
ca17e59f52883461a4a234db35d9ed0081ab662e4d34e4768f9ef9ef5e8f0be1,Balanced_Final_Split/Balanced_Final_Split/train/BacterialSpot/train_147_Bacterial Leaf Spot_75.jpg,BacterialSpot,Balanced_Final_Split/Balanced_Final_Split/train/BacterialSpot/train_747_Bacterial Leaf Spot_75.jpg,BacterialSpot,false
2c563ea124dfab83266cca88a6d62613350f1a8ae5a63e89a23916e11bce8e75,Balanced_Final_Split/Balanced_Final_Split/train/BacterialSpot/train_148_Bacterial Leaf Spot_22.jpg,BacterialSpot,Balanced_Final_Split/Balanced_Final_Split/train/BacterialSpot/train_748_Bacterial Leaf Spot_22.jpg,BacterialSpot,false
ccd0162b851e8a2432cfffbd0b10a745f3aef2ee799fdb5fe7654c321b65b056,Balanced_Final_Split/Balanced_Final_Split/train/BacterialSpot/train_149_Bacterial Leaf Spot_49.jpg,BacterialSpot,Balanced_Final_Split/Balanced_Final_Split/train/BacterialSpot/train_749_Bacterial Leaf Spot_49.jpg,BacterialSpot,false
188ba3776a3a2fd1008ab700182eb5694dab882ea158c2a9c722a529d60649bf,Balanced_Final_Split/Balanced_Final_Split/train/BacterialSpot/train_150_Bacterial Leaf Spot_9.jpg,BacterialSpot,Balanced_Final_Split/Balanced_Final_Split/train/BacterialSpot/train_750_Bacterial Leaf Spot_9.jpg,BacterialSpot,false
7fe6e965991fbc010a282392e52a2977bb0b5fc2d9ff3ffe08b39cb48a91d487,Balanced_Final_Split/Balanced_Final_Split/train/BacterialSpot/train_151_Bacterial Leaf Spot_61.jpg,BacterialSpot,Balanced_Final_Split/Balanced_Final_Split/train/BacterialSpot/train_751_Bacterial Leaf Spot_61.jpg,BacterialSpot,false
dbfe9502f34ccd302767daf54e5244b9004990c7a0a266d2b661d9f7df95d8c4,Balanced_Final_Split/Balanced_Final_Split/train/BacterialSpot/train_152_Bacterial Leaf Spot_17.jpg,BacterialSpot,Balanced_Final_Split/Balanced_Final_Split/train/BacterialSpot/train_752_Bacterial Leaf Spot_17.jpg,BacterialSpot,false
343c23d396d0726196e394dfd4ea1413deafcaf5b93935ae7a39b869b273057a,Balanced_Final_Split/Balanced_Final_Split/train/BacterialSpot/train_153_Bacterial Leaf Spot_66.JPG,BacterialSpot,Balanced_Final_Split/Balanced_Final_Split/train/BacterialSpot/train_753_Bacterial Leaf Spot_66.JPG,BacterialSpot,false
2c7106acc0b2b4c2593da29fda3af21759165637596952ee14d248b102e66e2f,Balanced_Final_Split/Balanced_Final_Split/train/BacterialSpot/train_154_Bacterial Leaf Spot_31.jpg,BacterialSpot,Balanced_Final_Split/Balanced_Final_Split/train/BacterialSpot/train_754_Bacterial Leaf Spot_31.jpg,BacterialSpot,false
b40ba9a877719788234671ff9f5e75149193aca424c30bb083ffa69d825bd61b,Balanced_Final_Split/Balanced_Final_Split/train/BacterialSpot/train_155_Bacterial Leaf Spot_53.jpg,BacterialSpot,Balanced_Final_Split/Balanced_Final_Split/train/BacterialSpot/train_755_Bacterial Leaf Spot_53.jpg,BacterialSpot,false
891fed7e3eb23f4cbda00a9c7797dcdbd941a6be71f084013d80356cad9416e8,Balanced_Final_Split/Balanced_Final_Split/train/BacterialSpot/train_156_Bacterial Leaf Spot_73.jpg,BacterialSpot,Balanced_Final_Split/Balanced_Final_Split/train/BacterialSpot/train_756_Bacterial Leaf Spot_73.jpg,BacterialSpot,false
dae6bb6cf4b09da7f506c90868ee475b4406e5c1d1bf15511561c229869e28df,Balanced_Final_Split/Balanced_Final_Split/train/BacterialSpot/train_157_Bacterial Leaf Spot_83.jpg,BacterialSpot,Balanced_Final_Split/Balanced_Final_Split/train/BacterialSpot/train_757_Bacterial Leaf Spot_83.jpg,BacterialSpot,false
ded1c182c3aad5be2730ba6bf8d1c3de106aa6162174750ff4f3d6fa0c6d8b33,Balanced_Final_Split/Balanced_Final_Split/train/BacterialSpot/train_158_Bacterial Leaf Spot_37.jpg,BacterialSpot,Balanced_Final_Split/Balanced_Final_Split/train/BacterialSpot/train_758_Bacterial Leaf Spot_37.jpg,BacterialSpot,false
16944d7851be53b972d790fbbd30182310e67179b0fe3dfe285ee0157d9ca80e,Balanced_Final_Split/Balanced_Final_Split/train/BacterialSpot/train_159_Bacterial Leaf Spot_77.jpg,BacterialSpot,Balanced_Final_Split/Balanced_Final_Split/train/BacterialSpot/train_759_Bacterial Leaf Spot_77.jpg,BacterialSpot,false
9eb76aaf42a0f7fd7a34870e7ec49643100d1304f0da96755bb5095e592d53ac,Balanced_Final_Split/Balanced_Final_Split/train/BacterialSpot/train_160_Bacterial Leaf Spot_39.jpg,BacterialSpot,Balanced_Final_Split/Balanced_Final_Split/train/BacterialSpot/train_760_Bacterial Leaf Spot_39.jpg,BacterialSpot,false
d4e31d7a7fb6d377ffd861836f4497ecc1a6c7770006af58c45b7d4a8e7b68b7,Balanced_Final_Split/Balanced_Final_Split/train/BacterialSpot/train_161_Bacterial Leaf Spot_20.jpg,BacterialSpot,Balanced_Final_Split/Balanced_Final_Split/train/BacterialSpot/train_761_Bacterial Leaf Spot_20.jpg,BacterialSpot,false
27313983b12fe78a51dbf6151bf46ed2a747de8663a49f0257a2819ccb106b16,Balanced_Final_Split/Balanced_Final_Split/train/BacterialSpot/train_162_Bacterial Leaf Spot_21.jpg,BacterialSpot,Balanced_Final_Split/Balanced_Final_Split/train/BacterialSpot/train_762_Bacterial Leaf Spot_21.jpg,BacterialSpot,false
81c640e1c88a7076b74a3afac3149ff595fdd659399043a1b60cc129a1ca6ffb,Balanced_Final_Split/Balanced_Final_Split/train/BacterialSpot/train_163_Bacterial Leaf Spot_82.jpg,BacterialSpot,Balanced_Final_Split/Balanced_Final_Split/train/BacterialSpot/train_763_Bacterial Leaf Spot_82.jpg,BacterialSpot,false
1c0f3ff1708eb91af79db1214e938cb8118b32fee971f0e159bb6157a30db313,Balanced_Final_Split/Balanced_Final_Split/train/BacterialSpot/train_164_Bacterial Leaf Spot_97.png,BacterialSpot,Balanced_Final_Split/Balanced_Final_Split/train/BacterialSpot/train_764_Bacterial Leaf Spot_97.png,BacterialSpot,false
a71686388126ee763e0bb21e4fdfd2f8abb090afebc553a0abee1a209eceae46,Balanced_Final_Split/Balanced_Final_Split/train/BacterialSpot/train_165_Bacterial Leaf Spot_34.jpg,BacterialSpot,Balanced_Final_Split/Balanced_Final_Split/train/BacterialSpot/train_765_Bacterial Leaf Spot_34.jpg,BacterialSpot,false
cc42348f5dfe6b982afbb28b203b4298adfbae916cb032d669f5357f5c8378ab,Balanced_Final_Split/Balanced_Final_Split/train/BacterialSpot/train_166_Bacterial Leaf Spot_94.png,BacterialSpot,Balanced_Final_Split/Balanced_Final_Split/train/BacterialSpot/train_766_Bacterial Leaf Spot_94.png,BacterialSpot,false
52450f9b9815d691942352c25ce5edecf24e9af7a7d7864369f582ad09392a1f,Balanced_Final_Split/Balanced_Final_Split/train/BacterialSpot/train_167_Bacterial Leaf Spot_58.jpg,BacterialSpot,Balanced_Final_Split/Balanced_Final_Split/train/BacterialSpot/train_767_Bacterial Leaf Spot_58.jpg,BacterialSpot,false
ba9cd3863eee0452d9cfc17503f7318fb9de022094aa74a96e3a93aa0fe4a30d,Balanced_Final_Split/Balanced_Final_Split/train/BacterialSpot/train_168_Bacterial Leaf Spot_14.jpg,BacterialSpot,Balanced_Final_Split/Balanced_Final_Split/train/BacterialSpot/train_768_Bacterial Leaf Spot_14.jpg,BacterialSpot,false
e5da3a0c7873491eaa12e2e1c3e9e4780f69808313b21bb7d2dd6fa49b99dd35,Balanced_Final_Split/Balanced_Final_Split/train/BacterialSpot/train_169_Bacterial Leaf Spot_35.JPG,BacterialSpot,Balanced_Final_Split/Balanced_Final_Split/train/BacterialSpot/train_769_Bacterial Leaf Spot_35.JPG,BacterialSpot,false
7b2c5c1f50898b852b05035c64fd4220f89fa4b3ad1586873b52d087ab8d1044,Balanced_Final_Split/Balanced_Final_Split/train/BacterialSpot/train_170_Bacterial Leaf Spot_100.png,BacterialSpot,Balanced_Final_Split/Balanced_Final_Split/train/BacterialSpot/train_770_Bacterial Leaf Spot_100.png,BacterialSpot,false
4c6d551fe01739891a97782e6b86e2e30ed1a80dc84493af080efc6a2d08a00d,Balanced_Final_Split/Balanced_Final_Split/train/BacterialSpot/train_171_Bacterial Leaf Spot_5.jpg,BacterialSpot,Balanced_Final_Split/Balanced_Final_Split/train/BacterialSpot/train_771_Bacterial Leaf Spot_5.jpg,BacterialSpot,false
7636b76cd9b7540a82ab7e78df4da39d0fda15997c031cb5411b74bf9acf9058,Balanced_Final_Split/Balanced_Final_Split/train/BacterialSpot/train_172_Bacterial Leaf Spot_72.jpg,BacterialSpot,Balanced_Final_Split/Balanced_Final_Split/train/BacterialSpot/train_772_Bacterial Leaf Spot_72.jpg,BacterialSpot,false
2778e903ba21970f1dbd37496e0923f31d177482f04c42ab693b8f0c10bdcb6a,Balanced_Final_Split/Balanced_Final_Split/train/BacterialSpot/train_173_Bacterial Leaf Spot_3.png,BacterialSpot,Balanced_Final_Split/Balanced_Final_Split/train/BacterialSpot/train_773_Bacterial Leaf Spot_3.png,BacterialSpot,false
0dfa0ace3d3f93ac29f4554d206813930a160e22d3384e29bb17099fdafbbdd2,Balanced_Final_Split/Balanced_Final_Split/train/BacterialSpot/train_174_Bacterial Leaf Spot_68.JPG,BacterialSpot,Balanced_Final_Split/Balanced_Final_Split/train/BacterialSpot/train_774_Bacterial Leaf Spot_68.JPG,BacterialSpot,false
dc926377b96ebb0fcf8baa584b8ecd9613b7827493caae919bace5f8d7300df9,Balanced_Final_Split/Balanced_Final_Split/train/BacterialSpot/train_175_Bacterial Leaf Spot_13.JPG,BacterialSpot,Balanced_Final_Split/Balanced_Final_Split/train/BacterialSpot/train_775_Bacterial Leaf Spot_13.JPG,BacterialSpot,false
bfa03dae8a2cf027d3f633e1af999962675fd3ed3a098db5c1e8b5f66e668eaa,Balanced_Final_Split/Balanced_Final_Split/train/BacterialSpot/train_176_Bacterial Leaf Spot_40.jpg,BacterialSpot,Balanced_Final_Split/Balanced_Final_Split/train/BacterialSpot/train_776_Bacterial Leaf Spot_40.jpg,BacterialSpot,false
e809389e98656cbe994188f5a76a3588b75b5d04826af8c422d91cda3bd5b530,Balanced_Final_Split/Balanced_Final_Split/train/BacterialSpot/train_177_Bacterial Leaf Spot_86.png,BacterialSpot,Balanced_Final_Split/Balanced_Final_Split/train/BacterialSpot/train_777_Bacterial Leaf Spot_86.png,BacterialSpot,false
ca7a320adbf52f800709a0f9f87d228d077d779f09b3aa2fa3ad61e49343096b,Balanced_Final_Split/Balanced_Final_Split/train/BacterialSpot/train_178_Bacterial Leaf Spot_99.png,BacterialSpot,Balanced_Final_Split/Balanced_Final_Split/train/BacterialSpot/train_778_Bacterial Leaf Spot_99.png,BacterialSpot,false
81a1302a55404647cdf0f378b9916d57122187074274ab74886f130def9c471b,Balanced_Final_Split/Balanced_Final_Split/train/BacterialSpot/train_179_Bacterial Leaf Spot_92.png,BacterialSpot,Balanced_Final_Split/Balanced_Final_Split/train/BacterialSpot/train_779_Bacterial Leaf Spot_92.png,BacterialSpot,false
20cdf7fc69458337fd419afd005d2d1fafb4cf7ec49aa6d350430ea62a5cec84,Balanced_Final_Split/Balanced_Final_Split/train/BacterialSpot/train_180_Bacterial Leaf Spot_79.JPG,BacterialSpot,Balanced_Final_Split/Balanced_Final_Split/train/BacterialSpot/train_780_Bacterial Leaf Spot_79.JPG,BacterialSpot,false
656e5b3ec55a3a761f2d4ebc8f288922a0a098ca5e864fc30b4ca594bb6f7b00,Balanced_Final_Split/Balanced_Final_Split/train/BacterialSpot/train_181_Bacterial Leaf Spot_44.jpg,BacterialSpot,Balanced_Final_Split/Balanced_Final_Split/train/BacterialSpot/train_781_Bacterial Leaf Spot_44.jpg,BacterialSpot,false
f9f30ea50c894e5934e75d927d9784340a4946afb937f5c350b82ad9cadc565f,Balanced_Final_Split/Balanced_Final_Split/train/BacterialSpot/train_182_Bacterial Leaf Spot_42.JPG,BacterialSpot,Balanced_Final_Split/Balanced_Final_Split/train/BacterialSpot/train_782_Bacterial Leaf Spot_42.JPG,BacterialSpot,false
6bcdd8797249280bc41ec23a12eb238839f2741cb89001a4d6012a741e16ba0f,Balanced_Final_Split/Balanced_Final_Split/train/BacterialSpot/train_183_Bacterial Leaf Spot_12.jpg,BacterialSpot,Balanced_Final_Split/Balanced_Final_Split/train/BacterialSpot/train_783_Bacterial Leaf Spot_12.jpg,BacterialSpot,false
6c0217567368b6fe8da3edc6f153c95f8a704cdd4b6715b11c65c82900d1fef8,Balanced_Final_Split/Balanced_Final_Split/train/BacterialSpot/train_184_Bacterial Leaf Spot_7.jpg,BacterialSpot,Balanced_Final_Split/Balanced_Final_Split/train/BacterialSpot/train_784_Bacterial Leaf Spot_7.jpg,BacterialSpot,false
87333d024631a6b7d859b3d4a1f20ce94bd247f53d486ee3e0f3c66475a9784e,Balanced_Final_Split/Balanced_Final_Split/train/BacterialSpot/train_185_Bacterial Leaf Spot_19.jpg,BacterialSpot,Balanced_Final_Split/Balanced_Final_Split/train/BacterialSpot/train_785_Bacterial Leaf Spot_19.jpg,BacterialSpot,false
a1d1d9d039a018fd0376bf743167030798455dc426fa69b4a5bc1f1cbcc92d38,Balanced_Final_Split/Balanced_Final_Split/train/BacterialSpot/train_186_Bacterial Leaf Spot_69.jpg,BacterialSpot,Balanced_Final_Split/Balanced_Final_Split/train/BacterialSpot/train_786_Bacterial Leaf Spot_69.jpg,BacterialSpot,false
e0f3ebf7a703716725bcde8e3a6e0dcccbb53a3fd4dd74056cc486a2137ecfc1,Balanced_Final_Split/Balanced_Final_Split/train/BacterialSpot/train_187_Bacterial Leaf Spot_90.jpg,BacterialSpot,Balanced_Final_Split/Balanced_Final_Split/train/BacterialSpot/train_787_Bacterial Leaf Spot_90.jpg,BacterialSpot,false
fa32de25a594ba7e9d852cf105ec61a8e93512f65d6b57d27d926453e525f4d2,Balanced_Final_Split/Balanced_Final_Split/train/BacterialSpot/train_188_Bacterial Leaf Spot_26.jpg,BacterialSpot,Balanced_Final_Split/Balanced_Final_Split/train/BacterialSpot/train_788_Bacterial Leaf Spot_26.jpg,BacterialSpot,false
1eb327625e09ae369947c8258b79462b0d1b6473b2f8093dbd5de58174239338,Balanced_Final_Split/Balanced_Final_Split/train/BacterialSpot/train_189_Bacterial Leaf Spot_84.jpg,BacterialSpot,Balanced_Final_Split/Balanced_Final_Split/train/BacterialSpot/train_789_Bacterial Leaf Spot_84.jpg,BacterialSpot,false
579b62629077528cfbd8ea93919a0cb0855b5ca7c2695510c2f4f2063ee12f8d,Balanced_Final_Split/Balanced_Final_Split/train/BacterialSpot/train_190_Bacterial Leaf Spot_10.jpg,BacterialSpot,Balanced_Final_Split/Balanced_Final_Split/train/BacterialSpot/train_790_Bacterial Leaf Spot_10.jpg,BacterialSpot,false
7efaf71f514e87a0edc997f53d63e9142c8e4ab4aa5e566ff9841e0ca4de1889,Balanced_Final_Split/Balanced_Final_Split/train/BacterialSpot/train_191_Bacterial Leaf Spot_28.jpg,BacterialSpot,Balanced_Final_Split/Balanced_Final_Split/train/BacterialSpot/train_791_Bacterial Leaf Spot_28.jpg,BacterialSpot,false
49d3f803e90e951c6098c2489dc1d678a2cbf0a14a35d1176e04908626d92b11,Balanced_Final_Split/Balanced_Final_Split/train/BacterialSpot/train_192_Bacterial Leaf Spot_32.jpg,BacterialSpot,Balanced_Final_Split/Balanced_Final_Split/train/BacterialSpot/train_792_Bacterial Leaf Spot_32.jpg,BacterialSpot,false
b79cb7604423a4729115f828d2348a0b58f46e16f804501a98bffb8c8739725d,Balanced_Final_Split/Balanced_Final_Split/train/BacterialSpot/train_193_Bacterial Leaf Spot_43.jpg,BacterialSpot,Balanced_Final_Split/Balanced_Final_Split/train/BacterialSpot/train_793_Bacterial Leaf Spot_43.jpg,BacterialSpot,false
e6e035474e7061846c23b9115f7e825d352fc495bb5dbc889a28c20472254ffd,Balanced_Final_Split/Balanced_Final_Split/train/BacterialSpot/train_194_Bacterial Leaf Spot_46.JPG,BacterialSpot,Balanced_Final_Split/Balanced_Final_Split/train/BacterialSpot/train_794_Bacterial Leaf Spot_46.JPG,BacterialSpot,false
29c45bfc0660398958899305456a99ff0903456421684a8574cce267861f12c7,Balanced_Final_Split/Balanced_Final_Split/train/BacterialSpot/train_195_Bacterial Leaf Spot_50.jpg,BacterialSpot,Balanced_Final_Split/Balanced_Final_Split/train/BacterialSpot/train_795_Bacterial Leaf Spot_50.jpg,BacterialSpot,false
ed974a097d536e74e82a46747be614316b3c064b1483391792992e8db6cd1f8c,Balanced_Final_Split/Balanced_Final_Split/train/BacterialSpot/train_196_Bacterial Leaf Spot_4.jpg,BacterialSpot,Balanced_Final_Split/Balanced_Final_Split/train/BacterialSpot/train_796_Bacterial Leaf Spot_4.jpg,BacterialSpot,false
aa91ec05d62589f874b28ac34d383b253fa444bd01ce94b7b800a7ec3414251c,Balanced_Final_Split/Balanced_Final_Split/train/BacterialSpot/train_197_Bacterial Leaf Spot_18.JPG,BacterialSpot,Balanced_Final_Split/Balanced_Final_Split/train/BacterialSpot/train_797_Bacterial Leaf Spot_18.JPG,BacterialSpot,false
a29ded8b17e73a44161fa33fe79ca64a87747b9e9a2fcce8467527b3f32ceae2,Balanced_Final_Split/Balanced_Final_Split/train/BacterialSpot/train_198_Bacterial Leaf Spot_29.jpg,BacterialSpot,Balanced_Final_Split/Balanced_Final_Split/train/BacterialSpot/train_798_Bacterial Leaf Spot_29.jpg,BacterialSpot,false
b81e72d682d801d3adfac066cac4627012d80e3c0a9f83296e76e88dacf601ce,Balanced_Final_Split/Balanced_Final_Split/train/BacterialSpot/train_199_Bacterial Leaf Spot_96.png,BacterialSpot,Balanced_Final_Split/Balanced_Final_Split/train/BacterialSpot/train_799_Bacterial Leaf Spot_96.png,BacterialSpot,false
1a44a1a9dca584fb2338b5001199bb608a717f33cc6b7daf5fdeb4d1fb90ba0e,Balanced_Final_Split/Balanced_Final_Split/train/BacterialSpot/train_200_Bacterial Leaf Spot_57.JPG,BacterialSpot,Balanced_Final_Split/Balanced_Final_Split/train/BacterialSpot/train_800_Bacterial Leaf Spot_57.JPG,BacterialSpot,false
0e203be326b46485c388721894763b2b65a15fdfe86cfb446f401bc5cdbf7f85,Balanced_Final_Split/Balanced_Final_Split/train/BacterialSpot/train_201_Bacterial Leaf Spot_56.jpg,BacterialSpot,Balanced_Final_Split/Balanced_Final_Split/train/BacterialSpot/train_801_Bacterial Leaf Spot_56.jpg,BacterialSpot,false
2821333f6338a1ff2e8b258b3c79b93c091bee0f97432a14695ce31bc5bfc852,Balanced_Final_Split/Balanced_Final_Split/train/BacterialSpot/train_202_Bacterial Leaf Spot_15.jpg,BacterialSpot,Balanced_Final_Split/Balanced_Final_Split/train/BacterialSpot/train_802_Bacterial Leaf Spot_15.jpg,BacterialSpot,false
efb198de037b1542e4f62f5362203792d7ad7ed04fd10ea7eb7517a2979645a5,Balanced_Final_Split/Balanced_Final_Split/train/BacterialSpot/train_203_Bacterial Leaf Spot_24.png,BacterialSpot,Balanced_Final_Split/Balanced_Final_Split/train/BacterialSpot/train_803_Bacterial Leaf Spot_24.png,BacterialSpot,false
30bfb147b66681678a05e16ea06027befc59368733a9995235b3ce3b94263409,Balanced_Final_Split/Balanced_Final_Split/train/BacterialSpot/train_204_Bacterial Leaf Spot_80.jpg,BacterialSpot,Balanced_Final_Split/Balanced_Final_Split/train/BacterialSpot/train_804_Bacterial Leaf Spot_80.jpg,BacterialSpot,false
d5a1a5e469d765ad159da0c87e469d298a308f863a282fd8e783866dbfa9af68,Balanced_Final_Split/Balanced_Final_Split/train/BacterialSpot/train_205_Bacterial Leaf Spot_65.jpg,BacterialSpot,Balanced_Final_Split/Balanced_Final_Split/train/BacterialSpot/train_805_Bacterial Leaf Spot_65.jpg,BacterialSpot,false
2722d32dec3c5a2b46ef126b8d387d801277ec2dc53062ba7918b8a6bdae8e60,Balanced_Final_Split/Balanced_Final_Split/train/BacterialSpot/train_206_Bacterial Leaf Spot_16.jpg,BacterialSpot,Balanced_Final_Split/Balanced_Final_Split/train/BacterialSpot/train_806_Bacterial Leaf Spot_16.jpg,BacterialSpot,false
7a5259bbfded8256d1445ff3327f9761f16344640fdab01b1bd2272f9b7802f0,Balanced_Final_Split/Balanced_Final_Split/train/BacterialSpot/train_207_Bacterial Leaf Spot_85.png,BacterialSpot,Balanced_Final_Split/Balanced_Final_Split/train/BacterialSpot/train_807_Bacterial Leaf Spot_85.png,BacterialSpot,false
7cec37861362ea1da37f815d5ceb334e28a8c09f42eee3a2b4543853791645c9,Balanced_Final_Split/Balanced_Final_Split/train/BacterialSpot/train_208_Bacterial Leaf Spot_30.JPG,BacterialSpot,Balanced_Final_Split/Balanced_Final_Split/train/BacterialSpot/train_808_Bacterial Leaf Spot_30.JPG,BacterialSpot,false
842c533254be7926ef18756fba71fc94c6ff9f718f401fa91e69697c39b00832,Balanced_Final_Split/Balanced_Final_Split/train/BacterialSpot/train_209_Bacterial Leaf Spot_93.png,BacterialSpot,Balanced_Final_Split/Balanced_Final_Split/train/BacterialSpot/train_809_Bacterial Leaf Spot_93.png,BacterialSpot,false
846f1f001ab52f671f92cae855cf5bf84914194f4e46b5eb8550c44be04c335b,Balanced_Final_Split/Balanced_Final_Split/train/BacterialSpot/train_210_Bacterial Leaf Spot_88.png,BacterialSpot,Balanced_Final_Split/Balanced_Final_Split/train/BacterialSpot/train_810_Bacterial Leaf Spot_88.png,BacterialSpot,false
707acaa21dec83d8739eac5cdc26a12f57507ab6da6a1f64b424abd5a1a25560,Balanced_Final_Split/Balanced_Final_Split/train/BacterialSpot/train_211_Bacterial Leaf Spot_25.jpg,BacterialSpot,Balanced_Final_Split/Balanced_Final_Split/train/BacterialSpot/train_811_Bacterial Leaf Spot_25.jpg,BacterialSpot,false
ef62135dc792468d537f4b6b49a6d28791d4118536f9c62807205dae9e90311a,Balanced_Final_Split/Balanced_Final_Split/train/BacterialSpot/train_212_Bacterial Leaf Spot_70.jpg,BacterialSpot,Balanced_Final_Split/Balanced_Final_Split/train/BacterialSpot/train_812_Bacterial Leaf Spot_70.jpg,BacterialSpot,false
0621b8cbae7cc198d0f8adc8b3c0ed72b477d5e50b15109faa3bcd85a08ff0f0,Balanced_Final_Split/Balanced_Final_Split/train/BacterialSpot/train_213_Bacterial Leaf Spot_71.jpg,BacterialSpot,Balanced_Final_Split/Balanced_Final_Split/train/BacterialSpot/train_813_Bacterial Leaf Spot_71.jpg,BacterialSpot,false
ea8288aab2b839cb4cd497c3cfe53aa17e70a65b83cd12a672a7b2f1bcf63588,Balanced_Final_Split/Balanced_Final_Split/train/BacterialSpot/train_214_Bacterial Leaf Spot_87.png,BacterialSpot,Balanced_Final_Split/Balanced_Final_Split/train/BacterialSpot/train_814_Bacterial Leaf Spot_87.png,BacterialSpot,false
3720fba2a300743a90913a65852040d5485a1b8376ab7ecf0b5cb10d55b51cb8,Balanced_Final_Split/Balanced_Final_Split/train/BacterialSpot/train_215_Bacterial Leaf Spot_60.jpg,BacterialSpot,Balanced_Final_Split/Balanced_Final_Split/train/BacterialSpot/train_815_Bacterial Leaf Spot_60.jpg,BacterialSpot,false
431376251d6382c82e449f1b5c8838046bd8c1a7633d98aeb9b128aab151c253,Balanced_Final_Split/Balanced_Final_Split/train/BacterialSpot/train_216_Bacterial Leaf Spot_63.jpg,BacterialSpot,Balanced_Final_Split/Balanced_Final_Split/train/BacterialSpot/train_816_Bacterial Leaf Spot_63.jpg,BacterialSpot,false
3f8bf380aa3fa5b6fd04d96fb6e512a5a41d5b675770aee370597ddae6f6d8f6,Balanced_Final_Split/Balanced_Final_Split/train/BacterialSpot/train_217_Bacterial Leaf Spot_2.jpg,BacterialSpot,Balanced_Final_Split/Balanced_Final_Split/train/BacterialSpot/train_817_Bacterial Leaf Spot_2.jpg,BacterialSpot,false
0fcd48275e11d0c1132c035d2470a5e6a70b6e1fd3c34dd3c49c8b4f77c144fe,Balanced_Final_Split/Balanced_Final_Split/train/BacterialSpot/train_218_Bacterial Leaf Spot_91.JPG,BacterialSpot,Balanced_Final_Split/Balanced_Final_Split/train/BacterialSpot/train_818_Bacterial Leaf Spot_91.JPG,BacterialSpot,false
b3b9107500142ba68767d9efd247650d599cbda2f1c31bce3ca41a35de6d328e,Balanced_Final_Split/Balanced_Final_Split/train/BacterialSpot/train_219_Bacterial Leaf Spot_52.jpg,BacterialSpot,Balanced_Final_Split/Balanced_Final_Split/train/BacterialSpot/train_819_Bacterial Leaf Spot_52.jpg,BacterialSpot,false
95460998000cad9fd45e1670170a0a94aa1f0c78a81439fa8bacf98d1ce210f1,Balanced_Final_Split/Balanced_Final_Split/train/BacterialSpot/train_220_Bacterial Leaf Spot_45.jpg,BacterialSpot,Balanced_Final_Split/Balanced_Final_Split/train/BacterialSpot/train_820_Bacterial Leaf Spot_45.jpg,BacterialSpot,false
7a01936c51dae7e9ccedec6a3310e90ba03b88acc8c4ec595abc26f069e197c1,Balanced_Final_Split/Balanced_Final_Split/train/BacterialSpot/train_221_Bacterial Leaf Spot_36.jpg,BacterialSpot,Balanced_Final_Split/Balanced_Final_Split/train/BacterialSpot/train_821_Bacterial Leaf Spot_36.jpg,BacterialSpot,false
5c38a2b630a458b7581a949039fdf1e248c4d6ef5da02870608fac00c754afd0,Balanced_Final_Split/Balanced_Final_Split/train/BacterialSpot/train_222_Bacterial Leaf Spot_47.jpg,BacterialSpot,Balanced_Final_Split/Balanced_Final_Split/train/BacterialSpot/train_822_Bacterial Leaf Spot_47.jpg,BacterialSpot,false
0c124021812e39445343d4c9a19eb0fc425e5f6c83583ea8d854082110145e76,Balanced_Final_Split/Balanced_Final_Split/train/BacterialSpot/train_223_Bacterial Leaf Spot_6.JPG,BacterialSpot,Balanced_Final_Split/Balanced_Final_Split/train/BacterialSpot/train_823_Bacterial Leaf Spot_6.JPG,BacterialSpot,false
6caf89eaa91b76dbe5adb80a348c2d64c783e07024d5a73fede415b6575592c6,Balanced_Final_Split/Balanced_Final_Split/train/BacterialSpot/train_224_Bacterial Leaf Spot_95.png,BacterialSpot,Balanced_Final_Split/Balanced_Final_Split/train/BacterialSpot/train_824_Bacterial Leaf Spot_95.png,BacterialSpot,false
9fc8a554bc075b39f246009945b4a7c9f2eff52ed594caceebae902789031a34,Balanced_Final_Split/Balanced_Final_Split/train/BacterialSpot/train_225_Bacterial Leaf Spot_64.jpg,BacterialSpot,Balanced_Final_Split/Balanced_Final_Split/train/BacterialSpot/train_825_Bacterial Leaf Spot_64.jpg,BacterialSpot,false
ffdfca73f2d5d3f6c8a0e226aca95db45769875f9dfa47199ccb0425efbc1d7d,Balanced_Final_Split/Balanced_Final_Split/train/BacterialSpot/train_226_Bacterial Leaf Spot_98.png,BacterialSpot,Balanced_Final_Split/Balanced_Final_Split/train/BacterialSpot/train_826_Bacterial Leaf Spot_98.png,BacterialSpot,false
2fe6c86b57b7ab97ed343c50515d720c7fd047453316638d555e3c2a3383bf4e,Balanced_Final_Split/Balanced_Final_Split/train/BacterialSpot/train_227_Bacterial Leaf Spot_41.jpg,BacterialSpot,Balanced_Final_Split/Balanced_Final_Split/train/BacterialSpot/train_827_Bacterial Leaf Spot_41.jpg,BacterialSpot,false
df19c2a8b1e4d8cf338d6148d9af94669b31c93f6ccc5406a73c71e397e151f0,Balanced_Final_Split/Balanced_Final_Split/train/BacterialSpot/train_228_Bacterial Leaf Spot_11.jpg,BacterialSpot,Balanced_Final_Split/Balanced_Final_Split/train/BacterialSpot/train_828_Bacterial Leaf Spot_11.jpg,BacterialSpot,false
92d3f5414138f49a185158b3ebc992c72d705d38650a9e00314fd8211069f7c3,Balanced_Final_Split/Balanced_Final_Split/train/BacterialSpot/train_229_Bacterial Leaf Spot_48.jpg,BacterialSpot,Balanced_Final_Split/Balanced_Final_Split/train/BacterialSpot/train_829_Bacterial Leaf Spot_48.jpg,BacterialSpot,false
e50692dc13bfc752796945595eaaceb28080c28153076f0bac4ec3a8574ac203,Balanced_Final_Split/Balanced_Final_Split/train/BacterialSpot/train_230_Bacterial Leaf Spot_23.jpg,BacterialSpot,Balanced_Final_Split/Balanced_Final_Split/train/BacterialSpot/train_830_Bacterial Leaf Spot_23.jpg,BacterialSpot,false
55b72aae86e69b6b5bee1360fbdbf89972a5e4868d4e5526b79af7f7255f49d1,Balanced_Final_Split/Balanced_Final_Split/train/BacterialSpot/train_231_Bacterial Leaf Spot_62.jpg,BacterialSpot,Balanced_Final_Split/Balanced_Final_Split/train/BacterialSpot/train_831_Bacterial Leaf Spot_62.jpg,BacterialSpot,false
09f4dc816b11120ef35a000cf6ddccb592fc2f948f61fded058328b1930c1dd7,Balanced_Final_Split/Balanced_Final_Split/train/BacterialSpot/train_232_Bacterial Leaf Spot_74.jpg,BacterialSpot,Balanced_Final_Split/Balanced_Final_Split/train/BacterialSpot/train_832_Bacterial Leaf Spot_74.jpg,BacterialSpot,false
c09fd0339190116d6b2a6de75a9c977926e569729645d8a3b988dfd8aabe9b3a,Balanced_Final_Split/Balanced_Final_Split/train/BacterialSpot/train_233_Bacterial Leaf Spot_78.png,BacterialSpot,Balanced_Final_Split/Balanced_Final_Split/train/BacterialSpot/train_833_Bacterial Leaf Spot_78.png,BacterialSpot,false
76d3574864b1c32384600995c9a414b319f8fc81de22ce21e193afa2980eb833,Balanced_Final_Split/Balanced_Final_Split/train/BacterialSpot/train_234_Bacterial Leaf Spot_89.png,BacterialSpot,Balanced_Final_Split/Balanced_Final_Split/train/BacterialSpot/train_834_Bacterial Leaf Spot_89.png,BacterialSpot,false
6ea6bb5216b28028d882dfa767b83a92e24c92824bc923d2b2f03e3d07b79083,Balanced_Final_Split/Balanced_Final_Split/train/BacterialSpot/train_235_Bacterial Leaf Spot_59.jpg,BacterialSpot,Balanced_Final_Split/Balanced_Final_Split/train/BacterialSpot/train_835_Bacterial Leaf Spot_59.jpg,BacterialSpot,false
87c8ac2aed7334e0ba0e1d3022b2c4f942ffaa7bc91a0bdb8fabaeb2d242db94,Balanced_Final_Split/Balanced_Final_Split/train/BacterialSpot/train_236_Bacterial Leaf Spot_8.jpg,BacterialSpot,Balanced_Final_Split/Balanced_Final_Split/train/BacterialSpot/train_836_Bacterial Leaf Spot_8.jpg,BacterialSpot,false
0562ca0037fdf794a886d1e95a86a5d0bcabbb986d037b81de112f8dc6dc5db8,Balanced_Final_Split/Balanced_Final_Split/train/BacterialSpot/train_237_Bacterial Leaf Spot_67.jpg,BacterialSpot,Balanced_Final_Split/Balanced_Final_Split/train/BacterialSpot/train_837_Bacterial Leaf Spot_67.jpg,BacterialSpot,false
2cd07f50a6c8899810b1f75bb79552bc3531a8cef454958561414adb93efa7a5,Balanced_Final_Split/Balanced_Final_Split/train/BacterialSpot/train_238_Bacterial Leaf Spot_1.png,BacterialSpot,Balanced_Final_Split/Balanced_Final_Split/train/BacterialSpot/train_838_Bacterial Leaf Spot_1.png,BacterialSpot,false
fb9d83293df174030488c793d4674ba6cd210d9f0cfc675012ab23b12f70d342,Balanced_Final_Split/Balanced_Final_Split/train/BacterialSpot/train_239_Bacterial Leaf Spot_27.jpg,BacterialSpot,Balanced_Final_Split/Balanced_Final_Split/train/BacterialSpot/train_839_Bacterial Leaf Spot_27.jpg,BacterialSpot,false
00306ea907cf79cb43cb8d901aea953d89dec4039865b9b61bea5dd97b3c6009,Balanced_Final_Split/Balanced_Final_Split/train/BacterialSpot/train_240_Bacterial Leaf Spot_51.jpg,BacterialSpot,Balanced_Final_Split/Balanced_Final_Split/train/BacterialSpot/train_840_Bacterial Leaf Spot_51.jpg,BacterialSpot,false
972047eb7e81c2f90d8a32ec7bfc928da0519129b94e2b81fb5c71dd3345df48,Balanced_Final_Split/Balanced_Final_Split/train/BacterialSpot/train_241_Bacterial Leaf Spot_38.jpg,BacterialSpot,Balanced_Final_Split/Balanced_Final_Split/train/BacterialSpot/train_841_Bacterial Leaf Spot_38.jpg,BacterialSpot,false
3cd2b9cde2012c383040fe39a147804155002afb4eb606b8bc5ebc0f45fff62c,Balanced_Final_Split/Balanced_Final_Split/train/BacterialSpot/train_242_Bacterial Leaf Spot_54.JPG,BacterialSpot,Balanced_Final_Split/Balanced_Final_Split/train/BacterialSpot/train_842_Bacterial Leaf Spot_54.JPG,BacterialSpot,false
ed69dfc5b14fe7785fe97ad35ada68bb319195cd15cd9b3b8b4507b1b12f32e0,Balanced_Final_Split/Balanced_Final_Split/train/BacterialSpot/train_243_Bacterial Leaf Spot_55.jpg,BacterialSpot,Balanced_Final_Split/Balanced_Final_Split/train/BacterialSpot/train_843_Bacterial Leaf Spot_55.jpg,BacterialSpot,false
367de941a2b1c7d3a10d69dcf14b1ac2c7620600c6d597fe7e9a62d60f2b43cb,Balanced_Final_Split/Balanced_Final_Split/train/BacterialSpot/train_244_Bacterial Leaf Spot_33.jpg,BacterialSpot,Balanced_Final_Split/Balanced_Final_Split/train/BacterialSpot/train_844_Bacterial Leaf Spot_33.jpg,BacterialSpot,false
6fadcc187272d3ecf999e37448c623d187b85b8d987e651b88db92a82a526ad1,Balanced_Final_Split/Balanced_Final_Split/train/BacterialSpot/train_245_Bacterial Leaf Spot_81.jpg,BacterialSpot,Balanced_Final_Split/Balanced_Final_Split/train/BacterialSpot/train_845_Bacterial Leaf Spot_81.jpg,BacterialSpot,false
c11e21c5d43ec630540838a729b8b18541177beae790ecb8a95a14131462f644,Balanced_Final_Split/Balanced_Final_Split/train/BacterialSpot/train_246_Bacterial Leaf Spot_76.jpg,BacterialSpot,Balanced_Final_Split/Balanced_Final_Split/train/BacterialSpot/train_846_Bacterial Leaf Spot_76.jpg,BacterialSpot,false
8f67525c00f541fc3cc7de6e3344ae0c9f13b89c2992ae6faf3a23ff8c2fae70,Balanced_Final_Split/Balanced_Final_Split/train/BacterialSpot/train_247_Bacterial Leaf Spot_75.jpg,BacterialSpot,Balanced_Final_Split/Balanced_Final_Split/train/BacterialSpot/train_847_Bacterial Leaf Spot_75.jpg,BacterialSpot,false
8298498305cb19a418aeef608a9786ea5efa9f1c1a7962bbd6d3019c6b019415,Balanced_Final_Split/Balanced_Final_Split/train/BacterialSpot/train_248_Bacterial Leaf Spot_22.jpg,BacterialSpot,Balanced_Final_Split/Balanced_Final_Split/train/BacterialSpot/train_848_Bacterial Leaf Spot_22.jpg,BacterialSpot,false
d8229ceff9ab5e4f33e796e60d254dfab22205abfa8e24f10948d4f0c8e336c6,Balanced_Final_Split/Balanced_Final_Split/train/BacterialSpot/train_249_Bacterial Leaf Spot_49.jpg,BacterialSpot,Balanced_Final_Split/Balanced_Final_Split/train/BacterialSpot/train_849_Bacterial Leaf Spot_49.jpg,BacterialSpot,false
7ed0f838a8694cb12d340bb12c7ba24f650eab3237c18db5de7cf76f039510b5,Balanced_Final_Split/Balanced_Final_Split/train/BacterialSpot/train_250_Bacterial Leaf Spot_9.jpg,BacterialSpot,Balanced_Final_Split/Balanced_Final_Split/train/BacterialSpot/train_850_Bacterial Leaf Spot_9.jpg,BacterialSpot,false
d66259a009b62b7185d94f2b60ae2e4538bfee009b1503b216e1cab5fdcc5bc3,Balanced_Final_Split/Balanced_Final_Split/train/BacterialSpot/train_251_Bacterial Leaf Spot_61.jpg,BacterialSpot,Balanced_Final_Split/Balanced_Final_Split/train/BacterialSpot/train_851_Bacterial Leaf Spot_61.jpg,BacterialSpot,false
4a6b3283ba4cfc7b9085c91918e25a847402b961252e92398ce71eef57f5e7ca,Balanced_Final_Split/Balanced_Final_Split/train/BacterialSpot/train_252_Bacterial Leaf Spot_17.jpg,BacterialSpot,Balanced_Final_Split/Balanced_Final_Split/train/BacterialSpot/train_852_Bacterial Leaf Spot_17.jpg,BacterialSpot,false
2f6b8f4eda4a76f2aa8ee4328b38ba556ca116c8260c2c64070522c81f67f7cd,Balanced_Final_Split/Balanced_Final_Split/train/BacterialSpot/train_253_Bacterial Leaf Spot_66.JPG,BacterialSpot,Balanced_Final_Split/Balanced_Final_Split/train/BacterialSpot/train_853_Bacterial Leaf Spot_66.JPG,BacterialSpot,false
201e3b0a54c93b9da9fc5eae176223090b103a2cf884f131579fbffeab250e3c,Balanced_Final_Split/Balanced_Final_Split/train/BacterialSpot/train_254_Bacterial Leaf Spot_31.jpg,BacterialSpot,Balanced_Final_Split/Balanced_Final_Split/train/BacterialSpot/train_854_Bacterial Leaf Spot_31.jpg,BacterialSpot,false
d9f425190aee7000b609d11befe3cbcfdcd6d37959673397c3b35fba9af118d1,Balanced_Final_Split/Balanced_Final_Split/train/BacterialSpot/train_255_Bacterial Leaf Spot_53.jpg,BacterialSpot,Balanced_Final_Split/Balanced_Final_Split/train/BacterialSpot/train_855_Bacterial Leaf Spot_53.jpg,BacterialSpot,false
2536a6f18fa1349bf1bfa171481d8c9d57e8aebcded7b2ec14a3229b804ae186,Balanced_Final_Split/Balanced_Final_Split/train/BacterialSpot/train_256_Bacterial Leaf Spot_73.jpg,BacterialSpot,Balanced_Final_Split/Balanced_Final_Split/train/BacterialSpot/train_856_Bacterial Leaf Spot_73.jpg,BacterialSpot,false
0db89ae466fd0e4ae2008bdb46b13ea562fbb33d21456e0d9140f329b0f9bdd0,Balanced_Final_Split/Balanced_Final_Split/train/BacterialSpot/train_257_Bacterial Leaf Spot_83.jpg,BacterialSpot,Balanced_Final_Split/Balanced_Final_Split/train/BacterialSpot/train_857_Bacterial Leaf Spot_83.jpg,BacterialSpot,false
aa9908afc178ea75d6b66636420479c278ba925639d2a11f23b8774119f46242,Balanced_Final_Split/Balanced_Final_Split/train/BacterialSpot/train_258_Bacterial Leaf Spot_37.jpg,BacterialSpot,Balanced_Final_Split/Balanced_Final_Split/train/BacterialSpot/train_858_Bacterial Leaf Spot_37.jpg,BacterialSpot,false
d1aa73a7b622c823571dfbcf6732f847870340182e1fdc5e1ae084559b69830c,Balanced_Final_Split/Balanced_Final_Split/train/BacterialSpot/train_259_Bacterial Leaf Spot_77.jpg,BacterialSpot,Balanced_Final_Split/Balanced_Final_Split/train/BacterialSpot/train_859_Bacterial Leaf Spot_77.jpg,BacterialSpot,false
e53be5d19ce8106101cf3d9e51d6d248cc99dde21b03780c6344d12c8f71eeab,Balanced_Final_Split/Balanced_Final_Split/train/BacterialSpot/train_260_Bacterial Leaf Spot_39.jpg,BacterialSpot,Balanced_Final_Split/Balanced_Final_Split/train/BacterialSpot/train_860_Bacterial Leaf Spot_39.jpg,BacterialSpot,false
4386103030a28ed3ca128d3c3d7ada191392b0208c529879045a982fda58f09d,Balanced_Final_Split/Balanced_Final_Split/train/BacterialSpot/train_261_Bacterial Leaf Spot_20.jpg,BacterialSpot,Balanced_Final_Split/Balanced_Final_Split/train/BacterialSpot/train_861_Bacterial Leaf Spot_20.jpg,BacterialSpot,false
3f4675b047eebbc27413d3ad20e21983aba6c4f19a3a64673cf22ce84b427588,Balanced_Final_Split/Balanced_Final_Split/train/BacterialSpot/train_262_Bacterial Leaf Spot_21.jpg,BacterialSpot,Balanced_Final_Split/Balanced_Final_Split/train/BacterialSpot/train_862_Bacterial Leaf Spot_21.jpg,BacterialSpot,false
75472e40736410cfb54b39b78810f8f99c45930acff9211fe0cc3e2b514a252d,Balanced_Final_Split/Balanced_Final_Split/train/BacterialSpot/train_263_Bacterial Leaf Spot_82.jpg,BacterialSpot,Balanced_Final_Split/Balanced_Final_Split/train/BacterialSpot/train_863_Bacterial Leaf Spot_82.jpg,BacterialSpot,false
9aea7352fcafed4de4c1b2a5af48251960b8c2a9009bee85ad9ea4aecfaeed0e,Balanced_Final_Split/Balanced_Final_Split/train/BacterialSpot/train_264_Bacterial Leaf Spot_97.png,BacterialSpot,Balanced_Final_Split/Balanced_Final_Split/train/BacterialSpot/train_864_Bacterial Leaf Spot_97.png,BacterialSpot,false
fe0ba5f610f67bbb14dfdf649abe1e535c805c22a89bf0a58790b00d5afe1137,Balanced_Final_Split/Balanced_Final_Split/train/BacterialSpot/train_265_Bacterial Leaf Spot_34.jpg,BacterialSpot,Balanced_Final_Split/Balanced_Final_Split/train/BacterialSpot/train_865_Bacterial Leaf Spot_34.jpg,BacterialSpot,false
3b1abd6f71de1251b10498e2fd8bb2400856e64a8c68616022033421f2895de4,Balanced_Final_Split/Balanced_Final_Split/train/BacterialSpot/train_266_Bacterial Leaf Spot_94.png,BacterialSpot,Balanced_Final_Split/Balanced_Final_Split/train/BacterialSpot/train_866_Bacterial Leaf Spot_94.png,BacterialSpot,false
4b69c1ff0203ec20731809d9bb42c5cd148010d2799495c04f3b0770fa650a29,Balanced_Final_Split/Balanced_Final_Split/train/BacterialSpot/train_267_Bacterial Leaf Spot_58.jpg,BacterialSpot,Balanced_Final_Split/Balanced_Final_Split/train/BacterialSpot/train_867_Bacterial Leaf Spot_58.jpg,BacterialSpot,false
343061b9b38e5f19e120632f190b156aef5b012ec6c362bd23253875b6b7565e,Balanced_Final_Split/Balanced_Final_Split/train/BacterialSpot/train_268_Bacterial Leaf Spot_14.jpg,BacterialSpot,Balanced_Final_Split/Balanced_Final_Split/train/BacterialSpot/train_868_Bacterial Leaf Spot_14.jpg,BacterialSpot,false
8c93c5255ac28aebcacf490dc046e1e4482087645b31474934b4e343982e2ec0,Balanced_Final_Split/Balanced_Final_Split/train/BacterialSpot/train_269_Bacterial Leaf Spot_35.JPG,BacterialSpot,Balanced_Final_Split/Balanced_Final_Split/train/BacterialSpot/train_869_Bacterial Leaf Spot_35.JPG,BacterialSpot,false
725ce61e40b1d932251f2bc58cfd395a2c3c09f63f45b651eeae6fdb1c90a946,Balanced_Final_Split/Balanced_Final_Split/train/BacterialSpot/train_270_Bacterial Leaf Spot_100.png,BacterialSpot,Balanced_Final_Split/Balanced_Final_Split/train/BacterialSpot/train_870_Bacterial Leaf Spot_100.png,BacterialSpot,false
45b14bd57b3c5e090dbcb6215b2d85487f5a4c9894efa61f20ff4dc6b70fd496,Balanced_Final_Split/Balanced_Final_Split/train/BacterialSpot/train_271_Bacterial Leaf Spot_5.jpg,BacterialSpot,Balanced_Final_Split/Balanced_Final_Split/train/BacterialSpot/train_871_Bacterial Leaf Spot_5.jpg,BacterialSpot,false
7701e84ab78da3b19c72655f053dae8870e77e6d564d6111c00d40ff19598010,Balanced_Final_Split/Balanced_Final_Split/train/BacterialSpot/train_272_Bacterial Leaf Spot_72.jpg,BacterialSpot,Balanced_Final_Split/Balanced_Final_Split/train/BacterialSpot/train_872_Bacterial Leaf Spot_72.jpg,BacterialSpot,false
f46cdd923f39b95a8b214700178ba81cc102175a0f0e82899c9cf4440e16c17a,Balanced_Final_Split/Balanced_Final_Split/train/BacterialSpot/train_273_Bacterial Leaf Spot_3.png,BacterialSpot,Balanced_Final_Split/Balanced_Final_Split/train/BacterialSpot/train_873_Bacterial Leaf Spot_3.png,BacterialSpot,false
fec6cbd455a482e21a9ac85c6de298e40b5b28ad7698532d2a8d028e7d1efa58,Balanced_Final_Split/Balanced_Final_Split/train/BacterialSpot/train_274_Bacterial Leaf Spot_68.JPG,BacterialSpot,Balanced_Final_Split/Balanced_Final_Split/train/BacterialSpot/train_874_Bacterial Leaf Spot_68.JPG,BacterialSpot,false
abad8af9eb08fdadf9296db47a9b53d7a152ffce0ae82b29006b1a692d1a2403,Balanced_Final_Split/Balanced_Final_Split/train/BacterialSpot/train_275_Bacterial Leaf Spot_13.JPG,BacterialSpot,Balanced_Final_Split/Balanced_Final_Split/train/BacterialSpot/train_875_Bacterial Leaf Spot_13.JPG,BacterialSpot,false
14a6d36ca0b37a193eacd8416c5074db21b097d9e661fb9fcbd2eea4829cb111,Balanced_Final_Split/Balanced_Final_Split/train/BacterialSpot/train_276_Bacterial Leaf Spot_40.jpg,BacterialSpot,Balanced_Final_Split/Balanced_Final_Split/train/BacterialSpot/train_876_Bacterial Leaf Spot_40.jpg,BacterialSpot,false
9100be6015bebaaa04045ca102a86138329b82f898eff611fbff6e4500649ac9,Balanced_Final_Split/Balanced_Final_Split/train/BacterialSpot/train_277_Bacterial Leaf Spot_86.png,BacterialSpot,Balanced_Final_Split/Balanced_Final_Split/train/BacterialSpot/train_877_Bacterial Leaf Spot_86.png,BacterialSpot,false
3dd9900629c9ecf2b7a24ce91882a09d8217892a1920161352598be6b7f56869,Balanced_Final_Split/Balanced_Final_Split/train/BacterialSpot/train_278_Bacterial Leaf Spot_99.png,BacterialSpot,Balanced_Final_Split/Balanced_Final_Split/train/BacterialSpot/train_878_Bacterial Leaf Spot_99.png,BacterialSpot,false
342c7b41afed65fbb7ee39df6ed99e0f0e9958fa8e64006b7f0a0c6a0eefe8c0,Balanced_Final_Split/Balanced_Final_Split/train/BacterialSpot/train_279_Bacterial Leaf Spot_92.png,BacterialSpot,Balanced_Final_Split/Balanced_Final_Split/train/BacterialSpot/train_879_Bacterial Leaf Spot_92.png,BacterialSpot,false
a872fc14fde1244f6c85294ea4c46efd0c4a921cd11a1eefb14d37771ff43ffe,Balanced_Final_Split/Balanced_Final_Split/train/BacterialSpot/train_280_Bacterial Leaf Spot_79.JPG,BacterialSpot,Balanced_Final_Split/Balanced_Final_Split/train/BacterialSpot/train_880_Bacterial Leaf Spot_79.JPG,BacterialSpot,false
abd8da032f054877141c30a4c398a31ada5b1ad608ccb8bd5dd71e7237e6b33b,Balanced_Final_Split/Balanced_Final_Split/train/BacterialSpot/train_281_Bacterial Leaf Spot_44.jpg,BacterialSpot,Balanced_Final_Split/Balanced_Final_Split/train/BacterialSpot/train_881_Bacterial Leaf Spot_44.jpg,BacterialSpot,false
7fcad8f211415135df363c2a7ad261c7b4e1521a5f15aa11d27f60fa3f447f43,Balanced_Final_Split/Balanced_Final_Split/train/BacterialSpot/train_282_Bacterial Leaf Spot_42.JPG,BacterialSpot,Balanced_Final_Split/Balanced_Final_Split/train/BacterialSpot/train_882_Bacterial Leaf Spot_42.JPG,BacterialSpot,false
39c3d22ad7a986f46ff990768ad29eb4f4910bf673729d70d2f63dfe47a668ad,Balanced_Final_Split/Balanced_Final_Split/train/BacterialSpot/train_283_Bacterial Leaf Spot_12.jpg,BacterialSpot,Balanced_Final_Split/Balanced_Final_Split/train/BacterialSpot/train_883_Bacterial Leaf Spot_12.jpg,BacterialSpot,false
e1c7eff57920239b285c760983aa3b115ec7dbf92b07347aa9e8499852f67f82,Balanced_Final_Split/Balanced_Final_Split/train/BacterialSpot/train_284_Bacterial Leaf Spot_7.jpg,BacterialSpot,Balanced_Final_Split/Balanced_Final_Split/train/BacterialSpot/train_884_Bacterial Leaf Spot_7.jpg,BacterialSpot,false
b800a1dbbf0350ff250ed148c219e0e4ebacc0880fca97061510ea649217c80e,Balanced_Final_Split/Balanced_Final_Split/train/BacterialSpot/train_285_Bacterial Leaf Spot_19.jpg,BacterialSpot,Balanced_Final_Split/Balanced_Final_Split/train/BacterialSpot/train_885_Bacterial Leaf Spot_19.jpg,BacterialSpot,false
eb9c42b26a9315ea7f92c016ebe874b421cf086a61849b3a66544d0b0dc59a2b,Balanced_Final_Split/Balanced_Final_Split/train/BacterialSpot/train_286_Bacterial Leaf Spot_69.jpg,BacterialSpot,Balanced_Final_Split/Balanced_Final_Split/train/BacterialSpot/train_886_Bacterial Leaf Spot_69.jpg,BacterialSpot,false
e505a1726a0fafd641ba28cff43d6bcfd976417b80f2f2f98e69573214fee1cb,Balanced_Final_Split/Balanced_Final_Split/train/BacterialSpot/train_287_Bacterial Leaf Spot_90.jpg,BacterialSpot,Balanced_Final_Split/Balanced_Final_Split/train/BacterialSpot/train_887_Bacterial Leaf Spot_90.jpg,BacterialSpot,false
ffefc6933857b9c6b6576fe334ba6a5e3b989b648bf838c9d49c13392d8a406c,Balanced_Final_Split/Balanced_Final_Split/train/BacterialSpot/train_288_Bacterial Leaf Spot_26.jpg,BacterialSpot,Balanced_Final_Split/Balanced_Final_Split/train/BacterialSpot/train_888_Bacterial Leaf Spot_26.jpg,BacterialSpot,false
8332c1ee2a15b8bb097392125d3e703bb206f750b70af0180af03d3445a21c0b,Balanced_Final_Split/Balanced_Final_Split/train/BacterialSpot/train_289_Bacterial Leaf Spot_84.jpg,BacterialSpot,Balanced_Final_Split/Balanced_Final_Split/train/BacterialSpot/train_889_Bacterial Leaf Spot_84.jpg,BacterialSpot,false
3579215c142607e97ea4cf16756a3f7757949912fc453f8503af3af9add9732d,Balanced_Final_Split/Balanced_Final_Split/train/BacterialSpot/train_290_Bacterial Leaf Spot_10.jpg,BacterialSpot,Balanced_Final_Split/Balanced_Final_Split/train/BacterialSpot/train_890_Bacterial Leaf Spot_10.jpg,BacterialSpot,false
b6a1b92b92a52b6a664f8e59402a3a13db22d6b19a59c1cfbe21ed0941a68cd2,Balanced_Final_Split/Balanced_Final_Split/train/BacterialSpot/train_291_Bacterial Leaf Spot_28.jpg,BacterialSpot,Balanced_Final_Split/Balanced_Final_Split/train/BacterialSpot/train_891_Bacterial Leaf Spot_28.jpg,BacterialSpot,false
e7941a9a8b72ec24c7b01a25ad7c6b5c242fec795c83a0889e17b351fca60f5a,Balanced_Final_Split/Balanced_Final_Split/train/BacterialSpot/train_292_Bacterial Leaf Spot_32.jpg,BacterialSpot,Balanced_Final_Split/Balanced_Final_Split/train/BacterialSpot/train_892_Bacterial Leaf Spot_32.jpg,BacterialSpot,false
57354118c05bc103480cca4d05c990abbe3fde27835f19c0b4445757e5c02153,Balanced_Final_Split/Balanced_Final_Split/train/BacterialSpot/train_293_Bacterial Leaf Spot_43.jpg,BacterialSpot,Balanced_Final_Split/Balanced_Final_Split/train/BacterialSpot/train_893_Bacterial Leaf Spot_43.jpg,BacterialSpot,false
6d8a84fbcde4f966ddf156932798e4ad087c5d038245c72ff7552b9aacf720f9,Balanced_Final_Split/Balanced_Final_Split/train/BacterialSpot/train_294_Bacterial Leaf Spot_46.JPG,BacterialSpot,Balanced_Final_Split/Balanced_Final_Split/train/BacterialSpot/train_894_Bacterial Leaf Spot_46.JPG,BacterialSpot,false
9021da4cd3dd9c0ee4579bf964023a6dea7b7544c048df3ace2c1a5e28e26876,Balanced_Final_Split/Balanced_Final_Split/train/BacterialSpot/train_295_Bacterial Leaf Spot_50.jpg,BacterialSpot,Balanced_Final_Split/Balanced_Final_Split/train/BacterialSpot/train_895_Bacterial Leaf Spot_50.jpg,BacterialSpot,false
34c337c5dd633f229a4134722677c5c12bc926f0518624d70a703d310676607f,Balanced_Final_Split/Balanced_Final_Split/train/BacterialSpot/train_296_Bacterial Leaf Spot_4.jpg,BacterialSpot,Balanced_Final_Split/Balanced_Final_Split/train/BacterialSpot/train_896_Bacterial Leaf Spot_4.jpg,BacterialSpot,false
d08b4a51eb18b20a28d36d3fc6a4da5bf82c494eb6d91568615cfb3894ce9cdc,Balanced_Final_Split/Balanced_Final_Split/train/BacterialSpot/train_297_Bacterial Leaf Spot_18.JPG,BacterialSpot,Balanced_Final_Split/Balanced_Final_Split/train/BacterialSpot/train_897_Bacterial Leaf Spot_18.JPG,BacterialSpot,false
9a37cddba9fa6d0ecbd51dc3ccce811b64b6694b389b6a798fd44a5aaf147707,Balanced_Final_Split/Balanced_Final_Split/train/BacterialSpot/train_298_Bacterial Leaf Spot_29.jpg,BacterialSpot,Balanced_Final_Split/Balanced_Final_Split/train/BacterialSpot/train_898_Bacterial Leaf Spot_29.jpg,BacterialSpot,false
1486527e4d40c2f433e4ed54d0c9307b1a3d66a91943c74ec738e832a38ac74a,Balanced_Final_Split/Balanced_Final_Split/train/BacterialSpot/train_299_Bacterial Leaf Spot_96.png,BacterialSpot,Balanced_Final_Split/Balanced_Final_Split/train/BacterialSpot/train_899_Bacterial Leaf Spot_96.png,BacterialSpot,false
d537707ef4611b6d8216798667db0cb90aebf78e14faba163f34491ad8de9d4a,Balanced_Final_Split/Balanced_Final_Split/train/DownyMildew/train_172_Downy Mildew_68.jpg,DownyMildew,Balanced_Final_Split/Balanced_Final_Split/train/DownyMildew/train_249_Downey Mildew_68.jpg,DownyMildew,false
f848f279b187a2a2e248970f12b93633c6ab260e59e3dc8ce01e8e68f45ecd83,Balanced_Final_Split/Balanced_Final_Split/train/DownyMildew/train_117_Downey Mildew_200.jpg,DownyMildew,Balanced_Final_Split/Balanced_Final_Split/train/DownyMildew/train_273_Downy Mildew_200.jpg,DownyMildew,false
3335f12c65c006057fd202434d17bd11babdebe07002de3feab7757d7167fafc,Balanced_Final_Split/Balanced_Final_Split/train/DownyMildew/train_129_Downey Mildew_197.jpg,DownyMildew,Balanced_Final_Split/Balanced_Final_Split/train/DownyMildew/train_284_Downy Mildew_197.jpg,DownyMildew,false
8f4b0d3b9751949367df97e4ced568b77e775ca4012c6def3fbede2e8474b621,Balanced_Final_Split/Balanced_Final_Split/train/DownyMildew/train_23_Downy Mildew_114.jpg,DownyMildew,Balanced_Final_Split/Balanced_Final_Split/train/DownyMildew/train_320_Downey Mildew_114.jpg,DownyMildew,false
a6f70709621fa1c3a0f4db4b95b322ca8423639a71acb957d8dfe440c60b0875,Balanced_Final_Split/Balanced_Final_Split/train/DownyMildew/train_373_Downy Mildew_285.jpg,DownyMildew,Balanced_Final_Split/Balanced_Final_Split/train/DownyMildew/train_404_Downey Mildew_285.jpg,DownyMildew,false
5ddf820b07400296508275ef48a5783dd1ba131362f93630b7035994908c8721,Balanced_Final_Split/Balanced_Final_Split/train/DownyMildew/train_286_Downey Mildew_258.jpg,DownyMildew,Balanced_Final_Split/Balanced_Final_Split/train/DownyMildew/train_41_Downy Mildew_258.jpg,DownyMildew,false
a60d0c92abff292975dd88a52ab7d217be4bf35408455f8f141a0078aed9809b,Balanced_Final_Split/Balanced_Final_Split/train/DownyMildew/train_397_Downy Mildew_251.jpg,DownyMildew,Balanced_Final_Split/Balanced_Final_Split/train/DownyMildew/train_427_Downey Mildew_251.jpg,DownyMildew,false
3a7a3fdc864cef5c616b712be440bdb523aa9638a95e64e19b83035dd6fcb3a1,Balanced_Final_Split/Balanced_Final_Split/train/DownyMildew/train_240_Downy Mildew_86.jpg,DownyMildew,Balanced_Final_Split/Balanced_Final_Split/train/DownyMildew/train_449_Downey Mildew_86.jpg,DownyMildew,false
129d5e443e4819f2ae8f0a88499e643292831fed6c4a42f584c7b3ba5e08e1cd,Balanced_Final_Split/Balanced_Final_Split/train/DownyMildew/train_157_Downey Mildew_118.jpg,DownyMildew,Balanced_Final_Split/Balanced_Final_Split/train/DownyMildew/train_490_Downy Mildew_118.jpg,DownyMildew,false
5978da80e30b69c333fdb0300896a7a2e24bf310abfe6a7ff398da43db1c1640,Balanced_Final_Split/Balanced_Final_Split/train/DownyMildew/train_305_Downey Mildew_247.jpg,DownyMildew,Balanced_Final_Split/Balanced_Final_Split/train/DownyMildew/train_509_Downy Mildew_247.jpg,DownyMildew,false
651d9dbf3071020745d058489be4bb27ed21c7e235ac8e68129398d83579d7e2,Balanced_Final_Split/Balanced_Final_Split/train/DownyMildew/train_270_Downy Mildew_210.jpg,DownyMildew,Balanced_Final_Split/Balanced_Final_Split/train/DownyMildew/train_522_Downey Mildew_210.jpg,DownyMildew,false
440e2a84baf0bd616ffc92dec2d9f75b9b1063a2c8f5103c589ff1e571563ca2,Balanced_Final_Split/Balanced_Final_Split/train/DownyMildew/train_109_Downy Mildew_268.jpg,DownyMildew,Balanced_Final_Split/Balanced_Final_Split/train/DownyMildew/train_54_Downey Mildew_268.jpg,DownyMildew,false
baa969570a6087a3b5e6c66a131b63b567a89bf7a11be48d84fa4fc3556ed52c,Balanced_Final_Split/Balanced_Final_Split/train/DownyMildew/train_545_Downey Mildew_332.jpg,DownyMildew,Balanced_Final_Split/Balanced_Final_Split/train/DownyMildew/train_569_Downy Mildew_332.jpg,DownyMildew,false
3f77b293b8b4c2333eaa334f085f2e634f205ebfa342b1f6f75a0f52520d6012,Balanced_Final_Split/Balanced_Final_Split/train/DownyMildew/train_244_Downey Mildew_170.jpg,DownyMildew,Balanced_Final_Split/Balanced_Final_Split/train/DownyMildew/train_582_Downy Mildew_170.jpg,DownyMildew,false
f03870d1e05fb6558b7de11ad2529840c0661bf2aaa1e66c4c13654169f51bd5,Balanced_Final_Split/Balanced_Final_Split/train/DownyMildew/train_362_Downy Mildew_143.jpg,DownyMildew,Balanced_Final_Split/Balanced_Final_Split/train/DownyMildew/train_603_Downey Mildew_143.jpg,DownyMildew,false
5832477193ad6127314dabc16dfbbf63fcd9acd26e724574534adae762e505b6,Balanced_Final_Split/Balanced_Final_Split/train/DownyMildew/train_295_Downey Mildew_226.jpg,DownyMildew,Balanced_Final_Split/Balanced_Final_Split/train/DownyMildew/train_625_Downy Mildew_226.jpg,DownyMildew,false
413d805b6d72200c875386f20acac4bef024369bff8e89f7a321a85400953cab,Balanced_Final_Split/Balanced_Final_Split/train/DownyMildew/train_142_Downey Mildew_231.jpg,DownyMildew,Balanced_Final_Split/Balanced_Final_Split/train/DownyMildew/train_647_Downy Mildew_231.jpg,DownyMildew,false
ac983e61ccf7b1edf4eef3ef0c91feebe52f3f73fbbacdad09a59ce956f83842,Balanced_Final_Split/Balanced_Final_Split/train/DownyMildew/train_535_Downey Mildew_88.jpg,DownyMildew,Balanced_Final_Split/Balanced_Final_Split/train/DownyMildew/train_650_Downy Mildew_88.jpg,DownyMildew,false
a639000c8f6274abbeab966bb7afbce57027e52579b95ee217a24c9ae4c15e06,Balanced_Final_Split/Balanced_Final_Split/train/DownyMildew/train_360_Downy Mildew_58.jpg,DownyMildew,Balanced_Final_Split/Balanced_Final_Split/train/DownyMildew/train_661_Downey Mildew_58.jpg,DownyMildew,false
647d86a5fa7b8b3a60ea15a95a5d32c44470566290aec7b9fdf951b8a04923a9,Balanced_Final_Split/Balanced_Final_Split/train/DownyMildew/train_359_Downy Mildew_316.jpg,DownyMildew,Balanced_Final_Split/Balanced_Final_Split/train/DownyMildew/train_674_Downey Mildew_316.jpg,DownyMildew,false
5898e9674acfefb1380e8befdcaaacf200b0d257eda54ec39241b82d89e21e09,Balanced_Final_Split/Balanced_Final_Split/train/DownyMildew/train_631_Downy Mildew_104.jpg,DownyMildew,Balanced_Final_Split/Balanced_Final_Split/train/DownyMildew/train_68_Downey Mildew_104.jpg,DownyMildew,false
09bc5ea755af96e66b831b1a69d4d63e7a5af6743cdd47bd3c1b9405c5384f59,Balanced_Final_Split/Balanced_Final_Split/train/DownyMildew/train_632_Downy Mildew_45.jpg,DownyMildew,Balanced_Final_Split/Balanced_Final_Split/train/DownyMildew/train_707_Downey Mildew_45.jpg,DownyMildew,false
ad3942d43b4b8462f3d8d96133fbadcd126a12795cb67ccf342cd38fd3149eb3,Balanced_Final_Split/Balanced_Final_Split/train/DownyMildew/train_1_Downy Mildew_235.jpg,DownyMildew,Balanced_Final_Split/Balanced_Final_Split/train/DownyMildew/train_728_Downey Mildew_235.jpg,DownyMildew,false
5682816333a7b864a712de9c0b5cd9b9bede8ed7c959d5098565305a877e8c8a,Balanced_Final_Split/Balanced_Final_Split/train/DownyMildew/train_386_Downy Mildew_189.jpg,DownyMildew,Balanced_Final_Split/Balanced_Final_Split/train/DownyMildew/train_736_Downey Mildew_189.jpg,DownyMildew,false
e0563de5fbfd2c2ce1b1ab3b90819fb1cdba4e53ed8739d62e829028fc70cc61,Balanced_Final_Split/Balanced_Final_Split/train/DownyMildew/train_384_Downey Mildew_206.jpg,DownyMildew,Balanced_Final_Split/Balanced_Final_Split/train/DownyMildew/train_737_Downy Mildew_206.jpg,DownyMildew,false
c757543334ca360d6788635d9eee11e1fdaa0aa619e98b78bb591d6b572f5427,Balanced_Final_Split/Balanced_Final_Split/train/DownyMildew/train_266_Downy Mildew_245.jpg,DownyMildew,Balanced_Final_Split/Balanced_Final_Split/train/DownyMildew/train_754_Downey Mildew_245.jpg,DownyMildew,false
f8e7af57413de0131ea00f26864782281294ef646fc6ff8ebe7b3feffa802c41,Balanced_Final_Split/Balanced_Final_Split/train/DownyMildew/train_365_Downey Mildew_148.jpg,DownyMildew,Balanced_Final_Split/Balanced_Final_Split/train/DownyMildew/train_755_Downy Mildew_148.jpg,DownyMildew,false
be373e039c5bdb9bd839c5365e56815180538394eb916e495dc3bad0cc4f226e,Balanced_Final_Split/Balanced_Final_Split/train/DownyMildew/train_628_Downey Mildew_32.jpg,DownyMildew,Balanced_Final_Split/Balanced_Final_Split/train/DownyMildew/train_757_Downy Mildew_32.jpg,DownyMildew,false
7ff6e1830b4b3bf140aec78a5345f2ea0cc7553525358a216095799f5f91e478,Balanced_Final_Split/Balanced_Final_Split/train/DownyMildew/train_162_Downey Mildew_72.jpg,DownyMildew,Balanced_Final_Split/Balanced_Final_Split/train/DownyMildew/train_759_Downy Mildew_72.jpg,DownyMildew,false
ee7ddfc8fc5c23121ee0e32b67486d0974809dfac53a3c7d3aca071058bb2b56,Balanced_Final_Split/Balanced_Final_Split/train/DownyMildew/train_523_Downey Mildew_175.jpg,DownyMildew,Balanced_Final_Split/Balanced_Final_Split/train/DownyMildew/train_76_Downy Mildew_175.jpg,DownyMildew,false
2918c2eeed7408eaec3ab78e45313de7a46ff7f1909874232eb8ac6b77d44a97,Balanced_Final_Split/Balanced_Final_Split/train/DownyMildew/train_196_Downy Mildew_109.jpg,DownyMildew,Balanced_Final_Split/Balanced_Final_Split/train/DownyMildew/train_774_Downey Mildew_109.jpg,DownyMildew,false
3dda3d49f98699d57a6e054867d4ca59a866f95d95032380c5dfe929da64be1b,Balanced_Final_Split/Balanced_Final_Split/train/DownyMildew/train_12_Downey Mildew_298.jpg,DownyMildew,Balanced_Final_Split/Balanced_Final_Split/train/DownyMildew/train_779_Downy Mildew_298.jpg,DownyMildew,false
5cf669cf95f0452fb1f458d198e76bb94fb62c599ca8ebc0f3a25418dbee13c9,Balanced_Final_Split/Balanced_Final_Split/train/DownyMildew/train_195_Downy Mildew_69.jpg,DownyMildew,Balanced_Final_Split/Balanced_Final_Split/train/DownyMildew/train_811_Downey Mildew_69.jpg,DownyMildew,false
98f9055977561f7988d4f2fbfc1f4a4ab6bb8a4f8d4d87d87c587051c6c8a891,Balanced_Final_Split/Balanced_Final_Split/train/DownyMildew/train_794_Downey Mildew_138.jpg,DownyMildew,Balanced_Final_Split/Balanced_Final_Split/train/DownyMildew/train_813_Downy Mildew_138.jpg,DownyMildew,false
4b2f83e6f1feb8f8063cfd913870ad71cc6bcc478f96ca535f54c20dfb2aa567,Balanced_Final_Split/Balanced_Final_Split/train/DownyMildew/train_656_Downy Mildew_262.jpg,DownyMildew,Balanced_Final_Split/Balanced_Final_Split/train/DownyMildew/train_81_Downey Mildew_262.jpg,DownyMildew,false
906688d0c363e38e30639851d584db7e1cb5dd65126c8476eb943e532faff670,Balanced_Final_Split/Balanced_Final_Split/train/DownyMildew/train_312_Downey Mildew_342.jpg,DownyMildew,Balanced_Final_Split/Balanced_Final_Split/train/DownyMildew/train_828_Downy Mildew_342.jpg,DownyMildew,false
d2d3cc494f2c470903fad0a424d22b033d372f11008e09ad8b2acf7a7e247e09,Balanced_Final_Split/Balanced_Final_Split/train/DownyMildew/train_591_Downey Mildew_306.jpg,DownyMildew,Balanced_Final_Split/Balanced_Final_Split/train/DownyMildew/train_83_Downy Mildew_306.jpg,DownyMildew,false
adc4e8735f8f80a2da697c21eae6e95a6a6b44c6cd0e9e45a4b957cc540e330c,Balanced_Final_Split/Balanced_Final_Split/train/DownyMildew/train_627_Downy Mildew_326.jpg,DownyMildew,Balanced_Final_Split/Balanced_Final_Split/train/DownyMildew/train_840_Downey Mildew_326.jpg,DownyMildew,false
7b89f95cb918e0ca61de102278e3a4c5d5548fac3a62a2a311a44b3111a01e24,Balanced_Final_Split/Balanced_Final_Split/train/DownyMildew/train_52_Downy Mildew_180.jpg,DownyMildew,Balanced_Final_Split/Balanced_Final_Split/train/DownyMildew/train_841_Downey Mildew_180.jpg,DownyMildew,false
dd85ff18f2df2b16d0ed21cc6732e85a5fa942e0bdb0351629bae40e7c32eaa1,Balanced_Final_Split/Balanced_Final_Split/train/DownyMildew/train_338_Downey Mildew_115.jpg,DownyMildew,Balanced_Final_Split/Balanced_Final_Split/train/DownyMildew/train_851_Downy Mildew_115.jpg,DownyMildew,false
70079c1a17b3bff0506d1b03df06d0f3844cc73ae3de6bc532c8698f51bddc03,Balanced_Final_Split/Balanced_Final_Split/train/DownyMildew/train_422_Downey Mildew_116.jpg,DownyMildew,Balanced_Final_Split/Balanced_Final_Split/train/DownyMildew/train_865_Downy Mildew_116.jpg,DownyMildew,false
5fd083e7e3bd0be8d8f8ab42285f9ea8b99d382aa92dcac3bef43ccf6c87c66c,Balanced_Final_Split/Balanced_Final_Split/train/DownyMildew/train_531_Downy Mildew_40.jpg,DownyMildew,Balanced_Final_Split/Balanced_Final_Split/train/DownyMildew/train_876_Downey Mildew_40.jpg,DownyMildew,false
276063680dd2250dca44ef34d850c8217dc52f5da9d0139d7402398f17389ee7,Balanced_Final_Split/Balanced_Final_Split/train/DownyMildew/train_586_Downey Mildew_292.jpg,DownyMildew,Balanced_Final_Split/Balanced_Final_Split/train/DownyMildew/train_883_Downy Mildew_292.jpg,DownyMildew,false
cecd9d922d3bacc3eedf69b604d723840e0fe7b5faf54a05ff3caf0db8721329,Balanced_Final_Split/Balanced_Final_Split/train/DownyMildew/train_552_Downey Mildew_172.jpg,DownyMildew,Balanced_Final_Split/Balanced_Final_Split/train/DownyMildew/train_89_Downy Mildew_172.jpg,DownyMildew,false
841932da518c1727971247a1083727767e0d462900fb52c2a1dd695f05dc2360,Balanced_Final_Split/Balanced_Final_Split/train/DownyMildew/train_855_Downy Mildew_13.JPG,DownyMildew,Balanced_Final_Split/Balanced_Final_Split/train/DownyMildew/train_90_Downey Mildew_13.JPG,DownyMildew,false
b3256f84e3d2c6e293dead98840a90b4474fce788c8bfb657eeb2d7183188e22,Balanced_Final_Split/Balanced_Final_Split/train/DownyMildew/train_153_Downy Mildew_375.jpg,DownyMildew,Balanced_Final_Split/Balanced_Final_Split/train/DownyMildew/train_93_Downey Mildew_375.jpg,DownyMildew,false
3d6601e4a92317341983275fe5a2e38cfdc0f6cb62dffbb7db1ffb24ec51660e,Balanced_Final_Split/Balanced_Final_Split/train/DownyMildew/train_609_Downey Mildew_356.jpg,DownyMildew,Balanced_Final_Split/Balanced_Final_Split/train/DownyMildew/train_99_Downy Mildew_356.jpg,DownyMildew,false
d0e151b0139a663c6b3d89c2478df0e153eb011f730706fad997f15d86a7671b,Balanced_Final_Split/Balanced_Final_Split/train/Esca/train_1_6625dd3f-65b7-4eff-a24a-3e964fc793a1___FAM_B.Msls 1304_flipLR.JPG,Esca,Balanced_Final_Split/Balanced_Final_Split/train/Esca/train_241_6625dd3f-65b7-4eff-a24a-3e964fc793a1___FAM_B.Msls 1304_flipLR.JPG,Esca,false
6c3b3cf36345fbfe7b0cd9dc2cfaca544b8ff8c493a17559aa331a875b48f3e7,Balanced_Final_Split/Balanced_Final_Split/train/Esca/train_110_9fe9e1f3-69b7-4798-b86a-fabc95ed4f01___FAM_B.Msls 4256.JPG,Esca,Balanced_Final_Split/Balanced_Final_Split/train/Esca/train_29_9fe9e1f3-69b7-4798-b86a-fabc95ed4f01___FAM_B.Msls 4256.JPG,Esca,false
2f3efb0657c1e1b9ba19d972ff1f13e2049bff0605f641594f3c201af477e7d7,Balanced_Final_Split/Balanced_Final_Split/train/Esca/train_298_b32fb6c3-109e-447c-a117-798ba83abc38___FAM_B.Msls 3941_flipLR.JPG,Esca,Balanced_Final_Split/Balanced_Final_Split/train/Esca/train_306_b32fb6c3-109e-447c-a117-798ba83abc38___FAM_B.Msls 3941_flipLR.JPG,Esca,false
d3adecb14a4834c7f4ed3aecdfe343559ccc121a04ee34936de992b5e137d167,Balanced_Final_Split/Balanced_Final_Split/train/Esca/train_214_a3924405-5ec6-454a-81db-eaab34a96052___FAM_B.Msls 1184.JPG,Esca,Balanced_Final_Split/Balanced_Final_Split/train/Esca/train_339_a3924405-5ec6-454a-81db-eaab34a96052___FAM_B.Msls 1184.JPG,Esca,false
a734b3b581b610ee1d33e1ccf61fd8f6269a9c4d3956538940649a15e3e591eb,Balanced_Final_Split/Balanced_Final_Split/train/Esca/train_232_61f9f562-a64b-4e80-82d6-1babe2cf1fa1___FAM_B.Msls 4229_flipLR.JPG,Esca,Balanced_Final_Split/Balanced_Final_Split/train/Esca/train_35_61f9f562-a64b-4e80-82d6-1babe2cf1fa1___FAM_B.Msls 4229_flipLR.JPG,Esca,false
e59f649f958b8e16127c27c9a070915a5fb90ba57081f301c8b740af13aee304,Balanced_Final_Split/Balanced_Final_Split/train/Esca/train_387_79ba6196-f5fb-4926-a489-88be7cf07a96___FAM_B.Msls 1089_flipLR.JPG,Esca,Balanced_Final_Split/Balanced_Final_Split/train/Esca/train_451_79ba6196-f5fb-4926-a489-88be7cf07a96___FAM_B.Msls 1089_flipLR.JPG,Esca,false
b65cec3cbe6bfde2de75e5c33aa1dad0e0b7da2b5999f50e004202d8099eedd0,Balanced_Final_Split/Balanced_Final_Split/train/Esca/train_158_3520b3b3-750d-4aa5-849b-2a88f751979a___FAM_B.Msls 4211_flipLR.JPG,Esca,Balanced_Final_Split/Balanced_Final_Split/train/Esca/train_465_3520b3b3-750d-4aa5-849b-2a88f751979a___FAM_B.Msls 4211_flipLR.JPG,Esca,false
132ccbd0adfd93402dfa341f8b19266bd925788c469d97d6af9bc39567b5f77b,Balanced_Final_Split/Balanced_Final_Split/train/Esca/train_18_5715769e-6b32-44ab-82e3-5e3e90f1e584___FAM_B.Msls 1054.JPG,Esca,Balanced_Final_Split/Balanced_Final_Split/train/Esca/train_533_5715769e-6b32-44ab-82e3-5e3e90f1e584___FAM_B.Msls 1054.JPG,Esca,false
8796188bbbeb00561f2c454268b5f1c43cbc047fccd677d2f83bf44e0afa9f11,Balanced_Final_Split/Balanced_Final_Split/train/Esca/train_132_395ff3a0-926c-45f8-b44e-1f509e2f9e98___FAM_B.Msls 1811.JPG,Esca,Balanced_Final_Split/Balanced_Final_Split/train/Esca/train_558_395ff3a0-926c-45f8-b44e-1f509e2f9e98___FAM_B.Msls 1811.JPG,Esca,false
0f73a278d2c0d8b50f014f1a51e19ec84468579939aa1c981dadc7927a1667f5,Balanced_Final_Split/Balanced_Final_Split/train/Esca/train_297_528cda88-683f-4fe6-b039-fba2fc93add7___FAM_B.Msls 0830_flipLR.JPG,Esca,Balanced_Final_Split/Balanced_Final_Split/train/Esca/train_567_528cda88-683f-4fe6-b039-fba2fc93add7___FAM_B.Msls 0830_flipLR.JPG,Esca,false
ed884b07302d2e067c730a2e37d52f5dc092b9d1aa91e845d4121d7718d6df5c,Balanced_Final_Split/Balanced_Final_Split/train/Esca/train_122_02af0429-46c1-444b-bf62-a4d0198141e8___FAM_B.Msls 1062.JPG,Esca,Balanced_Final_Split/Balanced_Final_Split/train/Esca/train_572_02af0429-46c1-444b-bf62-a4d0198141e8___FAM_B.Msls 1062.JPG,Esca,false
592b42248cc17b81ea65a5cd29cd591f4144ae8469fdedd3e414000fa34a5da5,Balanced_Final_Split/Balanced_Final_Split/train/Esca/train_393_24520679-fa56-485a-931b-321fbb50863e___FAM_B.Msls 1814.JPG,Esca,Balanced_Final_Split/Balanced_Final_Split/train/Esca/train_649_24520679-fa56-485a-931b-321fbb50863e___FAM_B.Msls 1814.JPG,Esca,false
7707f90c5b40e8fa0f6badcb889a6fe986be073a611f1d0f6c3fd9573a6852e7,Balanced_Final_Split/Balanced_Final_Split/train/Esca/train_676_b5cd7194-ba06-4fd5-a24c-4c384f49e65b___FAM_B.Msls 4232.JPG,Esca,Balanced_Final_Split/Balanced_Final_Split/train/Esca/train_6_b5cd7194-ba06-4fd5-a24c-4c384f49e65b___FAM_B.Msls 4232.JPG,Esca,false
748f3cc6d8053c76f0cfa71ee5608b8b98a9a35f8830b9524936f4c46041bc39,Balanced_Final_Split/Balanced_Final_Split/train/Esca/train_499_a54c0c2e-117a-4122-9ada-b768f4386bf5___FAM_B.Msls 4496_flipLR.JPG,Esca,Balanced_Final_Split/Balanced_Final_Split/train/Esca/train_716_a54c0c2e-117a-4122-9ada-b768f4386bf5___FAM_B.Msls 4496_flipLR.JPG,Esca,false
e565a6eb28df42484521b0fba1667913f8d4c38197eb519a70ae5e1a1c281b7d,Balanced_Final_Split/Balanced_Final_Split/train/Esca/train_482_b4b43ac8-f6d6-4ece-8a7b-0991927992b8___FAM_B.Msls 1077.JPG,Esca,Balanced_Final_Split/Balanced_Final_Split/train/Esca/train_719_b4b43ac8-f6d6-4ece-8a7b-0991927992b8___FAM_B.Msls 1077.JPG,Esca,false
aa75e46fdaeab65caa4b4c734a94dc02e901a85cf5da8bbb37dc3df611258084,Balanced_Final_Split/Balanced_Final_Split/train/Esca/train_718_bc99eee4-c8a1-40bb-b98b-315294fbd34e___FAM_B.Msls 3867.JPG,Esca,Balanced_Final_Split/Balanced_Final_Split/train/Esca/train_808_bc99eee4-c8a1-40bb-b98b-315294fbd34e___FAM_B.Msls 3867.JPG,Esca,false
45f715b6d44f2309302ab764cecaa57af8aa76fcbc39c01804cc5a74b1b3db70,Balanced_Final_Split/Balanced_Final_Split/train/Esca/train_518_b51dd9b6-0ab4-411f-ad41-a1549b3ae488___FAM_B.Msls 3839.JPG,Esca,Balanced_Final_Split/Balanced_Final_Split/train/Esca/train_814_b51dd9b6-0ab4-411f-ad41-a1549b3ae488___FAM_B.Msls 3839.JPG,Esca,false
a25efa551fdaa2a5269e6a56d7859301e7790abec523eded026b3b3d099656c8,Balanced_Final_Split/Balanced_Final_Split/train/Esca/train_593_4dc7db46-8e8e-44df-93aa-6789836697a7___FAM_B.Msls 0932.JPG,Esca,Balanced_Final_Split/Balanced_Final_Split/train/Esca/train_815_4dc7db46-8e8e-44df-93aa-6789836697a7___FAM_B.Msls 0932.JPG,Esca,false
9cf3481a635e67af2c43d08f35ec7a4f0793829607129cdef9a11cb7e26097f6,Balanced_Final_Split/Balanced_Final_Split/train/Esca/train_651_6b16600f-d675-4639-a387-24b38714b9dd___FAM_B.Msls 1208.JPG,Esca,Balanced_Final_Split/Balanced_Final_Split/train/Esca/train_81_6b16600f-d675-4639-a387-24b38714b9dd___FAM_B.Msls 1208.JPG,Esca,false
07d53bfab8fc2450b48dc67f731e8c00de58b2e24ec874885ddf9bb021a77243,Balanced_Final_Split/Balanced_Final_Split/train/Esca/train_578_42988882-591d-4c83-bf3b-2d6f1f9bb2b5___FAM_B.Msls 1746_flipLR.JPG,Esca,Balanced_Final_Split/Balanced_Final_Split/train/Esca/train_826_42988882-591d-4c83-bf3b-2d6f1f9bb2b5___FAM_B.Msls 1746_flipLR.JPG,Esca,false
95270f3c7eaa043c6b42ff8148db64fffd4064c8677620a2900c1161bbabb6f1,Balanced_Final_Split/Balanced_Final_Split/train/Esca/train_616_1aeac161-7472-4d64-bd17-da030db1fdcb___FAM_B.Msls 1137.JPG,Esca,Balanced_Final_Split/Balanced_Final_Split/train/Esca/train_855_1aeac161-7472-4d64-bd17-da030db1fdcb___FAM_B.Msls 1137.JPG,Esca,false
c3346abb501f701265e1f835e047217e5b1e361d966baf839f7f27b912cbadfb,Balanced_Final_Split/Balanced_Final_Split/train/Esca/train_285_86fcf2a5-6964-4caa-aecf-9b42f14b75dc___FAM_B.Msls 3989.JPG,Esca,Balanced_Final_Split/Balanced_Final_Split/train/Esca/train_88_86fcf2a5-6964-4caa-aecf-9b42f14b75dc___FAM_B.Msls 3989.JPG,Esca,false
b1490ad20b3858358c5986eb8ab14e6097160792fcddefbe42c3382411aeef76,Balanced_Final_Split/Balanced_Final_Split/train/Esca/train_278_0598129d-b448-4576-9c66-650388302622___FAM_B.Msls 4097_flipLR.JPG,Esca,Balanced_Final_Split/Balanced_Final_Split/train/Esca/train_90_0598129d-b448-4576-9c66-650388302622___FAM_B.Msls 4097_flipLR.JPG,Esca,false
899f25097863d48909501bb174606e969408625c3edefdaf1d769238dc999f2e,Balanced_Final_Split/Balanced_Final_Split/train/Esca/train_104_923dc9f8-a74e-4540-b52c-ec53bdbad7d9___FAM_B.Msls 0978.JPG,Esca,Balanced_Final_Split/Balanced_Final_Split/train/Esca/train_9_923dc9f8-a74e-4540-b52c-ec53bdbad7d9___FAM_B.Msls 0978.JPG,Esca,false
81d575a41505c8156d0e310d637b3a2f5802b1ab3cded022c3644cbf0b420ebe,Balanced_Final_Split/Balanced_Final_Split/train/Healthy/train_131_7dcbe0fa-4dc1-4234-97d4-9c19391fbe21___Mt.N.V_HL 9114_180deg.JPG,Healthy,Balanced_Final_Split/Balanced_Final_Split/train/Healthy/train_167_7dcbe0fa-4dc1-4234-97d4-9c19391fbe21___Mt.N.V_HL 9114_180deg.JPG,Healthy,false
9322708d194f42d745a854100a3edba5a63cc7fb68148dcc4a7f064d4ab137e9,Balanced_Final_Split/Balanced_Final_Split/train/Healthy/train_170_Healthy Leaves_899.jpg,Healthy,Balanced_Final_Split/Balanced_Final_Split/train/Healthy/train_195_Healthy Leaves_17.jpg,Healthy,false
b43e70724b088fefd776920ce747631294518402c85a657fbacda4097ec0a297,Balanced_Final_Split/Balanced_Final_Split/train/Healthy/train_202_39016e16-a571-46db-8dd9-7c3c165b1f5d___Mt.N.V_HL 8985_180deg.JPG,Healthy,Balanced_Final_Split/Balanced_Final_Split/train/Healthy/train_224_39016e16-a571-46db-8dd9-7c3c165b1f5d___Mt.N.V_HL 8985_180deg.JPG,Healthy,false
bb430636d30b27ac21491e6936b6c7ab17b454f982f485d636d44ac518fd9726,Balanced_Final_Split/Balanced_Final_Split/train/Healthy/train_201_2dacf3f7-797b-4d4c-bf77-1d1a8f6d965d___Mt.N.V_HL 9117_180deg.JPG,Healthy,Balanced_Final_Split/Balanced_Final_Split/train/Healthy/train_237_2dacf3f7-797b-4d4c-bf77-1d1a8f6d965d___Mt.N.V_HL 9117_180deg.JPG,Healthy,false
a5c1a56cf6c48c7bd31b8a5a01705c773471ed72c774d68db47ffc4d0a72d80d,Balanced_Final_Split/Balanced_Final_Split/train/Healthy/train_239_Healthy Leaves_891.jpg,Healthy,Balanced_Final_Split/Balanced_Final_Split/train/Healthy/train_252_Healthy Leaves_9.jpg,Healthy,false
9a0ace4eef89ce6f145869c873d605e67a289fb2c7ebff3bc7aaa8dc8093ce37,Balanced_Final_Split/Balanced_Final_Split/train/Healthy/train_150_f207869a-fff0-4339-9910-f381524c4599___Mt.N.V_HL 9125_270deg.JPG,Healthy,Balanced_Final_Split/Balanced_Final_Split/train/Healthy/train_260_f207869a-fff0-4339-9910-f381524c4599___Mt.N.V_HL 9125_270deg.JPG,Healthy,false
786d0486e6c70f3d34578a0cf42d0403ff249f4f1f21838b741e35ae2a24aa7d,Balanced_Final_Split/Balanced_Final_Split/train/Healthy/train_151_Healthy Leaves_867.jpg,Healthy,Balanced_Final_Split/Balanced_Final_Split/train/Healthy/train_264_Healthy Leaves_612.jpg,Healthy,false
3774143009e6debc022a52e58b063133bc13e77edbb175087139fb25e0d4a50a,Balanced_Final_Split/Balanced_Final_Split/train/Healthy/train_12_6ca3ca86-ac9f-47a2-8cb7-be4956ffe7dc___Mt.N.V_HL 6022.JPG,Healthy,Balanced_Final_Split/Balanced_Final_Split/train/Healthy/train_287_6ca3ca86-ac9f-47a2-8cb7-be4956ffe7dc___Mt.N.V_HL 6022.JPG,Healthy,false
6bcabd67a43f24306fabcd8560d17a5c900cf9c63572dc1bfc6b50d0260948ef,Balanced_Final_Split/Balanced_Final_Split/train/Healthy/train_168_Healthy Leaves_1042.jpg,Healthy,Balanced_Final_Split/Balanced_Final_Split/train/Healthy/train_307_Healthy Leaves_161.jpg,Healthy,false
d1794595f9a3f99fc6cfe9596a4768d52eb686894577fcb9ced718bc7c441f07,Balanced_Final_Split/Balanced_Final_Split/train/Healthy/train_140_Healthy Leaves_416.jpg,Healthy,Balanced_Final_Split/Balanced_Final_Split/train/Healthy/train_324_Healthy Leaves_671.jpg,Healthy,false
f4fa0e47b74448ac3a3887500c7f4c412525b1934145cdb315390271d76ca2c3,Balanced_Final_Split/Balanced_Final_Split/train/Healthy/train_133_Healthy Leaves_116.jpg,Healthy,Balanced_Final_Split/Balanced_Final_Split/train/Healthy/train_330_Healthy Leaves_116.jpg,Healthy,false
0954e477d1951f01ebbd7f05f55d3cdc38e372f23993d8ab0e87f7ffc85db2ce,Balanced_Final_Split/Balanced_Final_Split/train/Healthy/train_29_8c3e4fd0-4183-4a75-9e29-76851d08379c___Mt.N.V_HL 8965_90deg.JPG,Healthy,Balanced_Final_Split/Balanced_Final_Split/train/Healthy/train_336_8c3e4fd0-4183-4a75-9e29-76851d08379c___Mt.N.V_HL 8965_90deg.JPG,Healthy,false
57d961de6c0f4d656bfa70bfa8dea3d2d5baf219b173cb21259aecf1107abf2e,Balanced_Final_Split/Balanced_Final_Split/train/Healthy/train_123_Healthy Leaves_264.jpg,Healthy,Balanced_Final_Split/Balanced_Final_Split/train/Healthy/train_348_Healthy Leaves_264.jpg,Healthy,false
6dfb63d15a96efe0e863697cf571f1b4514b3e6b348e17609bbf3ee7e6ee62a9,Balanced_Final_Split/Balanced_Final_Split/train/Healthy/train_248_c431d237-0d9a-42ea-b51c-953341859808___Mt.N.V_HL 9109_90deg.JPG,Healthy,Balanced_Final_Split/Balanced_Final_Split/train/Healthy/train_35_c431d237-0d9a-42ea-b51c-953341859808___Mt.N.V_HL 9109_90deg.JPG,Healthy,false
b0a50c8c4821f8ef5d0c977b55e17b4d582c45f11b95746eed3dff8c58b92b36,Balanced_Final_Split/Balanced_Final_Split/train/Healthy/train_142_Healthy Leaves_48.jpg,Healthy,Balanced_Final_Split/Balanced_Final_Split/train/Healthy/train_361_Healthy Leaves_48.jpg,Healthy,false
f63ed23753c1e1a5b16aa9bf1968902d9d2b36a2089013cf6f26b6732a1c21dd,Balanced_Final_Split/Balanced_Final_Split/train/Healthy/train_281_Healthy Leaves_181.jpg,Healthy,Balanced_Final_Split/Balanced_Final_Split/train/Healthy/train_36_Healthy Leaves_1062.jpg,Healthy,false
953a545870c0b68fb40a79f240a1c1f7149ae5284aff61044d7998f2043a39bb,Balanced_Final_Split/Balanced_Final_Split/train/Healthy/train_298_4e38b7a3-fc3e-4e9d-baa0-89f98aa10f99___Mt.N.V_HL 8910_new30degFlipLR.JPG,Healthy,Balanced_Final_Split/Balanced_Final_Split/train/Healthy/train_383_4e38b7a3-fc3e-4e9d-baa0-89f98aa10f99___Mt.N.V_HL 8910_new30degFlipLR.JPG,Healthy,false
97cabf9b83d6da4d5dab23155e5c78536f0769865e34ca6948dd31154348d0ab,Balanced_Final_Split/Balanced_Final_Split/train/Healthy/train_34_Healthy Leaves_947.png,Healthy,Balanced_Final_Split/Balanced_Final_Split/train/Healthy/train_385_Healthy Leaves_66.png,Healthy,false
56b447b7017582aa61dab1cac555a5cf6c70b957681b6ad9dcae0bf7afcfff3f,Balanced_Final_Split/Balanced_Final_Split/train/Healthy/train_138_3c593da4-e1df-460c-98a9-2bc71df670d5___Mt.N.V_HL 8970_90deg.JPG,Healthy,Balanced_Final_Split/Balanced_Final_Split/train/Healthy/train_415_3c593da4-e1df-460c-98a9-2bc71df670d5___Mt.N.V_HL 8970_90deg.JPG,Healthy,false
608cd4411f1948a39ed2a11be45474c356a93f9f0f88cfe8dbb563ba9cf844b5,Balanced_Final_Split/Balanced_Final_Split/train/Healthy/train_177_Healthy Leaves_1058.jpg,Healthy,Balanced_Final_Split/Balanced_Final_Split/train/Healthy/train_429_Healthy Leaves_177.jpg,Healthy,false
fb7bb90f9cf182ed1dced56df5761a2493e3772f8e4fe98f5fc2e8158aa2d1b3,Balanced_Final_Split/Balanced_Final_Split/train/Healthy/train_410_193708fa-4888-4c3c-8f58-5b0464042c99___Mt.N.V_HL 6202_180deg.JPG,Healthy,Balanced_Final_Split/Balanced_Final_Split/train/Healthy/train_42_193708fa-4888-4c3c-8f58-5b0464042c99___Mt.N.V_HL 6202_180deg.JPG,Healthy,false
a87ac133c7bb9b9e42c4edec294475ab6ceceb4484b9e8506aac58bcd7ddf35b,Balanced_Final_Split/Balanced_Final_Split/train/Healthy/train_186_2ba70e62-f225-475a-9449-a7fe5f11a59c___Mt.N.V_HL 6074_180deg.JPG,Healthy,Balanced_Final_Split/Balanced_Final_Split/train/Healthy/train_447_2ba70e62-f225-475a-9449-a7fe5f11a59c___Mt.N.V_HL 6074_180deg.JPG,Healthy,false
674fc8bcdca10ebb8642205e7e4de9c18d74d39c84525b6e0c825b2daea68a46,Balanced_Final_Split/Balanced_Final_Split/train/Healthy/train_322_Healthy Leaves_982.jpg,Healthy,Balanced_Final_Split/Balanced_Final_Split/train/Healthy/train_44_Healthy Leaves_101.jpg,Healthy,false
6ed0e1e91ff232a2ecf89c5e02e3363bf96ac93ca8881faaca0179fac74bc3d5,Balanced_Final_Split/Balanced_Final_Split/train/Healthy/train_216_8f2cf5e7-ee7e-4a6e-84d2-5ac4bdb2e33f___Mt.N.V_HL 6099.JPG,Healthy,Balanced_Final_Split/Balanced_Final_Split/train/Healthy/train_452_8f2cf5e7-ee7e-4a6e-84d2-5ac4bdb2e33f___Mt.N.V_HL 6099.JPG,Healthy,false
9f87a060d173c1066e0fce3471bfd61070df1fec6a1d4389eeceba592edd3200,Balanced_Final_Split/Balanced_Final_Split/train/Healthy/train_241_8a5dff69-180d-4a14-b8e1-b9e1374202c5___Mt.N.V_HL 6098_270deg.JPG,Healthy,Balanced_Final_Split/Balanced_Final_Split/train/Healthy/train_471_8a5dff69-180d-4a14-b8e1-b9e1374202c5___Mt.N.V_HL 6098_270deg.JPG,Healthy,false
44f0fc71d249229784327e53687174f6a6d83e76cb5f2e31f3e1b1d179188354,Balanced_Final_Split/Balanced_Final_Split/train/Healthy/train_162_Healthy Leaves_119.jpg,Healthy,Balanced_Final_Split/Balanced_Final_Split/train/Healthy/train_475_Healthy Leaves_1000.jpg,Healthy,false
ac2e9df138f326f0c9e462fdd7b7dfa73bbcf8fc9e40a340965af9faa179c41a,Balanced_Final_Split/Balanced_Final_Split/train/Healthy/train_374_Healthy Leaves_53.jpg,Healthy,Balanced_Final_Split/Balanced_Final_Split/train/Healthy/train_489_Healthy Leaves_934.jpg,Healthy,false
ce5d2583166daf2d7edf4b32d25f62d7cbbb142d3e295adf675b77e011f9b43a,Balanced_Final_Split/Balanced_Final_Split/train/Healthy/train_45_Healthy Leaves_134.jpg,Healthy,Balanced_Final_Split/Balanced_Final_Split/train/Healthy/train_517_Healthy Leaves_1015.jpg,Healthy,false
20346d2b54b9ae6541c56b40e7369f52ec1c41808083adbdf84ec950f5e2f71b,Balanced_Final_Split/Balanced_Final_Split/train/Healthy/train_419_b297f494-eb0a-407f-8edf-25ecdbf278bf___Mt.N.V_HL 9022.JPG,Healthy,Balanced_Final_Split/Balanced_Final_Split/train/Healthy/train_519_b297f494-eb0a-407f-8edf-25ecdbf278bf___Mt.N.V_HL 9022.JPG,Healthy,false
7536088012bf69af59bba45396627f0f3d70a53f63bf7e8ed827813d63a0e3f9,Balanced_Final_Split/Balanced_Final_Split/train/Healthy/train_181_Healthy Leaves_145.jpg,Healthy,Balanced_Final_Split/Balanced_Final_Split/train/Healthy/train_527_Healthy Leaves_1026.jpg,Healthy,false
054cef1e1af72f79caeee8ea3da16d5aaa660c6d9e4c7f5b3a9176b941f0a269,Balanced_Final_Split/Balanced_Final_Split/train/Healthy/train_457_Healthy Leaves_968.jpg,Healthy,Balanced_Final_Split/Balanced_Final_Split/train/Healthy/train_533_Healthy Leaves_87.jpg,Healthy,false
a0e5f16e8e223027479841dd699eb60a268b5d96fa6272ef4f30068a9a63c19c,Balanced_Final_Split/Balanced_Final_Split/train/Healthy/train_443_4b837c0f-15e7-4896-9a4c-2f5ea9fbb5de___Mt.N.V_HL 6195_new30degFlipLR.JPG,Healthy,Balanced_Final_Split/Balanced_Final_Split/train/Healthy/train_553_4b837c0f-15e7-4896-9a4c-2f5ea9fbb5de___Mt.N.V_HL 6195_new30degFlipLR.JPG,Healthy,false
84b87862594b631f2a1bdfb53f7cc92d45a42978168b9d8e1996254ca9e1c1f6,Balanced_Final_Split/Balanced_Final_Split/train/Healthy/train_538_Healthy Leaves_165.jpg,Healthy,Balanced_Final_Split/Balanced_Final_Split/train/Healthy/train_571_Healthy Leaves_1046.jpg,Healthy,false
a04b2d480dbbeec9f75324ad041155cbba826bce46f7138065d89511608b5e74,Balanced_Final_Split/Balanced_Final_Split/train/Healthy/train_47_3a5b41ae-5cda-4d2f-9243-f3dc82a8dfbc___Mt.N.V_HL 9060_90deg.JPG,Healthy,Balanced_Final_Split/Balanced_Final_Split/train/Healthy/train_579_3a5b41ae-5cda-4d2f-9243-f3dc82a8dfbc___Mt.N.V_HL 9060_90deg.JPG,Healthy,false
674fc8bcdca10ebb8642205e7e4de9c18d74d39c84525b6e0c825b2daea68a46,Balanced_Final_Split/Balanced_Final_Split/train/Healthy/train_322_Healthy Leaves_982.jpg,Healthy,Balanced_Final_Split/Balanced_Final_Split/train/Healthy/train_59_Healthy Leaves_101.jpg,Healthy,false
d36e576371528f324845384dd6b607ea8f265904ccc72d6e10a87c540e470bc2,Balanced_Final_Split/Balanced_Final_Split/train/Healthy/train_572_d7630b13-7701-436c-82c4-0a9a8248d6ee___Mt.N.V_HL 6187_90deg.JPG,Healthy,Balanced_Final_Split/Balanced_Final_Split/train/Healthy/train_602_d7630b13-7701-436c-82c4-0a9a8248d6ee___Mt.N.V_HL 6187_90deg.JPG,Healthy,false
70bad6817287b996f2914e88431d2321d82b51272e19380e22281b7858aea074,Balanced_Final_Split/Balanced_Final_Split/train/Healthy/train_397_Healthy Leaves_614.jpg,Healthy,Balanced_Final_Split/Balanced_Final_Split/train/Healthy/train_610_Healthy Leaves_869.jpg,Healthy,false
48058f03ff8ff84614a1c3e613c93f11225bd3b7fb2c259910a65e211b620ea6,Balanced_Final_Split/Balanced_Final_Split/train/Healthy/train_460_4abb1e67-c8e6-4313-a9e5-119fe08b4be3___Mt.N.V_HL 9029_180deg.JPG,Healthy,Balanced_Final_Split/Balanced_Final_Split/train/Healthy/train_617_4abb1e67-c8e6-4313-a9e5-119fe08b4be3___Mt.N.V_HL 9029_180deg.JPG,Healthy,false
a94fb96ae38dcabc9961873945c41e821df4e047e7fc0bae9effd54781938295,Balanced_Final_Split/Balanced_Final_Split/train/Healthy/train_198_24d55be0-9985-4ace-bb02-d3f5a2f2ce18___Mt.N.V_HL 6040_270deg.JPG,Healthy,Balanced_Final_Split/Balanced_Final_Split/train/Healthy/train_623_24d55be0-9985-4ace-bb02-d3f5a2f2ce18___Mt.N.V_HL 6040_270deg.JPG,Healthy,false
309ba4b1b409ac37abb69f8548d68858e399fd900fb51463b2a3e2511508cd08,Balanced_Final_Split/Balanced_Final_Split/train/Healthy/train_261_0dca4cc0-2f37-4d55-8060-ce5e2137fd45___Mt.N.V_HL 9077_new30degFlipLR.JPG,Healthy,Balanced_Final_Split/Balanced_Final_Split/train/Healthy/train_625_0dca4cc0-2f37-4d55-8060-ce5e2137fd45___Mt.N.V_HL 9077_new30degFlipLR.JPG,Healthy,false
4da6cb5970452184f6288aff82b29fd87ba470dfd0cc9c34ddc1bf51a2ca88e6,Balanced_Final_Split/Balanced_Final_Split/train/Healthy/train_372_29ffbe00-4f75-496b-8bb5-dc1be1eb73b3___Mt.N.V_HL 8956_new30degFlipLR.JPG,Healthy,Balanced_Final_Split/Balanced_Final_Split/train/Healthy/train_659_29ffbe00-4f75-496b-8bb5-dc1be1eb73b3___Mt.N.V_HL 8956_new30degFlipLR.JPG,Healthy,false
750f4f77431838d642b0565e16eabecea69e716385a5c1ae85b35e5a22d01fe2,Balanced_Final_Split/Balanced_Final_Split/train/Healthy/train_591_945a58bf-8495-4319-92c3-72dbf42116c8___Mt.N.V_HL 6082_180deg.JPG,Healthy,Balanced_Final_Split/Balanced_Final_Split/train/Healthy/train_665_945a58bf-8495-4319-92c3-72dbf42116c8___Mt.N.V_HL 6082_180deg.JPG,Healthy,false
f109b6c3c125e03239a5bf6d93707a056b27a867e04a20c06ee36cceaa138858,Balanced_Final_Split/Balanced_Final_Split/train/Healthy/train_48_2dd116dc-661a-45dd-9c22-8729914ac0dd___Mt.N.V_HL 6047_90deg.JPG,Healthy,Balanced_Final_Split/Balanced_Final_Split/train/Healthy/train_667_2dd116dc-661a-45dd-9c22-8729914ac0dd___Mt.N.V_HL 6047_90deg.JPG,Healthy,false
ae572194282676e40f284b17dbadad59fcb5f6a9bdd583c1b4b2117c3a1fc1ef,Balanced_Final_Split/Balanced_Final_Split/train/Healthy/train_577_Healthy Leaves_4.jpg,Healthy,Balanced_Final_Split/Balanced_Final_Split/train/Healthy/train_680_Healthy Leaves_4.jpg,Healthy,false
34f736089341eda19e9580787103496e7a4ce98a398cd93b31e1d00375ac63ea,Balanced_Final_Split/Balanced_Final_Split/train/Healthy/train_488_2ba70e62-f225-475a-9449-a7fe5f11a59c___Mt.N.V_HL 6074_90deg.JPG,Healthy,Balanced_Final_Split/Balanced_Final_Split/train/Healthy/train_691_2ba70e62-f225-475a-9449-a7fe5f11a59c___Mt.N.V_HL 6074_90deg.JPG,Healthy,false
fca552e76aca5b3df608ab666df5821c9df422f43ab2e010b1321c297b778122,Balanced_Final_Split/Balanced_Final_Split/train/Healthy/train_254_2c4e117b-0a0f-43d0-93b5-88b2e77d272a___Mt.N.V_HL 6151_180deg.JPG,Healthy,Balanced_Final_Split/Balanced_Final_Split/train/Healthy/train_700_2c4e117b-0a0f-43d0-93b5-88b2e77d272a___Mt.N.V_HL 6151_180deg.JPG,Healthy,false
c6bcb9e44e6d6d88732417e85d3d8311db9408f7b957390bd272eb264f86f3c0,Balanced_Final_Split/Balanced_Final_Split/train/Healthy/train_179_Healthy Leaves_110.jpg,Healthy,Balanced_Final_Split/Balanced_Final_Split/train/Healthy/train_726_Healthy Leaves_110.jpg,Healthy,false
a37f799f08cae5571e2482c9db4e24cef64e1a903d5318e6d0db2ee7a505ed3b,Balanced_Final_Split/Balanced_Final_Split/train/Healthy/train_175_3c75e76c-2e1f-478f-aadc-f3decb68c9b0___Mt.N.V_HL 6108_270deg.JPG,Healthy,Balanced_Final_Split/Balanced_Final_Split/train/Healthy/train_730_3c75e76c-2e1f-478f-aadc-f3decb68c9b0___Mt.N.V_HL 6108_270deg.JPG,Healthy,false
d459c4e4929a1d937d5d8cb9fad2849f7a8c34c8e9455a1ec8f30f612d0f8926,Balanced_Final_Split/Balanced_Final_Split/train/Healthy/train_626_7276406c-b1ce-4c23-af0a-2c1c38e6e1a2___Mt.N.V_HL 9099_270deg.JPG,Healthy,Balanced_Final_Split/Balanced_Final_Split/train/Healthy/train_737_7276406c-b1ce-4c23-af0a-2c1c38e6e1a2___Mt.N.V_HL 9099_270deg.JPG,Healthy,false
571dd84f66c935c7045a63d38a82218736ab332d840d5501f93655a58428efdb,Balanced_Final_Split/Balanced_Final_Split/train/Healthy/train_684_8bd312c9-5a9c-4ac7-ae60-cbc2600a23aa___Mt.N.V_HL 6128_270deg.JPG,Healthy,Balanced_Final_Split/Balanced_Final_Split/train/Healthy/train_743_8bd312c9-5a9c-4ac7-ae60-cbc2600a23aa___Mt.N.V_HL 6128_270deg.JPG,Healthy,false
f3e21f2748118e00d2693c5de1c25b2a886ef875cef465f6d82ca6258429c456,Balanced_Final_Split/Balanced_Final_Split/train/Healthy/train_49_17572261-c800-42b7-8baf-2f73f7657578___Mt.N.V_HL 9009_new30degFlipLR.JPG,Healthy,Balanced_Final_Split/Balanced_Final_Split/train/Healthy/train_749_17572261-c800-42b7-8baf-2f73f7657578___Mt.N.V_HL 9009_new30degFlipLR.JPG,Healthy,false
1651dcddd536f52e6da82a85e2433f451f5580239f7abcacde630839ebb954d8,Balanced_Final_Split/Balanced_Final_Split/train/Healthy/train_227_Healthy Leaves_143.jpg,Healthy,Balanced_Final_Split/Balanced_Final_Split/train/Healthy/train_757_Healthy Leaves_143.jpg,Healthy,false
4da6cb5970452184f6288aff82b29fd87ba470dfd0cc9c34ddc1bf51a2ca88e6,Balanced_Final_Split/Balanced_Final_Split/train/Healthy/train_372_29ffbe00-4f75-496b-8bb5-dc1be1eb73b3___Mt.N.V_HL 8956_new30degFlipLR.JPG,Healthy,Balanced_Final_Split/Balanced_Final_Split/train/Healthy/train_759_29ffbe00-4f75-496b-8bb5-dc1be1eb73b3___Mt.N.V_HL 8956_new30degFlipLR.JPG,Healthy,false
3699da0af5f1880cd3ea37b7ea9f89c80f1ea5bc996a90d2568dc54a068a05ff,Balanced_Final_Split/Balanced_Final_Split/train/Healthy/train_363_Healthy Leaves_27.jpg,Healthy,Balanced_Final_Split/Balanced_Final_Split/train/Healthy/train_771_Healthy Leaves_27.jpg,Healthy,false
aedd208481fe7dd9121fb899120f15edd6038970a41d6c52cbe7c98338f254b4,Balanced_Final_Split/Balanced_Final_Split/train/Healthy/train_37_8e9f476c-e7ea-496e-a367-d384d1be2654___Mt.N.V_HL 8995_new30degFlipLR.JPG,Healthy,Balanced_Final_Split/Balanced_Final_Split/train/Healthy/train_78_8e9f476c-e7ea-496e-a367-d384d1be2654___Mt.N.V_HL 8995_new30degFlipLR.JPG,Healthy,false
ce9f560b8077e067b4a6984b4dd8a8e953a768eee1cc392c4ee59dc241915cc9,Balanced_Final_Split/Balanced_Final_Split/train/Healthy/train_554_Healthy Leaves_795.jpg,Healthy,Balanced_Final_Split/Balanced_Final_Split/train/Healthy/train_79_Healthy Leaves_540.jpg,Healthy,false
478d7f9645c671377920f42981561d70e7178b9a348af39e9b1560793bc402e0,Balanced_Final_Split/Balanced_Final_Split/train/Healthy/train_259_4b112b4d-b429-4c62-9c5f-72d07bc0089f___Mt.N.V_HL 6204_90deg.JPG,Healthy,Balanced_Final_Split/Balanced_Final_Split/train/Healthy/train_806_4b112b4d-b429-4c62-9c5f-72d07bc0089f___Mt.N.V_HL 6204_90deg.JPG,Healthy,false
14bafe5c4d41005e19de13ac7189e774c3754255235e6e30556e2f6b8713837d,Balanced_Final_Split/Balanced_Final_Split/train/Healthy/train_672_07c7232b-5cdb-4bab-9413-e0108a48526f___Mt.N.V_HL 8957_180deg.JPG,Healthy,Balanced_Final_Split/Balanced_Final_Split/train/Healthy/train_825_07c7232b-5cdb-4bab-9413-e0108a48526f___Mt.N.V_HL 8957_180deg.JPG,Healthy,false
514e9174079813522d051aba0d35cdd88e46cd31c8305cf03687c23d8b03f6b6,Balanced_Final_Split/Balanced_Final_Split/train/Healthy/train_171_f8bb34c3-13a4-4762-a16d-79ec49823e3e___Mt.N.V_HL 8911.JPG,Healthy,Balanced_Final_Split/Balanced_Final_Split/train/Healthy/train_834_f8bb34c3-13a4-4762-a16d-79ec49823e3e___Mt.N.V_HL 8911.JPG,Healthy,false
e47c526b926dfd6e3e89cf5aebae7a08f3e93f0c427e80dee436786cb1249e2e,Balanced_Final_Split/Balanced_Final_Split/train/Healthy/train_515_8a26b175-a0e1-4d0a-8645-0563bd053a32___Mt.N.V_HL 6211.JPG,Healthy,Balanced_Final_Split/Balanced_Final_Split/train/Healthy/train_840_8a26b175-a0e1-4d0a-8645-0563bd053a32___Mt.N.V_HL 6211.JPG,Healthy,false
e990ef81ac3e7dde4462b6976b2b068b929a057e9d554d53fa0d4332dc06f5fe,Balanced_Final_Split/Balanced_Final_Split/train/Healthy/train_720_fa55ec79-9e54-4cb7-a926-658fb7afe4d6___Mt.N.V_HL 9056_new30degFlipLR.JPG,Healthy,Balanced_Final_Split/Balanced_Final_Split/train/Healthy/train_854_fa55ec79-9e54-4cb7-a926-658fb7afe4d6___Mt.N.V_HL 9056_new30degFlipLR.JPG,Healthy,false
3b3c6f22cb95c45ae18b270d3ae7db48cf87a68139c6b98af29af3e8deded38d,Balanced_Final_Split/Balanced_Final_Split/train/Healthy/train_660_Healthy Leaves_52.jpg,Healthy,Balanced_Final_Split/Balanced_Final_Split/train/Healthy/train_856_Healthy Leaves_52.jpg,Healthy,false
0bb9d3b9467b34f0c808b7d4192816b1369e6965082ea9b168344e7cad2d8384,Balanced_Final_Split/Balanced_Final_Split/train/Healthy/train_541_f436f07c-ff87-4871-b712-5f282912f70c___Mt.N.V_HL 6180_new30degFlipLR.JPG,Healthy,Balanced_Final_Split/Balanced_Final_Split/train/Healthy/train_857_f436f07c-ff87-4871-b712-5f282912f70c___Mt.N.V_HL 6180_new30degFlipLR.JPG,Healthy,false
52b7b1443f91ecfa2b45ac7c38a17dbc92b587025f52f19618f5b28df2efd057,Balanced_Final_Split/Balanced_Final_Split/train/Healthy/train_450_51665d49-a91d-4790-a705-425d3bd9e62a___Mt.N.V_HL 6172_new30degFlipLR.JPG,Healthy,Balanced_Final_Split/Balanced_Final_Split/train/Healthy/train_865_51665d49-a91d-4790-a705-425d3bd9e62a___Mt.N.V_HL 6172_new30degFlipLR.JPG,Healthy,false
c3ea73654e2551e36c06e0029379afbfe86815b5eedb775e1c4acc4d700d6665,Balanced_Final_Split/Balanced_Final_Split/train/Healthy/train_671_Healthy Leaves_1.jpg,Healthy,Balanced_Final_Split/Balanced_Final_Split/train/Healthy/train_869_Healthy Leaves_1.jpg,Healthy,false
1a5c61233ea59f1fd73f5051bfe3a05f09b8924a3802c665f8cad5e636a903f5,Balanced_Final_Split/Balanced_Final_Split/train/Healthy/train_481_Healthy Leaves_185.jpg,Healthy,Balanced_Final_Split/Balanced_Final_Split/train/Healthy/train_870_Healthy Leaves_185.jpg,Healthy,false
6c67f4be0262dc815a1bab6cd22c347763cdb5a73df72608de8673388d558b3e,Balanced_Final_Split/Balanced_Final_Split/train/Healthy/train_417_0f7500d4-cf47-4f9f-a505-455a4f7ca2e6___Mt.N.V_HL 9043_180deg.JPG,Healthy,Balanced_Final_Split/Balanced_Final_Split/train/Healthy/train_881_0f7500d4-cf47-4f9f-a505-455a4f7ca2e6___Mt.N.V_HL 9043_180deg.JPG,Healthy,false
a8399db87eb67c60592119f086717dd9dc7cf7c2a2756c85f3fdd774673b48e3,Balanced_Final_Split/Balanced_Final_Split/train/Healthy/train_543_18db578d-ab6c-4469-8e07-01d8c211a91f___Mt.N.V_HL 8983_180deg.JPG,Healthy,Balanced_Final_Split/Balanced_Final_Split/train/Healthy/train_882_18db578d-ab6c-4469-8e07-01d8c211a91f___Mt.N.V_HL 8983_180deg.JPG,Healthy,false
7d206e87357dcfdd267cec95d546827713d0a6774beb24d8eee1eb2ec361f7a7,Balanced_Final_Split/Balanced_Final_Split/train/Healthy/train_518_0f8906e9-86e1-49f8-aea0-3e887924799d___Mt.N.V_HL 9012_new30degFlipLR.JPG,Healthy,Balanced_Final_Split/Balanced_Final_Split/train/Healthy/train_98_0f8906e9-86e1-49f8-aea0-3e887924799d___Mt.N.V_HL 9012_new30degFlipLR.JPG,Healthy,false
06ea70b1b24a52ffe3bdc550dbbcb7a270dbcc84a9867348256d67e011c6cc12,Balanced_Final_Split/Balanced_Final_Split/train/PowderyMildew/train_160_Powdery Mildew_202.jpg,PowderyMildew,Balanced_Final_Split/Balanced_Final_Split/train/PowderyMildew/train_169_Powdery Mildew_202.jpg,PowderyMildew,false
a3484581181975499b5abfbe426eca7f89e3f1cc882ed0d503a4e3b9412bc083,Balanced_Final_Split/Balanced_Final_Split/train/PowderyMildew/train_139_Powdery Mildew_60.jpg,PowderyMildew,Balanced_Final_Split/Balanced_Final_Split/train/PowderyMildew/train_183_Powdery Mildew_60.jpg,PowderyMildew,false
c0efa0653819b56e339560efcc2a58805f3d11f2a14c71d140cf294d3530ac81,Balanced_Final_Split/Balanced_Final_Split/train/PowderyMildew/train_174_Powdery Mildew_28.jpg,PowderyMildew,Balanced_Final_Split/Balanced_Final_Split/train/PowderyMildew/train_191_Powdery Mildew_28.jpg,PowderyMildew,false
2442a612645ba8881a5401bc0e5710552d9a157e478c1cd1071b3f40ece7a383,Balanced_Final_Split/Balanced_Final_Split/train/PowderyMildew/train_187_Powdery Mildew_367.JPG,PowderyMildew,Balanced_Final_Split/Balanced_Final_Split/train/PowderyMildew/train_221_Powdery Mildew_387.JPG,PowderyMildew,false
ca3691b79d100cb39ab4e470173c3dc09ec030b8e0126672fc0352a530100a18,Balanced_Final_Split/Balanced_Final_Split/train/PowderyMildew/train_111_Powdery Mildew_271.jpg,PowderyMildew,Balanced_Final_Split/Balanced_Final_Split/train/PowderyMildew/train_257_Powdery Mildew_271.jpg,PowderyMildew,false
5b5a45107a3569850d158824561129071e39b2b0d3ec77622303536a67ba1b7f,Balanced_Final_Split/Balanced_Final_Split/train/PowderyMildew/train_12_Powdery Mildew_138.jpg,PowderyMildew,Balanced_Final_Split/Balanced_Final_Split/train/PowderyMildew/train_288_Powdery Mildew_138.jpg,PowderyMildew,false
4dd16766e59cf3862c047d75e53654c93230c05771c0495cb4fbdfeae5bb20e6,Balanced_Final_Split/Balanced_Final_Split/train/PowderyMildew/train_369_Powdery Mildew_383.JPG,PowderyMildew,Balanced_Final_Split/Balanced_Final_Split/train/PowderyMildew/train_371_Powdery Mildew_383.JPG,PowderyMildew,false
10197557d2f06b4527230833aaf610b506266a36005f73d4f16db1195c484123,Balanced_Final_Split/Balanced_Final_Split/train/PowderyMildew/train_133_Powdery Mildew_318.jpg,PowderyMildew,Balanced_Final_Split/Balanced_Final_Split/train/PowderyMildew/train_378_Powdery Mildew_318.jpg,PowderyMildew,false
faeadad27d865cabdb81806a38ae28cd893cb11e2736831d19ebca1edc22b29b,Balanced_Final_Split/Balanced_Final_Split/train/PowderyMildew/train_134_Powdery Mildew_254.jpg,PowderyMildew,Balanced_Final_Split/Balanced_Final_Split/train/PowderyMildew/train_387_Powdery Mildew_254.jpg,PowderyMildew,false
eb7157a6f9e4a4f3714222e88832bc88a4de149a589fc96b6ddddd0766451835,Balanced_Final_Split/Balanced_Final_Split/train/PowderyMildew/train_336_Powdery Mildew_115.jpg,PowderyMildew,Balanced_Final_Split/Balanced_Final_Split/train/PowderyMildew/train_391_Powdery Mildew_115.jpg,PowderyMildew,false
eeea2579dde1f282673ece5a7575024d01f681a2e23c60ba4463fa931b8981b5,Balanced_Final_Split/Balanced_Final_Split/train/PowderyMildew/train_104_Powdery Mildew_362.jpg,PowderyMildew,Balanced_Final_Split/Balanced_Final_Split/train/PowderyMildew/train_431_Powdery Mildew_362.jpg,PowderyMildew,false
505d57b959cd180b922941c84d2279992171f3e844d0babefdba10f5d1513123,Balanced_Final_Split/Balanced_Final_Split/train/PowderyMildew/train_152_Powdery Mildew_229.jpg,PowderyMildew,Balanced_Final_Split/Balanced_Final_Split/train/PowderyMildew/train_435_Powdery Mildew_229.jpg,PowderyMildew,false
ce9d6f9aa0379043d4283b7534b91e7f30a6f133d40fb6365937e07ce55d29e0,Balanced_Final_Split/Balanced_Final_Split/train/PowderyMildew/train_200_Powdery Mildew_338.jpg,PowderyMildew,Balanced_Final_Split/Balanced_Final_Split/train/PowderyMildew/train_445_Powdery Mildew_338.jpg,PowderyMildew,false
093daabf825b4132147cd783ca601e435697e62fd4cb6f99cd6b28be5d83cfa2,Balanced_Final_Split/Balanced_Final_Split/train/PowderyMildew/train_207_Powdery Mildew_82.jpg,PowderyMildew,Balanced_Final_Split/Balanced_Final_Split/train/PowderyMildew/train_451_Powdery Mildew_82.jpg,PowderyMildew,false
7b0da8c1c256bd74e6131398fbeaae9f787b1fa191adc767a19fb53306d49980,Balanced_Final_Split/Balanced_Final_Split/train/PowderyMildew/train_489_Powdery Mildew_5.png,PowderyMildew,Balanced_Final_Split/Balanced_Final_Split/train/PowderyMildew/train_495_Powdery Mildew_5.png,PowderyMildew,false
075bf3aa204018c534b65808562984d8a75aac3b01ddf540f55b98aa96bbdf4b,Balanced_Final_Split/Balanced_Final_Split/train/PowderyMildew/train_267_Powdery Mildew_234.jpg,PowderyMildew,Balanced_Final_Split/Balanced_Final_Split/train/PowderyMildew/train_500_Powdery Mildew_234.jpg,PowderyMildew,false
1d5c6ec9aff2b10bf8b9b34a8b0c0a4b3248f69179f69c08d6535b93e00014d6,Balanced_Final_Split/Balanced_Final_Split/train/PowderyMildew/train_459_Powdery Mildew_308.jpg,PowderyMildew,Balanced_Final_Split/Balanced_Final_Split/train/PowderyMildew/train_508_Powdery Mildew_308.jpg,PowderyMildew,false
4c72a0131c0cd3f717fe420f6c09ce84179280f1e7b6ffd433f153f6efc26ac9,Balanced_Final_Split/Balanced_Final_Split/train/PowderyMildew/train_254_Powdery Mildew_310.jpg,PowderyMildew,Balanced_Final_Split/Balanced_Final_Split/train/PowderyMildew/train_512_Powdery Mildew_310.jpg,PowderyMildew,false
2dada8da313ea3f5071f70ffa7a6835a89eb2c7b76d716ddd9a648b9f125aa9d,Balanced_Final_Split/Balanced_Final_Split/train/PowderyMildew/train_342_Powdery Mildew_143.jpg,PowderyMildew,Balanced_Final_Split/Balanced_Final_Split/train/PowderyMildew/train_533_Powdery Mildew_143.jpg,PowderyMildew,false
075dca14b3d913eab97283c01b87c6bad4847c3617f24a7385d05fefe7275f8a,Balanced_Final_Split/Balanced_Final_Split/train/PowderyMildew/train_345_Powdery Mildew_21.jpg,PowderyMildew,Balanced_Final_Split/Balanced_Final_Split/train/PowderyMildew/train_534_Powdery Mildew_21.jpg,PowderyMildew,false
0c26e22de2b1c08655192e1235de698b86d9f772a4b4bcf8b5e57f5e5e099385,Balanced_Final_Split/Balanced_Final_Split/train/PowderyMildew/train_481_Powdery Mildew_298.jpg,PowderyMildew,Balanced_Final_Split/Balanced_Final_Split/train/PowderyMildew/train_557_Powdery Mildew_298.jpg,PowderyMildew,false
baa644beebf40f2991665b6ee3860af876f796ccac0b827368eb09adc9023b5b,Balanced_Final_Split/Balanced_Final_Split/train/PowderyMildew/train_311_Powdery Mildew_333.jpg,PowderyMildew,Balanced_Final_Split/Balanced_Final_Split/train/PowderyMildew/train_578_Powdery Mildew_333.jpg,PowderyMildew,false
c1892b2ab6aa4e5d4da794cd115fca9763ffc7e5aa43e8da3e00d8ecb5c4a111,Balanced_Final_Split/Balanced_Final_Split/train/PowderyMildew/train_493_Powdery Mildew_64.jpg,PowderyMildew,Balanced_Final_Split/Balanced_Final_Split/train/PowderyMildew/train_58_Powdery Mildew_64.jpg,PowderyMildew,false
416d7c21a55719d68abbf352b5b2a0f776bfb971dbf78a28e1353cbeccc6fca5,Balanced_Final_Split/Balanced_Final_Split/train/PowderyMildew/train_188_Powdery Mildew_58.jpg,PowderyMildew,Balanced_Final_Split/Balanced_Final_Split/train/PowderyMildew/train_604_Powdery Mildew_58.jpg,PowderyMildew,false
3bbe31cee05628408d9c5b118f035635a80f67288ae091e1d4a47b69e62b81bc,Balanced_Final_Split/Balanced_Final_Split/train/PowderyMildew/train_159_Powdery Mildew_95.jpg,PowderyMildew,Balanced_Final_Split/Balanced_Final_Split/train/PowderyMildew/train_620_Powdery Mildew_95.jpg,PowderyMildew,false
d574e2d90d209daf54faee557936ac3ec42085f6ad57d341ec1851140502aa9b,Balanced_Final_Split/Balanced_Final_Split/train/PowderyMildew/train_607_Powdery Mildew_349.jpg,PowderyMildew,Balanced_Final_Split/Balanced_Final_Split/train/PowderyMildew/train_635_Powdery Mildew_349.jpg,PowderyMildew,false
f4c75071d6892208cab15a3dbadd0189f20f4ff7b39c999014b911c4f90ead27,Balanced_Final_Split/Balanced_Final_Split/train/PowderyMildew/train_293_Powdery Mildew_76.jpg,PowderyMildew,Balanced_Final_Split/Balanced_Final_Split/train/PowderyMildew/train_653_Powdery Mildew_76.jpg,PowderyMildew,false
359ab59bd279380675a7d3ee109ce6aacc252d1c9b288b5770f93cfc4b26ac0f,Balanced_Final_Split/Balanced_Final_Split/train/PowderyMildew/train_286_Powdery Mildew_25.jpg,PowderyMildew,Balanced_Final_Split/Balanced_Final_Split/train/PowderyMildew/train_66_Powdery Mildew_25.jpg,PowderyMildew,false
7179c54091c74882b4c8ab0cb2a74957f103e94ee49880167468bf4165f1975d,Balanced_Final_Split/Balanced_Final_Split/train/PowderyMildew/train_113_Powdery Mildew_332.jpg,PowderyMildew,Balanced_Final_Split/Balanced_Final_Split/train/PowderyMildew/train_681_Powdery Mildew_332.jpg,PowderyMildew,false
1845001e3109a0df0b91b073322c2a2b3dd179c630fde55f57119d627001e36d,Balanced_Final_Split/Balanced_Final_Split/train/PowderyMildew/train_351_Powdery Mildew_287.jpg,PowderyMildew,Balanced_Final_Split/Balanced_Final_Split/train/PowderyMildew/train_689_Powdery Mildew_287.jpg,PowderyMildew,false
53587801c82623aaf5cb47ea3c87e15946752d91f2b22e3bf95c4f4b8c0c57dd,Balanced_Final_Split/Balanced_Final_Split/train/PowderyMildew/train_176_Powdery Mildew_162.jpg,PowderyMildew,Balanced_Final_Split/Balanced_Final_Split/train/PowderyMildew/train_691_Powdery Mildew_162.jpg,PowderyMildew,false
cae62186339c03a5e020f68b6442cad32e319e160dd8655e6d3b5ef01fb7f96a,Balanced_Final_Split/Balanced_Final_Split/train/PowderyMildew/train_619_Powdery Mildew_321.jpg,PowderyMildew,Balanced_Final_Split/Balanced_Final_Split/train/PowderyMildew/train_696_Powdery Mildew_321.jpg,PowderyMildew,false
ee07383e12be620e60758f2d5f598cdfeae21da5d4fb7dca5d1bb4c459b4e5fb,Balanced_Final_Split/Balanced_Final_Split/train/PowderyMildew/train_195_Powdery Mildew_232.jpg,PowderyMildew,Balanced_Final_Split/Balanced_Final_Split/train/PowderyMildew/train_698_Powdery Mildew_232.jpg,PowderyMildew,false
ce336824755dd2edc6567884b937fd0b1d94e18c114a53e2652f32d22f95a7c0,Balanced_Final_Split/Balanced_Final_Split/train/PowderyMildew/train_119_Powdery Mildew_199.jpg,PowderyMildew,Balanced_Final_Split/Balanced_Final_Split/train/PowderyMildew/train_69_Powdery Mildew_199.jpg,PowderyMildew,false
98e2d0cc260c84ecddf67c7d45e7018ded61d124c808263db46fec46a35c50de,Balanced_Final_Split/Balanced_Final_Split/train/PowderyMildew/train_466_Powdery Mildew_157.jpg,PowderyMildew,Balanced_Final_Split/Balanced_Final_Split/train/PowderyMildew/train_703_Powdery Mildew_157.jpg,PowderyMildew,false
c00b3a4985155f2a35edcadffb53af07b165f7400948933a41d7ace0e9ec8469,Balanced_Final_Split/Balanced_Final_Split/train/PowderyMildew/train_488_Powdery Mildew_342.jpg,PowderyMildew,Balanced_Final_Split/Balanced_Final_Split/train/PowderyMildew/train_707_Powdery Mildew_342.jpg,PowderyMildew,false
ba294f83192efdd4bc3dd57dbd6ac4887a7615e2a6530936a4d071533ac59365,Balanced_Final_Split/Balanced_Final_Split/train/PowderyMildew/train_483_Powdery Mildew_31.jpg,PowderyMildew,Balanced_Final_Split/Balanced_Final_Split/train/PowderyMildew/train_717_Powdery Mildew_31.jpg,PowderyMildew,false
9ed7099e0015509e1083504bb92a89362d96b26008da0c261da074ad5261d4c5,Balanced_Final_Split/Balanced_Final_Split/train/PowderyMildew/train_625_Powdery Mildew_103.jpg,PowderyMildew,Balanced_Final_Split/Balanced_Final_Split/train/PowderyMildew/train_721_Powdery Mildew_103.jpg,PowderyMildew,false
013fc41d1317703a1387ee516dc7e4455d6103cce8641c443f7d8281604348ad,Balanced_Final_Split/Balanced_Final_Split/train/PowderyMildew/train_501_Powdery Mildew_245.jpg,PowderyMildew,Balanced_Final_Split/Balanced_Final_Split/train/PowderyMildew/train_746_Powdery Mildew_245.jpg,PowderyMildew,false
8c2ca48da6ff3b3f9e1808a11b915a3e7e33b8785122d972ee3696b536924e38,Balanced_Final_Split/Balanced_Final_Split/train/PowderyMildew/train_285_Powdery Mildew_312.jpg,PowderyMildew,Balanced_Final_Split/Balanced_Final_Split/train/PowderyMildew/train_747_Powdery Mildew_312.jpg,PowderyMildew,false
40bad85e26d8f7a01d77cd7cca2be59a519f78e2eb8d575d62b5a573272c7b20,Balanced_Final_Split/Balanced_Final_Split/train/PowderyMildew/train_33_Powdery Mildew_131.jpg,PowderyMildew,Balanced_Final_Split/Balanced_Final_Split/train/PowderyMildew/train_757_Powdery Mildew_131.jpg,PowderyMildew,false
02396d7a0a31a0b0f054f40df6a4b8676506aa53b7327a6ccbe784004d6f20c0,Balanced_Final_Split/Balanced_Final_Split/train/PowderyMildew/train_107_Powdery Mildew_352.jpg,PowderyMildew,Balanced_Final_Split/Balanced_Final_Split/train/PowderyMildew/train_761_Powdery Mildew_352.jpg,PowderyMildew,false
28d271ea9f4bd4fd2ff5298ca5e557ec321cb32188769cbe6da64d32492e4b24,Balanced_Final_Split/Balanced_Final_Split/train/PowderyMildew/train_722_Powdery Mildew_214.jpg,PowderyMildew,Balanced_Final_Split/Balanced_Final_Split/train/PowderyMildew/train_767_Powdery Mildew_214.jpg,PowderyMildew,false
fc32ef62f4887c815a801e0f06251d070922567ecea0180897c7d082c8259e4a,Balanced_Final_Split/Balanced_Final_Split/train/PowderyMildew/train_548_Powdery Mildew_81.jpg,PowderyMildew,Balanced_Final_Split/Balanced_Final_Split/train/PowderyMildew/train_772_Powdery Mildew_81.jpg,PowderyMildew,false
fa419c1e0ec88d0b827a7595dc02e4a274c444d787eb9f352a831359a4b91f1e,Balanced_Final_Split/Balanced_Final_Split/train/PowderyMildew/train_706_Powdery Mildew_56.jpg,PowderyMildew,Balanced_Final_Split/Balanced_Final_Split/train/PowderyMildew/train_774_Powdery Mildew_56.jpg,PowderyMildew,false
d13b49e7d11bc05eada8e3fd584e4127a055752c6bed8a7a63a85566b032848e,Balanced_Final_Split/Balanced_Final_Split/train/PowderyMildew/train_196_Powdery Mildew_122.jpg,PowderyMildew,Balanced_Final_Split/Balanced_Final_Split/train/PowderyMildew/train_786_Powdery Mildew_122.jpg,PowderyMildew,false
53038162684531a4c2a2f19170cc6dfe2e55c23b676562cea3aba43ab837fd60,Balanced_Final_Split/Balanced_Final_Split/train/PowderyMildew/train_112_Powdery Mildew_390.JPG,PowderyMildew,Balanced_Final_Split/Balanced_Final_Split/train/PowderyMildew/train_797_Powdery Mildew_390.JPG,PowderyMildew,false
cbc07a9d124e7162c6f72721e4fd8366edce239254d69442de8733375c3aa973,Balanced_Final_Split/Balanced_Final_Split/train/PowderyMildew/train_765_Powdery Mildew_389.JPG,PowderyMildew,Balanced_Final_Split/Balanced_Final_Split/train/PowderyMildew/train_7_Powdery Mildew_389.JPG,PowderyMildew,false
295dad3b73496f611dca9bbfd38978cfd68d47e418d94c10e25f2b14aca25148,Balanced_Final_Split/Balanced_Final_Split/train/PowderyMildew/train_496_Powdery Mildew_343.jpg,PowderyMildew,Balanced_Final_Split/Balanced_Final_Split/train/PowderyMildew/train_817_Powdery Mildew_343.jpg,PowderyMildew,false
50932fa182f9a5c52073fbd62901a38b9907ca3095e7135d1a4a76c0a79ca678,Balanced_Final_Split/Balanced_Final_Split/train/PowderyMildew/train_449_Powdery Mildew_348.jpg,PowderyMildew,Balanced_Final_Split/Balanced_Final_Split/train/PowderyMildew/train_81_Powdery Mildew_348.jpg,PowderyMildew,false
012bfec3f0d884b7ff2803643a668d81ec4801b53bf3f4035672e1f5a3b4e1d1,Balanced_Final_Split/Balanced_Final_Split/train/PowderyMildew/train_333_Powdery Mildew_294.jpg,PowderyMildew,Balanced_Final_Split/Balanced_Final_Split/train/PowderyMildew/train_824_Powdery Mildew_294.jpg,PowderyMildew,false
e46cfc6cb83a84fabd9edd7b4b2ef46f8ae76f4d092c32a75591aefa28c8389f,Balanced_Final_Split/Balanced_Final_Split/train/PowderyMildew/train_504_Powdery Mildew_59.jpg,PowderyMildew,Balanced_Final_Split/Balanced_Final_Split/train/PowderyMildew/train_831_Powdery Mildew_59.jpg,PowderyMildew,false
1900058c98170e837dcf1650b35198614e3883cbda04d169ea778826d04294ab,Balanced_Final_Split/Balanced_Final_Split/train/PowderyMildew/train_581_Powdery Mildew_152.jpg,PowderyMildew,Balanced_Final_Split/Balanced_Final_Split/train/PowderyMildew/train_842_Powdery Mildew_152.jpg,PowderyMildew,false
bac683fbd3d01877e30dc26010fcdd85c45f6fcd1c313330d1bdf586424999db,Balanced_Final_Split/Balanced_Final_Split/train/PowderyMildew/train_147_Powdery Mildew_169.jpg,PowderyMildew,Balanced_Final_Split/Balanced_Final_Split/train/PowderyMildew/train_843_Powdery Mildew_169.jpg,PowderyMildew,false
e024465fae4b08b4fafb6891da2c39f8ca92294b637cd61b839d0f26842f0194,Balanced_Final_Split/Balanced_Final_Split/train/PowderyMildew/train_715_Powdery Mildew_377.JPG,PowderyMildew,Balanced_Final_Split/Balanced_Final_Split/train/PowderyMildew/train_847_Powdery Mildew_377.JPG,PowderyMildew,false
2ec871d4bdefc39bd434fc01d3003bac27203bb8d3c4c5bedc4bfa70c2cc2f9e,Balanced_Final_Split/Balanced_Final_Split/train/PowderyMildew/train_838_Powdery Mildew_46.jpg,PowderyMildew,Balanced_Final_Split/Balanced_Final_Split/train/PowderyMildew/train_848_Powdery Mildew_46.jpg,PowderyMildew,false
2d3c41753b0b3f0059982cb33c33f671566a8f13f10f338726f5b7df01d23c6e,Balanced_Final_Split/Balanced_Final_Split/train/PowderyMildew/train_57_Powdery Mildew_117.jpg,PowderyMildew,Balanced_Final_Split/Balanced_Final_Split/train/PowderyMildew/train_84_Powdery Mildew_117.jpg,PowderyMildew,false
024a9b6cf8f7245ebda0d693bd54d4e1d348bf42937d0e5d2b0d175f58639bf2,Balanced_Final_Split/Balanced_Final_Split/train/PowderyMildew/train_727_Powdery Mildew_201.jpg,PowderyMildew,Balanced_Final_Split/Balanced_Final_Split/train/PowderyMildew/train_850_Powdery Mildew_201.jpg,PowderyMildew,false
3332a73104a268f4917a6cd326a59dbcf01f30b582c9955f9c056b3b9f816b43,Balanced_Final_Split/Balanced_Final_Split/train/PowderyMildew/train_513_Powdery Mildew_109.jpg,PowderyMildew,Balanced_Final_Split/Balanced_Final_Split/train/PowderyMildew/train_852_Powdery Mildew_109.jpg,PowderyMildew,false
7065bcd98f44c2d85b1fac92ee9cabefc0444b4d2840e70a23a8b4aabcb31e90,Balanced_Final_Split/Balanced_Final_Split/train/PowderyMildew/train_222_Powdery Mildew_185.jpg,PowderyMildew,Balanced_Final_Split/Balanced_Final_Split/train/PowderyMildew/train_857_Powdery Mildew_185.jpg,PowderyMildew,false
486d874acf26acbcf76d3dfb371f049b68f8eedd94f386cc1041d938533efaaa,Balanced_Final_Split/Balanced_Final_Split/train/PowderyMildew/train_237_Powdery Mildew_255.jpg,PowderyMildew,Balanced_Final_Split/Balanced_Final_Split/train/PowderyMildew/train_859_Powdery Mildew_255.jpg,PowderyMildew,false
13b361cbc9ba686f8ca929c2067bf9ac3076df6120f791f2ab7589aeedceec12,Balanced_Final_Split/Balanced_Final_Split/train/PowderyMildew/train_249_Powdery Mildew_379.JPG,PowderyMildew,Balanced_Final_Split/Balanced_Final_Split/train/PowderyMildew/train_893_Powdery Mildew_379.JPG,PowderyMildew,false
cac7a2e39f9defdbaf503352f01e9a5611152ca90d375aead185bd3803369aa1,Balanced_Final_Split/Balanced_Final_Split/train/PowderyMildew/train_212_Powdery Mildew_396.JPG,PowderyMildew,Balanced_Final_Split/Balanced_Final_Split/train/PowderyMildew/train_894_Powdery Mildew_396.JPG,PowderyMildew,false
b9159cbca89ffa363dd2457484c8b851c9a207a6d7e87f2652ee3495bdf4952d,Balanced_Final_Split/Balanced_Final_Split/train/PowderyMildew/train_158_Powdery Mildew_263.jpg,PowderyMildew,Balanced_Final_Split/Balanced_Final_Split/train/PowderyMildew/train_92_Powdery Mildew_263.jpg,PowderyMildew,false
b6286d241035db5c37e79a1076dfcc84ea6e4a314e7ffaba1eb93b54d3e9f139,Balanced_Final_Split/Balanced_Final_Split/train/BacterialSpot/train_0_Bacterial Leaf Spot_57.JPG,BacterialSpot,Balanced_Final_Split/Balanced_Final_Split/test/BacterialSpot/test_0_Bacterial Leaf Spot_57.JPG,BacterialSpot,false
b74154e46297df41200f9f6c0235e60fb8e7596596f85f95e830b1e24c803ccd,Balanced_Final_Split/Balanced_Final_Split/train/BacterialSpot/train_100_Bacterial Leaf Spot_57.JPG,BacterialSpot,Balanced_Final_Split/Balanced_Final_Split/test/BacterialSpot/test_100_Bacterial Leaf Spot_57.JPG,BacterialSpot,false
318abf3cb2fd7477ce052fd55858ff0f4838da3afe39e33e98efc482ea511ffe,Balanced_Final_Split/Balanced_Final_Split/train/BacterialSpot/train_101_Bacterial Leaf Spot_56.jpg,BacterialSpot,Balanced_Final_Split/Balanced_Final_Split/test/BacterialSpot/test_101_Bacterial Leaf Spot_56.jpg,BacterialSpot,false
ee54a40053acc8fdcfe4e658429a1078eda25e2e918fadaa875d5130f47faafa,Balanced_Final_Split/Balanced_Final_Split/train/BacterialSpot/train_102_Bacterial Leaf Spot_15.jpg,BacterialSpot,Balanced_Final_Split/Balanced_Final_Split/test/BacterialSpot/test_102_Bacterial Leaf Spot_15.jpg,BacterialSpot,false
ec5a99ef8e4ef83dbaf341f2b0da8b623d1b699cadf7ab5bfa1c16cb3138576c,Balanced_Final_Split/Balanced_Final_Split/train/BacterialSpot/train_103_Bacterial Leaf Spot_24.png,BacterialSpot,Balanced_Final_Split/Balanced_Final_Split/test/BacterialSpot/test_103_Bacterial Leaf Spot_24.png,BacterialSpot,false
8e5fa61667aff1a2a3918ab02bafa2bd0597db6e5a20ff1a46866ae6d22e340d,Balanced_Final_Split/Balanced_Final_Split/train/BacterialSpot/train_104_Bacterial Leaf Spot_80.jpg,BacterialSpot,Balanced_Final_Split/Balanced_Final_Split/test/BacterialSpot/test_104_Bacterial Leaf Spot_80.jpg,BacterialSpot,false
0e054d4e838b1a943f6f0ef591b4b50538c1f140c382fa3331287ec8e5dbe77f,Balanced_Final_Split/Balanced_Final_Split/train/BacterialSpot/train_105_Bacterial Leaf Spot_65.jpg,BacterialSpot,Balanced_Final_Split/Balanced_Final_Split/test/BacterialSpot/test_105_Bacterial Leaf Spot_65.jpg,BacterialSpot,false
1b6fe678ac7bb95ffd21ca9d116db16439e191bc3dbeb1b85067d597db274fab,Balanced_Final_Split/Balanced_Final_Split/train/BacterialSpot/train_106_Bacterial Leaf Spot_16.jpg,BacterialSpot,Balanced_Final_Split/Balanced_Final_Split/test/BacterialSpot/test_106_Bacterial Leaf Spot_16.jpg,BacterialSpot,false
2a3ffa6fcc86e43cc64851b26c4e73be5bfbf2cbb7111a8db027d1ea8dd025a3,Balanced_Final_Split/Balanced_Final_Split/train/BacterialSpot/train_107_Bacterial Leaf Spot_85.png,BacterialSpot,Balanced_Final_Split/Balanced_Final_Split/test/BacterialSpot/test_107_Bacterial Leaf Spot_85.png,BacterialSpot,false
5ba47d9be221f070a456f6c1b9b2087a41b9454cd599f95ef723cc49fa70fe55,Balanced_Final_Split/Balanced_Final_Split/train/BacterialSpot/train_108_Bacterial Leaf Spot_30.JPG,BacterialSpot,Balanced_Final_Split/Balanced_Final_Split/test/BacterialSpot/test_108_Bacterial Leaf Spot_30.JPG,BacterialSpot,false
b9fc3970aceef0fd5448834da73a611c706053a6d8a948df0535c5e2caa240f2,Balanced_Final_Split/Balanced_Final_Split/train/BacterialSpot/train_109_Bacterial Leaf Spot_93.png,BacterialSpot,Balanced_Final_Split/Balanced_Final_Split/test/BacterialSpot/test_109_Bacterial Leaf Spot_93.png,BacterialSpot,false
ebadbe7db0140b727f6caafab3fcdfa68dec97bce042395cf306e572fc34a288,Balanced_Final_Split/Balanced_Final_Split/train/BacterialSpot/train_10_Bacterial Leaf Spot_88.png,BacterialSpot,Balanced_Final_Split/Balanced_Final_Split/test/BacterialSpot/test_10_Bacterial Leaf Spot_88.png,BacterialSpot,false
427c70cacb7630a1849609043346b1bdd84695264a4f7e0f6f815cd3ddaa231d,Balanced_Final_Split/Balanced_Final_Split/train/BacterialSpot/train_110_Bacterial Leaf Spot_88.png,BacterialSpot,Balanced_Final_Split/Balanced_Final_Split/test/BacterialSpot/test_110_Bacterial Leaf Spot_88.png,BacterialSpot,false
1420d41ff37164d2422ca67e278a734e27f166e9cae13832502cfd5118bede42,Balanced_Final_Split/Balanced_Final_Split/train/BacterialSpot/train_111_Bacterial Leaf Spot_25.jpg,BacterialSpot,Balanced_Final_Split/Balanced_Final_Split/test/BacterialSpot/test_111_Bacterial Leaf Spot_25.jpg,BacterialSpot,false
7086cbd774daff4b3cf70f6d9aecf2de78d8639447cdec1bf68ab80518e26c22,Balanced_Final_Split/Balanced_Final_Split/train/BacterialSpot/train_112_Bacterial Leaf Spot_70.jpg,BacterialSpot,Balanced_Final_Split/Balanced_Final_Split/test/BacterialSpot/test_112_Bacterial Leaf Spot_70.jpg,BacterialSpot,false
f569d5914b675ce3d32f387aa7205abe026110d3e6b5047e77f919290e069989,Balanced_Final_Split/Balanced_Final_Split/train/BacterialSpot/train_113_Bacterial Leaf Spot_71.jpg,BacterialSpot,Balanced_Final_Split/Balanced_Final_Split/test/BacterialSpot/test_113_Bacterial Leaf Spot_71.jpg,BacterialSpot,false
2a7509d8ee05bb9ff9c0ebdcf5681189bedc34745d4911770219505eef7da22a,Balanced_Final_Split/Balanced_Final_Split/train/BacterialSpot/train_114_Bacterial Leaf Spot_87.png,BacterialSpot,Balanced_Final_Split/Balanced_Final_Split/test/BacterialSpot/test_114_Bacterial Leaf Spot_87.png,BacterialSpot,false
5d0e640bc707b56d5d74fb5a9574aca1d6433e4a57df5e68452a24bbd09841b1,Balanced_Final_Split/Balanced_Final_Split/train/BacterialSpot/train_115_Bacterial Leaf Spot_60.jpg,BacterialSpot,Balanced_Final_Split/Balanced_Final_Split/test/BacterialSpot/test_115_Bacterial Leaf Spot_60.jpg,BacterialSpot,false
5e0fa581ed2e45e6299a3c85fb0536abc371ea69d21660faf6ef6d209c985453,Balanced_Final_Split/Balanced_Final_Split/train/BacterialSpot/train_116_Bacterial Leaf Spot_63.jpg,BacterialSpot,Balanced_Final_Split/Balanced_Final_Split/test/BacterialSpot/test_116_Bacterial Leaf Spot_63.jpg,BacterialSpot,false
89a918498b6105f188e2ff0222407cc3b6a7222703be802b5a99e0e672dc22e1,Balanced_Final_Split/Balanced_Final_Split/train/BacterialSpot/train_117_Bacterial Leaf Spot_2.jpg,BacterialSpot,Balanced_Final_Split/Balanced_Final_Split/test/BacterialSpot/test_117_Bacterial Leaf Spot_2.jpg,BacterialSpot,false
4cb90c337296daabc7a15b0a04343bde2fb077bd3b47e479cde0f6f406974d8a,Balanced_Final_Split/Balanced_Final_Split/train/BacterialSpot/train_118_Bacterial Leaf Spot_91.JPG,BacterialSpot,Balanced_Final_Split/Balanced_Final_Split/test/BacterialSpot/test_118_Bacterial Leaf Spot_91.JPG,BacterialSpot,false
edf79dc9ba6b0ee8af109a29b56a0ac5d64544c6acb28b64e1c1537ded401bc6,Balanced_Final_Split/Balanced_Final_Split/train/BacterialSpot/train_119_Bacterial Leaf Spot_52.jpg,BacterialSpot,Balanced_Final_Split/Balanced_Final_Split/test/BacterialSpot/test_119_Bacterial Leaf Spot_52.jpg,BacterialSpot,false
30a6a24b2d7336b41860b1aacaa565469d09d00eefbbdc75f01511deaf925594,Balanced_Final_Split/Balanced_Final_Split/train/BacterialSpot/train_11_Bacterial Leaf Spot_25.jpg,BacterialSpot,Balanced_Final_Split/Balanced_Final_Split/test/BacterialSpot/test_11_Bacterial Leaf Spot_25.jpg,BacterialSpot,false
f5e5147c790a7bec8c23c3bbb1d74b63b69a7ddd3e65a921ba17ec76ebda7160,Balanced_Final_Split/Balanced_Final_Split/train/BacterialSpot/train_120_Bacterial Leaf Spot_45.jpg,BacterialSpot,Balanced_Final_Split/Balanced_Final_Split/test/BacterialSpot/test_120_Bacterial Leaf Spot_45.jpg,BacterialSpot,false
b21de3c66f17a217921c07bc86128bd7a2ff80ccbb8fceace079e5696a182b66,Balanced_Final_Split/Balanced_Final_Split/train/BacterialSpot/train_121_Bacterial Leaf Spot_36.jpg,BacterialSpot,Balanced_Final_Split/Balanced_Final_Split/test/BacterialSpot/test_121_Bacterial Leaf Spot_36.jpg,BacterialSpot,false
40a783bbe55b7ef63d5d8305bda9adb1e110ca34c7a394e80f85a2908721917f,Balanced_Final_Split/Balanced_Final_Split/train/BacterialSpot/train_122_Bacterial Leaf Spot_47.jpg,BacterialSpot,Balanced_Final_Split/Balanced_Final_Split/test/BacterialSpot/test_122_Bacterial Leaf Spot_47.jpg,BacterialSpot,false
a79e95a4938b8a9a47abb2d64f0d52e6c9a26f8b5607074d388d45ec68698d41,Balanced_Final_Split/Balanced_Final_Split/train/BacterialSpot/train_123_Bacterial Leaf Spot_6.JPG,BacterialSpot,Balanced_Final_Split/Balanced_Final_Split/test/BacterialSpot/test_123_Bacterial Leaf Spot_6.JPG,BacterialSpot,false
ac270dc6c420d7cf7d37ae19e42cc6fa626b8d29be1cb36ab9710b859733f908,Balanced_Final_Split/Balanced_Final_Split/train/BacterialSpot/train_124_Bacterial Leaf Spot_95.png,BacterialSpot,Balanced_Final_Split/Balanced_Final_Split/test/BacterialSpot/test_124_Bacterial Leaf Spot_95.png,BacterialSpot,false
5eb098f9bf1fa3a782929da918adc06e0016c24789938e9e8ca21471268daf65,Balanced_Final_Split/Balanced_Final_Split/train/BacterialSpot/train_125_Bacterial Leaf Spot_64.jpg,BacterialSpot,Balanced_Final_Split/Balanced_Final_Split/test/BacterialSpot/test_125_Bacterial Leaf Spot_64.jpg,BacterialSpot,false
083c2d10a5feb7f55444977659989e26bd7bd96e24c5e344a7804455339528df,Balanced_Final_Split/Balanced_Final_Split/train/BacterialSpot/train_126_Bacterial Leaf Spot_98.png,BacterialSpot,Balanced_Final_Split/Balanced_Final_Split/test/BacterialSpot/test_126_Bacterial Leaf Spot_98.png,BacterialSpot,false
7e91f2bfbabe525db3e8dafc773c9617d64cc6e2c2c877b447212b22810e0a90,Balanced_Final_Split/Balanced_Final_Split/train/BacterialSpot/train_127_Bacterial Leaf Spot_41.jpg,BacterialSpot,Balanced_Final_Split/Balanced_Final_Split/test/BacterialSpot/test_127_Bacterial Leaf Spot_41.jpg,BacterialSpot,false
8cddc4651600ca8727f2000528386b8bea842bffad8302cea6d65c056dab1284,Balanced_Final_Split/Balanced_Final_Split/train/BacterialSpot/train_128_Bacterial Leaf Spot_11.jpg,BacterialSpot,Balanced_Final_Split/Balanced_Final_Split/test/BacterialSpot/test_128_Bacterial Leaf Spot_11.jpg,BacterialSpot,false
700fae72f4212d1fa0117ef193e4fdc8e225e6ce64a7cba42e79eea4c4553c71,Balanced_Final_Split/Balanced_Final_Split/train/BacterialSpot/train_129_Bacterial Leaf Spot_48.jpg,BacterialSpot,Balanced_Final_Split/Balanced_Final_Split/test/BacterialSpot/test_129_Bacterial Leaf Spot_48.jpg,BacterialSpot,false
e21b4e3136385aa295b60979a2b77acdf663a42aaaf6f114cc52ae81dc19fa36,Balanced_Final_Split/Balanced_Final_Split/train/BacterialSpot/train_12_Bacterial Leaf Spot_70.jpg,BacterialSpot,Balanced_Final_Split/Balanced_Final_Split/test/BacterialSpot/test_12_Bacterial Leaf Spot_70.jpg,BacterialSpot,false
bdbcc8c109ad18df34c9b56421cfc4d87628a7ac50edb9bfb5ca644882e9dec2,Balanced_Final_Split/Balanced_Final_Split/train/BacterialSpot/train_130_Bacterial Leaf Spot_23.jpg,BacterialSpot,Balanced_Final_Split/Balanced_Final_Split/test/BacterialSpot/test_130_Bacterial Leaf Spot_23.jpg,BacterialSpot,false
00fa5c51e773d243a906a8caf98992242bc93235f103e03870790b6760b969ef,Balanced_Final_Split/Balanced_Final_Split/train/BacterialSpot/train_131_Bacterial Leaf Spot_62.jpg,BacterialSpot,Balanced_Final_Split/Balanced_Final_Split/test/BacterialSpot/test_131_Bacterial Leaf Spot_62.jpg,BacterialSpot,false
2253f635d6142bedee6eeac8406ea1298840bb0e63893d36a6e82782fa2e2c4f,Balanced_Final_Split/Balanced_Final_Split/train/BacterialSpot/train_132_Bacterial Leaf Spot_74.jpg,BacterialSpot,Balanced_Final_Split/Balanced_Final_Split/test/BacterialSpot/test_132_Bacterial Leaf Spot_74.jpg,BacterialSpot,false
ec1a0b8d1387fcc576423f6cd88bbb712e0de0584902c9f676cd0a2ad08ba7c8,Balanced_Final_Split/Balanced_Final_Split/train/BacterialSpot/train_133_Bacterial Leaf Spot_78.png,BacterialSpot,Balanced_Final_Split/Balanced_Final_Split/test/BacterialSpot/test_133_Bacterial Leaf Spot_78.png,BacterialSpot,false
42c08161414f860e80aefbb40566b01ceb058e36e8009247c27d5713cb7d7493,Balanced_Final_Split/Balanced_Final_Split/train/BacterialSpot/train_134_Bacterial Leaf Spot_89.png,BacterialSpot,Balanced_Final_Split/Balanced_Final_Split/test/BacterialSpot/test_134_Bacterial Leaf Spot_89.png,BacterialSpot,false
61f115a2b0f530f0da633cfad72251565603aa0289d25583126718211fe84f5a,Balanced_Final_Split/Balanced_Final_Split/train/BacterialSpot/train_135_Bacterial Leaf Spot_59.jpg,BacterialSpot,Balanced_Final_Split/Balanced_Final_Split/test/BacterialSpot/test_135_Bacterial Leaf Spot_59.jpg,BacterialSpot,false
b81f9bac3a32b1f24335d69364eb61331024c8d7b1db6725d5217ddafee88b18,Balanced_Final_Split/Balanced_Final_Split/train/BacterialSpot/train_136_Bacterial Leaf Spot_8.jpg,BacterialSpot,Balanced_Final_Split/Balanced_Final_Split/test/BacterialSpot/test_136_Bacterial Leaf Spot_8.jpg,BacterialSpot,false
cfecba1708c73f6bb883caaa2c76695bbf11ac487004f48dc02bd0dd62ebbd7d,Balanced_Final_Split/Balanced_Final_Split/train/BacterialSpot/train_137_Bacterial Leaf Spot_67.jpg,BacterialSpot,Balanced_Final_Split/Balanced_Final_Split/test/BacterialSpot/test_137_Bacterial Leaf Spot_67.jpg,BacterialSpot,false
543d0bc962477bdeea644bf4852290cbe29f19c76ab49e7d832f9a129f5e3007,Balanced_Final_Split/Balanced_Final_Split/train/BacterialSpot/train_138_Bacterial Leaf Spot_1.png,BacterialSpot,Balanced_Final_Split/Balanced_Final_Split/test/BacterialSpot/test_138_Bacterial Leaf Spot_1.png,BacterialSpot,false
524e56a7bfd3ac0abc73ab5f8cc019402a954a9ba16f2aa70a5614f409c8bc23,Balanced_Final_Split/Balanced_Final_Split/train/BacterialSpot/train_139_Bacterial Leaf Spot_27.jpg,BacterialSpot,Balanced_Final_Split/Balanced_Final_Split/test/BacterialSpot/test_139_Bacterial Leaf Spot_27.jpg,BacterialSpot,false
b00c9cef4808b7c337b62fc7a2b12583685eb81726f6390369586866baac629f,Balanced_Final_Split/Balanced_Final_Split/train/BacterialSpot/train_13_Bacterial Leaf Spot_71.jpg,BacterialSpot,Balanced_Final_Split/Balanced_Final_Split/test/BacterialSpot/test_13_Bacterial Leaf Spot_71.jpg,BacterialSpot,false
25bbe777b81ec7f13532cf16a5ab1c347b251d7d5195d58bb38212cf29e7ffb3,Balanced_Final_Split/Balanced_Final_Split/train/BacterialSpot/train_140_Bacterial Leaf Spot_51.jpg,BacterialSpot,Balanced_Final_Split/Balanced_Final_Split/test/BacterialSpot/test_140_Bacterial Leaf Spot_51.jpg,BacterialSpot,false
7412e574b02dde0aac4b552dc7d8e60e86fb0cb43133f2198d6ffc2c7782daea,Balanced_Final_Split/Balanced_Final_Split/train/BacterialSpot/train_141_Bacterial Leaf Spot_38.jpg,BacterialSpot,Balanced_Final_Split/Balanced_Final_Split/test/BacterialSpot/test_141_Bacterial Leaf Spot_38.jpg,BacterialSpot,false
5d07d299f62448d49fdc5efd858ce897aee4b478c38e9510632bd93256e8ffd6,Balanced_Final_Split/Balanced_Final_Split/train/BacterialSpot/train_142_Bacterial Leaf Spot_54.JPG,BacterialSpot,Balanced_Final_Split/Balanced_Final_Split/test/BacterialSpot/test_142_Bacterial Leaf Spot_54.JPG,BacterialSpot,false
6db63e1fc69d0592b3ab948f2fa10e671e13a60685c0eebdb3bff8b222d4f41e,Balanced_Final_Split/Balanced_Final_Split/train/BacterialSpot/train_143_Bacterial Leaf Spot_55.jpg,BacterialSpot,Balanced_Final_Split/Balanced_Final_Split/test/BacterialSpot/test_143_Bacterial Leaf Spot_55.jpg,BacterialSpot,false
9a41d121cfe3e219ef96a400ecf5e47a3c556ce4f67a9329a9ff6531dc5e79a2,Balanced_Final_Split/Balanced_Final_Split/train/BacterialSpot/train_144_Bacterial Leaf Spot_33.jpg,BacterialSpot,Balanced_Final_Split/Balanced_Final_Split/test/BacterialSpot/test_144_Bacterial Leaf Spot_33.jpg,BacterialSpot,false
c7e3e9d11e4c0b02af3b5f2cec0c19a435d056e8dccbe42a6f61109a7444f5e5,Balanced_Final_Split/Balanced_Final_Split/train/BacterialSpot/train_145_Bacterial Leaf Spot_81.jpg,BacterialSpot,Balanced_Final_Split/Balanced_Final_Split/test/BacterialSpot/test_145_Bacterial Leaf Spot_81.jpg,BacterialSpot,false
4250276780d5913781a39abdf36b270fd529f4ee35cfd875df674ca4b6ce3caa,Balanced_Final_Split/Balanced_Final_Split/train/BacterialSpot/train_146_Bacterial Leaf Spot_76.jpg,BacterialSpot,Balanced_Final_Split/Balanced_Final_Split/test/BacterialSpot/test_146_Bacterial Leaf Spot_76.jpg,BacterialSpot,false
ca17e59f52883461a4a234db35d9ed0081ab662e4d34e4768f9ef9ef5e8f0be1,Balanced_Final_Split/Balanced_Final_Split/train/BacterialSpot/train_147_Bacterial Leaf Spot_75.jpg,BacterialSpot,Balanced_Final_Split/Balanced_Final_Split/test/BacterialSpot/test_147_Bacterial Leaf Spot_75.jpg,BacterialSpot,false
2c563ea124dfab83266cca88a6d62613350f1a8ae5a63e89a23916e11bce8e75,Balanced_Final_Split/Balanced_Final_Split/train/BacterialSpot/train_148_Bacterial Leaf Spot_22.jpg,BacterialSpot,Balanced_Final_Split/Balanced_Final_Split/test/BacterialSpot/test_148_Bacterial Leaf Spot_22.jpg,BacterialSpot,false
ccd0162b851e8a2432cfffbd0b10a745f3aef2ee799fdb5fe7654c321b65b056,Balanced_Final_Split/Balanced_Final_Split/train/BacterialSpot/train_149_Bacterial Leaf Spot_49.jpg,BacterialSpot,Balanced_Final_Split/Balanced_Final_Split/test/BacterialSpot/test_149_Bacterial Leaf Spot_49.jpg,BacterialSpot,false
abbc1bcb3791d9835ed3d80d35e0b3737187f46eca0d50595d9066e4dd767c2c,Balanced_Final_Split/Balanced_Final_Split/train/BacterialSpot/train_14_Bacterial Leaf Spot_87.png,BacterialSpot,Balanced_Final_Split/Balanced_Final_Split/test/BacterialSpot/test_14_Bacterial Leaf Spot_87.png,BacterialSpot,false
188ba3776a3a2fd1008ab700182eb5694dab882ea158c2a9c722a529d60649bf,Balanced_Final_Split/Balanced_Final_Split/train/BacterialSpot/train_150_Bacterial Leaf Spot_9.jpg,BacterialSpot,Balanced_Final_Split/Balanced_Final_Split/test/BacterialSpot/test_150_Bacterial Leaf Spot_9.jpg,BacterialSpot,false
7fe6e965991fbc010a282392e52a2977bb0b5fc2d9ff3ffe08b39cb48a91d487,Balanced_Final_Split/Balanced_Final_Split/train/BacterialSpot/train_151_Bacterial Leaf Spot_61.jpg,BacterialSpot,Balanced_Final_Split/Balanced_Final_Split/test/BacterialSpot/test_151_Bacterial Leaf Spot_61.jpg,BacterialSpot,false
dbfe9502f34ccd302767daf54e5244b9004990c7a0a266d2b661d9f7df95d8c4,Balanced_Final_Split/Balanced_Final_Split/train/BacterialSpot/train_152_Bacterial Leaf Spot_17.jpg,BacterialSpot,Balanced_Final_Split/Balanced_Final_Split/test/BacterialSpot/test_152_Bacterial Leaf Spot_17.jpg,BacterialSpot,false
343c23d396d0726196e394dfd4ea1413deafcaf5b93935ae7a39b869b273057a,Balanced_Final_Split/Balanced_Final_Split/train/BacterialSpot/train_153_Bacterial Leaf Spot_66.JPG,BacterialSpot,Balanced_Final_Split/Balanced_Final_Split/test/BacterialSpot/test_153_Bacterial Leaf Spot_66.JPG,BacterialSpot,false
2c7106acc0b2b4c2593da29fda3af21759165637596952ee14d248b102e66e2f,Balanced_Final_Split/Balanced_Final_Split/train/BacterialSpot/train_154_Bacterial Leaf Spot_31.jpg,BacterialSpot,Balanced_Final_Split/Balanced_Final_Split/test/BacterialSpot/test_154_Bacterial Leaf Spot_31.jpg,BacterialSpot,false
b40ba9a877719788234671ff9f5e75149193aca424c30bb083ffa69d825bd61b,Balanced_Final_Split/Balanced_Final_Split/train/BacterialSpot/train_155_Bacterial Leaf Spot_53.jpg,BacterialSpot,Balanced_Final_Split/Balanced_Final_Split/test/BacterialSpot/test_155_Bacterial Leaf Spot_53.jpg,BacterialSpot,false
891fed7e3eb23f4cbda00a9c7797dcdbd941a6be71f084013d80356cad9416e8,Balanced_Final_Split/Balanced_Final_Split/train/BacterialSpot/train_156_Bacterial Leaf Spot_73.jpg,BacterialSpot,Balanced_Final_Split/Balanced_Final_Split/test/BacterialSpot/test_156_Bacterial Leaf Spot_73.jpg,BacterialSpot,false
dae6bb6cf4b09da7f506c90868ee475b4406e5c1d1bf15511561c229869e28df,Balanced_Final_Split/Balanced_Final_Split/train/BacterialSpot/train_157_Bacterial Leaf Spot_83.jpg,BacterialSpot,Balanced_Final_Split/Balanced_Final_Split/test/BacterialSpot/test_157_Bacterial Leaf Spot_83.jpg,BacterialSpot,false
ded1c182c3aad5be2730ba6bf8d1c3de106aa6162174750ff4f3d6fa0c6d8b33,Balanced_Final_Split/Balanced_Final_Split/train/BacterialSpot/train_158_Bacterial Leaf Spot_37.jpg,BacterialSpot,Balanced_Final_Split/Balanced_Final_Split/test/BacterialSpot/test_158_Bacterial Leaf Spot_37.jpg,BacterialSpot,false
16944d7851be53b972d790fbbd30182310e67179b0fe3dfe285ee0157d9ca80e,Balanced_Final_Split/Balanced_Final_Split/train/BacterialSpot/train_159_Bacterial Leaf Spot_77.jpg,BacterialSpot,Balanced_Final_Split/Balanced_Final_Split/test/BacterialSpot/test_159_Bacterial Leaf Spot_77.jpg,BacterialSpot,false
dda7f102394061442701833fd535a261cd80755826b20fe22142812b53ec4171,Balanced_Final_Split/Balanced_Final_Split/train/BacterialSpot/train_15_Bacterial Leaf Spot_60.jpg,BacterialSpot,Balanced_Final_Split/Balanced_Final_Split/test/BacterialSpot/test_15_Bacterial Leaf Spot_60.jpg,BacterialSpot,false
9eb76aaf42a0f7fd7a34870e7ec49643100d1304f0da96755bb5095e592d53ac,Balanced_Final_Split/Balanced_Final_Split/train/BacterialSpot/train_160_Bacterial Leaf Spot_39.jpg,BacterialSpot,Balanced_Final_Split/Balanced_Final_Split/test/BacterialSpot/test_160_Bacterial Leaf Spot_39.jpg,BacterialSpot,false
d4e31d7a7fb6d377ffd861836f4497ecc1a6c7770006af58c45b7d4a8e7b68b7,Balanced_Final_Split/Balanced_Final_Split/train/BacterialSpot/train_161_Bacterial Leaf Spot_20.jpg,BacterialSpot,Balanced_Final_Split/Balanced_Final_Split/test/BacterialSpot/test_161_Bacterial Leaf Spot_20.jpg,BacterialSpot,false
27313983b12fe78a51dbf6151bf46ed2a747de8663a49f0257a2819ccb106b16,Balanced_Final_Split/Balanced_Final_Split/train/BacterialSpot/train_162_Bacterial Leaf Spot_21.jpg,BacterialSpot,Balanced_Final_Split/Balanced_Final_Split/test/BacterialSpot/test_162_Bacterial Leaf Spot_21.jpg,BacterialSpot,false
81c640e1c88a7076b74a3afac3149ff595fdd659399043a1b60cc129a1ca6ffb,Balanced_Final_Split/Balanced_Final_Split/train/BacterialSpot/train_163_Bacterial Leaf Spot_82.jpg,BacterialSpot,Balanced_Final_Split/Balanced_Final_Split/test/BacterialSpot/test_163_Bacterial Leaf Spot_82.jpg,BacterialSpot,false
1c0f3ff1708eb91af79db1214e938cb8118b32fee971f0e159bb6157a30db313,Balanced_Final_Split/Balanced_Final_Split/train/BacterialSpot/train_164_Bacterial Leaf Spot_97.png,BacterialSpot,Balanced_Final_Split/Balanced_Final_Split/test/BacterialSpot/test_164_Bacterial Leaf Spot_97.png,BacterialSpot,false
a71686388126ee763e0bb21e4fdfd2f8abb090afebc553a0abee1a209eceae46,Balanced_Final_Split/Balanced_Final_Split/train/BacterialSpot/train_165_Bacterial Leaf Spot_34.jpg,BacterialSpot,Balanced_Final_Split/Balanced_Final_Split/test/BacterialSpot/test_165_Bacterial Leaf Spot_34.jpg,BacterialSpot,false
cc42348f5dfe6b982afbb28b203b4298adfbae916cb032d669f5357f5c8378ab,Balanced_Final_Split/Balanced_Final_Split/train/BacterialSpot/train_166_Bacterial Leaf Spot_94.png,BacterialSpot,Balanced_Final_Split/Balanced_Final_Split/test/BacterialSpot/test_166_Bacterial Leaf Spot_94.png,BacterialSpot,false
52450f9b9815d691942352c25ce5edecf24e9af7a7d7864369f582ad09392a1f,Balanced_Final_Split/Balanced_Final_Split/train/BacterialSpot/train_167_Bacterial Leaf Spot_58.jpg,BacterialSpot,Balanced_Final_Split/Balanced_Final_Split/test/BacterialSpot/test_167_Bacterial Leaf Spot_58.jpg,BacterialSpot,false
ba9cd3863eee0452d9cfc17503f7318fb9de022094aa74a96e3a93aa0fe4a30d,Balanced_Final_Split/Balanced_Final_Split/train/BacterialSpot/train_168_Bacterial Leaf Spot_14.jpg,BacterialSpot,Balanced_Final_Split/Balanced_Final_Split/test/BacterialSpot/test_168_Bacterial Leaf Spot_14.jpg,BacterialSpot,false
e5da3a0c7873491eaa12e2e1c3e9e4780f69808313b21bb7d2dd6fa49b99dd35,Balanced_Final_Split/Balanced_Final_Split/train/BacterialSpot/train_169_Bacterial Leaf Spot_35.JPG,BacterialSpot,Balanced_Final_Split/Balanced_Final_Split/test/BacterialSpot/test_169_Bacterial Leaf Spot_35.JPG,BacterialSpot,false
fe6d1a327d3b37d1e8f67d6c93beed20ca105da6d490c1929b1c325fecfdd06e,Balanced_Final_Split/Balanced_Final_Split/train/BacterialSpot/train_16_Bacterial Leaf Spot_63.jpg,BacterialSpot,Balanced_Final_Split/Balanced_Final_Split/test/BacterialSpot/test_16_Bacterial Leaf Spot_63.jpg,BacterialSpot,false
7b2c5c1f50898b852b05035c64fd4220f89fa4b3ad1586873b52d087ab8d1044,Balanced_Final_Split/Balanced_Final_Split/train/BacterialSpot/train_170_Bacterial Leaf Spot_100.png,BacterialSpot,Balanced_Final_Split/Balanced_Final_Split/test/BacterialSpot/test_170_Bacterial Leaf Spot_100.png,BacterialSpot,false
4c6d551fe01739891a97782e6b86e2e30ed1a80dc84493af080efc6a2d08a00d,Balanced_Final_Split/Balanced_Final_Split/train/BacterialSpot/train_171_Bacterial Leaf Spot_5.jpg,BacterialSpot,Balanced_Final_Split/Balanced_Final_Split/test/BacterialSpot/test_171_Bacterial Leaf Spot_5.jpg,BacterialSpot,false
7636b76cd9b7540a82ab7e78df4da39d0fda15997c031cb5411b74bf9acf9058,Balanced_Final_Split/Balanced_Final_Split/train/BacterialSpot/train_172_Bacterial Leaf Spot_72.jpg,BacterialSpot,Balanced_Final_Split/Balanced_Final_Split/test/BacterialSpot/test_172_Bacterial Leaf Spot_72.jpg,BacterialSpot,false
2778e903ba21970f1dbd37496e0923f31d177482f04c42ab693b8f0c10bdcb6a,Balanced_Final_Split/Balanced_Final_Split/train/BacterialSpot/train_173_Bacterial Leaf Spot_3.png,BacterialSpot,Balanced_Final_Split/Balanced_Final_Split/test/BacterialSpot/test_173_Bacterial Leaf Spot_3.png,BacterialSpot,false
0dfa0ace3d3f93ac29f4554d206813930a160e22d3384e29bb17099fdafbbdd2,Balanced_Final_Split/Balanced_Final_Split/train/BacterialSpot/train_174_Bacterial Leaf Spot_68.JPG,BacterialSpot,Balanced_Final_Split/Balanced_Final_Split/test/BacterialSpot/test_174_Bacterial Leaf Spot_68.JPG,BacterialSpot,false
dc926377b96ebb0fcf8baa584b8ecd9613b7827493caae919bace5f8d7300df9,Balanced_Final_Split/Balanced_Final_Split/train/BacterialSpot/train_175_Bacterial Leaf Spot_13.JPG,BacterialSpot,Balanced_Final_Split/Balanced_Final_Split/test/BacterialSpot/test_175_Bacterial Leaf Spot_13.JPG,BacterialSpot,false
bfa03dae8a2cf027d3f633e1af999962675fd3ed3a098db5c1e8b5f66e668eaa,Balanced_Final_Split/Balanced_Final_Split/train/BacterialSpot/train_176_Bacterial Leaf Spot_40.jpg,BacterialSpot,Balanced_Final_Split/Balanced_Final_Split/test/BacterialSpot/test_176_Bacterial Leaf Spot_40.jpg,BacterialSpot,false
e809389e98656cbe994188f5a76a3588b75b5d04826af8c422d91cda3bd5b530,Balanced_Final_Split/Balanced_Final_Split/train/BacterialSpot/train_177_Bacterial Leaf Spot_86.png,BacterialSpot,Balanced_Final_Split/Balanced_Final_Split/test/BacterialSpot/test_177_Bacterial Leaf Spot_86.png,BacterialSpot,false
ca7a320adbf52f800709a0f9f87d228d077d779f09b3aa2fa3ad61e49343096b,Balanced_Final_Split/Balanced_Final_Split/train/BacterialSpot/train_178_Bacterial Leaf Spot_99.png,BacterialSpot,Balanced_Final_Split/Balanced_Final_Split/test/BacterialSpot/test_178_Bacterial Leaf Spot_99.png,BacterialSpot,false
81a1302a55404647cdf0f378b9916d57122187074274ab74886f130def9c471b,Balanced_Final_Split/Balanced_Final_Split/train/BacterialSpot/train_179_Bacterial Leaf Spot_92.png,BacterialSpot,Balanced_Final_Split/Balanced_Final_Split/test/BacterialSpot/test_179_Bacterial Leaf Spot_92.png,BacterialSpot,false
a5d56ca19e263f80a77c8672bcde89aba0fe890fef755dd7749164367e40ed76,Balanced_Final_Split/Balanced_Final_Split/train/BacterialSpot/train_17_Bacterial Leaf Spot_2.jpg,BacterialSpot,Balanced_Final_Split/Balanced_Final_Split/test/BacterialSpot/test_17_Bacterial Leaf Spot_2.jpg,BacterialSpot,false
20cdf7fc69458337fd419afd005d2d1fafb4cf7ec49aa6d350430ea62a5cec84,Balanced_Final_Split/Balanced_Final_Split/train/BacterialSpot/train_180_Bacterial Leaf Spot_79.JPG,BacterialSpot,Balanced_Final_Split/Balanced_Final_Split/test/BacterialSpot/test_180_Bacterial Leaf Spot_79.JPG,BacterialSpot,false
656e5b3ec55a3a761f2d4ebc8f288922a0a098ca5e864fc30b4ca594bb6f7b00,Balanced_Final_Split/Balanced_Final_Split/train/BacterialSpot/train_181_Bacterial Leaf Spot_44.jpg,BacterialSpot,Balanced_Final_Split/Balanced_Final_Split/test/BacterialSpot/test_181_Bacterial Leaf Spot_44.jpg,BacterialSpot,false
f9f30ea50c894e5934e75d927d9784340a4946afb937f5c350b82ad9cadc565f,Balanced_Final_Split/Balanced_Final_Split/train/BacterialSpot/train_182_Bacterial Leaf Spot_42.JPG,BacterialSpot,Balanced_Final_Split/Balanced_Final_Split/test/BacterialSpot/test_182_Bacterial Leaf Spot_42.JPG,BacterialSpot,false
6bcdd8797249280bc41ec23a12eb238839f2741cb89001a4d6012a741e16ba0f,Balanced_Final_Split/Balanced_Final_Split/train/BacterialSpot/train_183_Bacterial Leaf Spot_12.jpg,BacterialSpot,Balanced_Final_Split/Balanced_Final_Split/test/BacterialSpot/test_183_Bacterial Leaf Spot_12.jpg,BacterialSpot,false
6c0217567368b6fe8da3edc6f153c95f8a704cdd4b6715b11c65c82900d1fef8,Balanced_Final_Split/Balanced_Final_Split/train/BacterialSpot/train_184_Bacterial Leaf Spot_7.jpg,BacterialSpot,Balanced_Final_Split/Balanced_Final_Split/test/BacterialSpot/test_184_Bacterial Leaf Spot_7.jpg,BacterialSpot,false
87333d024631a6b7d859b3d4a1f20ce94bd247f53d486ee3e0f3c66475a9784e,Balanced_Final_Split/Balanced_Final_Split/train/BacterialSpot/train_185_Bacterial Leaf Spot_19.jpg,BacterialSpot,Balanced_Final_Split/Balanced_Final_Split/test/BacterialSpot/test_185_Bacterial Leaf Spot_19.jpg,BacterialSpot,false
a1d1d9d039a018fd0376bf743167030798455dc426fa69b4a5bc1f1cbcc92d38,Balanced_Final_Split/Balanced_Final_Split/train/BacterialSpot/train_186_Bacterial Leaf Spot_69.jpg,BacterialSpot,Balanced_Final_Split/Balanced_Final_Split/test/BacterialSpot/test_186_Bacterial Leaf Spot_69.jpg,BacterialSpot,false
e0f3ebf7a703716725bcde8e3a6e0dcccbb53a3fd4dd74056cc486a2137ecfc1,Balanced_Final_Split/Balanced_Final_Split/train/BacterialSpot/train_187_Bacterial Leaf Spot_90.jpg,BacterialSpot,Balanced_Final_Split/Balanced_Final_Split/test/BacterialSpot/test_187_Bacterial Leaf Spot_90.jpg,BacterialSpot,false
fa32de25a594ba7e9d852cf105ec61a8e93512f65d6b57d27d926453e525f4d2,Balanced_Final_Split/Balanced_Final_Split/train/BacterialSpot/train_188_Bacterial Leaf Spot_26.jpg,BacterialSpot,Balanced_Final_Split/Balanced_Final_Split/test/BacterialSpot/test_188_Bacterial Leaf Spot_26.jpg,BacterialSpot,false
1eb327625e09ae369947c8258b79462b0d1b6473b2f8093dbd5de58174239338,Balanced_Final_Split/Balanced_Final_Split/train/BacterialSpot/train_189_Bacterial Leaf Spot_84.jpg,BacterialSpot,Balanced_Final_Split/Balanced_Final_Split/test/BacterialSpot/test_189_Bacterial Leaf Spot_84.jpg,BacterialSpot,false
e3738531b11563c9165c9a28bcde0d4fb6e39794ab14a9d0231d419bd78ebbc0,Balanced_Final_Split/Balanced_Final_Split/train/BacterialSpot/train_18_Bacterial Leaf Spot_91.JPG,BacterialSpot,Balanced_Final_Split/Balanced_Final_Split/test/BacterialSpot/test_18_Bacterial Leaf Spot_91.JPG,BacterialSpot,false
579b62629077528cfbd8ea93919a0cb0855b5ca7c2695510c2f4f2063ee12f8d,Balanced_Final_Split/Balanced_Final_Split/train/BacterialSpot/train_190_Bacterial Leaf Spot_10.jpg,BacterialSpot,Balanced_Final_Split/Balanced_Final_Split/test/BacterialSpot/test_190_Bacterial Leaf Spot_10.jpg,BacterialSpot,false
7efaf71f514e87a0edc997f53d63e9142c8e4ab4aa5e566ff9841e0ca4de1889,Balanced_Final_Split/Balanced_Final_Split/train/BacterialSpot/train_191_Bacterial Leaf Spot_28.jpg,BacterialSpot,Balanced_Final_Split/Balanced_Final_Split/test/BacterialSpot/test_191_Bacterial Leaf Spot_28.jpg,BacterialSpot,false
49d3f803e90e951c6098c2489dc1d678a2cbf0a14a35d1176e04908626d92b11,Balanced_Final_Split/Balanced_Final_Split/train/BacterialSpot/train_192_Bacterial Leaf Spot_32.jpg,BacterialSpot,Balanced_Final_Split/Balanced_Final_Split/test/BacterialSpot/test_192_Bacterial Leaf Spot_32.jpg,BacterialSpot,false
b79cb7604423a4729115f828d2348a0b58f46e16f804501a98bffb8c8739725d,Balanced_Final_Split/Balanced_Final_Split/train/BacterialSpot/train_193_Bacterial Leaf Spot_43.jpg,BacterialSpot,Balanced_Final_Split/Balanced_Final_Split/test/BacterialSpot/test_193_Bacterial Leaf Spot_43.jpg,BacterialSpot,false
e6e035474e7061846c23b9115f7e825d352fc495bb5dbc889a28c20472254ffd,Balanced_Final_Split/Balanced_Final_Split/train/BacterialSpot/train_194_Bacterial Leaf Spot_46.JPG,BacterialSpot,Balanced_Final_Split/Balanced_Final_Split/test/BacterialSpot/test_194_Bacterial Leaf Spot_46.JPG,BacterialSpot,false
29c45bfc0660398958899305456a99ff0903456421684a8574cce267861f12c7,Balanced_Final_Split/Balanced_Final_Split/train/BacterialSpot/train_195_Bacterial Leaf Spot_50.jpg,BacterialSpot,Balanced_Final_Split/Balanced_Final_Split/test/BacterialSpot/test_195_Bacterial Leaf Spot_50.jpg,BacterialSpot,false
ed974a097d536e74e82a46747be614316b3c064b1483391792992e8db6cd1f8c,Balanced_Final_Split/Balanced_Final_Split/train/BacterialSpot/train_196_Bacterial Leaf Spot_4.jpg,BacterialSpot,Balanced_Final_Split/Balanced_Final_Split/test/BacterialSpot/test_196_Bacterial Leaf Spot_4.jpg,BacterialSpot,false
aa91ec05d62589f874b28ac34d383b253fa444bd01ce94b7b800a7ec3414251c,Balanced_Final_Split/Balanced_Final_Split/train/BacterialSpot/train_197_Bacterial Leaf Spot_18.JPG,BacterialSpot,Balanced_Final_Split/Balanced_Final_Split/test/BacterialSpot/test_197_Bacterial Leaf Spot_18.JPG,BacterialSpot,false
a29ded8b17e73a44161fa33fe79ca64a87747b9e9a2fcce8467527b3f32ceae2,Balanced_Final_Split/Balanced_Final_Split/train/BacterialSpot/train_198_Bacterial Leaf Spot_29.jpg,BacterialSpot,Balanced_Final_Split/Balanced_Final_Split/test/BacterialSpot/test_198_Bacterial Leaf Spot_29.jpg,BacterialSpot,false
b81e72d682d801d3adfac066cac4627012d80e3c0a9f83296e76e88dacf601ce,Balanced_Final_Split/Balanced_Final_Split/train/BacterialSpot/train_199_Bacterial Leaf Spot_96.png,BacterialSpot,Balanced_Final_Split/Balanced_Final_Split/test/BacterialSpot/test_199_Bacterial Leaf Spot_96.png,BacterialSpot,false
ef8980e8006f9a8d242d714ae9e85d2829092c35a679b8042545c4a6800803b1,Balanced_Final_Split/Balanced_Final_Split/train/BacterialSpot/train_19_Bacterial Leaf Spot_52.jpg,BacterialSpot,Balanced_Final_Split/Balanced_Final_Split/test/BacterialSpot/test_19_Bacterial Leaf Spot_52.jpg,BacterialSpot,false
b4992e46506d05b211b5f1e9bd098c8957281ca549801ec3ad26650611a87fd3,Balanced_Final_Split/Balanced_Final_Split/train/BacterialSpot/train_1_Bacterial Leaf Spot_56.jpg,BacterialSpot,Balanced_Final_Split/Balanced_Final_Split/test/BacterialSpot/test_1_Bacterial Leaf Spot_56.jpg,BacterialSpot,false
1a44a1a9dca584fb2338b5001199bb608a717f33cc6b7daf5fdeb4d1fb90ba0e,Balanced_Final_Split/Balanced_Final_Split/train/BacterialSpot/train_200_Bacterial Leaf Spot_57.JPG,BacterialSpot,Balanced_Final_Split/Balanced_Final_Split/test/BacterialSpot/test_200_Bacterial Leaf Spot_57.JPG,BacterialSpot,false
0e203be326b46485c388721894763b2b65a15fdfe86cfb446f401bc5cdbf7f85,Balanced_Final_Split/Balanced_Final_Split/train/BacterialSpot/train_201_Bacterial Leaf Spot_56.jpg,BacterialSpot,Balanced_Final_Split/Balanced_Final_Split/test/BacterialSpot/test_201_Bacterial Leaf Spot_56.jpg,BacterialSpot,false
2821333f6338a1ff2e8b258b3c79b93c091bee0f97432a14695ce31bc5bfc852,Balanced_Final_Split/Balanced_Final_Split/train/BacterialSpot/train_202_Bacterial Leaf Spot_15.jpg,BacterialSpot,Balanced_Final_Split/Balanced_Final_Split/test/BacterialSpot/test_202_Bacterial Leaf Spot_15.jpg,BacterialSpot,false
efb198de037b1542e4f62f5362203792d7ad7ed04fd10ea7eb7517a2979645a5,Balanced_Final_Split/Balanced_Final_Split/train/BacterialSpot/train_203_Bacterial Leaf Spot_24.png,BacterialSpot,Balanced_Final_Split/Balanced_Final_Split/test/BacterialSpot/test_203_Bacterial Leaf Spot_24.png,BacterialSpot,false
30bfb147b66681678a05e16ea06027befc59368733a9995235b3ce3b94263409,Balanced_Final_Split/Balanced_Final_Split/train/BacterialSpot/train_204_Bacterial Leaf Spot_80.jpg,BacterialSpot,Balanced_Final_Split/Balanced_Final_Split/test/BacterialSpot/test_204_Bacterial Leaf Spot_80.jpg,BacterialSpot,false
d5a1a5e469d765ad159da0c87e469d298a308f863a282fd8e783866dbfa9af68,Balanced_Final_Split/Balanced_Final_Split/train/BacterialSpot/train_205_Bacterial Leaf Spot_65.jpg,BacterialSpot,Balanced_Final_Split/Balanced_Final_Split/test/BacterialSpot/test_205_Bacterial Leaf Spot_65.jpg,BacterialSpot,false
2722d32dec3c5a2b46ef126b8d387d801277ec2dc53062ba7918b8a6bdae8e60,Balanced_Final_Split/Balanced_Final_Split/train/BacterialSpot/train_206_Bacterial Leaf Spot_16.jpg,BacterialSpot,Balanced_Final_Split/Balanced_Final_Split/test/BacterialSpot/test_206_Bacterial Leaf Spot_16.jpg,BacterialSpot,false
7a5259bbfded8256d1445ff3327f9761f16344640fdab01b1bd2272f9b7802f0,Balanced_Final_Split/Balanced_Final_Split/train/BacterialSpot/train_207_Bacterial Leaf Spot_85.png,BacterialSpot,Balanced_Final_Split/Balanced_Final_Split/test/BacterialSpot/test_207_Bacterial Leaf Spot_85.png,BacterialSpot,false
7cec37861362ea1da37f815d5ceb334e28a8c09f42eee3a2b4543853791645c9,Balanced_Final_Split/Balanced_Final_Split/train/BacterialSpot/train_208_Bacterial Leaf Spot_30.JPG,BacterialSpot,Balanced_Final_Split/Balanced_Final_Split/test/BacterialSpot/test_208_Bacterial Leaf Spot_30.JPG,BacterialSpot,false
842c533254be7926ef18756fba71fc94c6ff9f718f401fa91e69697c39b00832,Balanced_Final_Split/Balanced_Final_Split/train/BacterialSpot/train_209_Bacterial Leaf Spot_93.png,BacterialSpot,Balanced_Final_Split/Balanced_Final_Split/test/BacterialSpot/test_209_Bacterial Leaf Spot_93.png,BacterialSpot,false
5ed85ed0595ffd4cec970e5dd2bd5942cd9b79698023d9d2d69a37dc35892706,Balanced_Final_Split/Balanced_Final_Split/train/BacterialSpot/train_20_Bacterial Leaf Spot_45.jpg,BacterialSpot,Balanced_Final_Split/Balanced_Final_Split/test/BacterialSpot/test_20_Bacterial Leaf Spot_45.jpg,BacterialSpot,false
846f1f001ab52f671f92cae855cf5bf84914194f4e46b5eb8550c44be04c335b,Balanced_Final_Split/Balanced_Final_Split/train/BacterialSpot/train_210_Bacterial Leaf Spot_88.png,BacterialSpot,Balanced_Final_Split/Balanced_Final_Split/test/BacterialSpot/test_210_Bacterial Leaf Spot_88.png,BacterialSpot,false
707acaa21dec83d8739eac5cdc26a12f57507ab6da6a1f64b424abd5a1a25560,Balanced_Final_Split/Balanced_Final_Split/train/BacterialSpot/train_211_Bacterial Leaf Spot_25.jpg,BacterialSpot,Balanced_Final_Split/Balanced_Final_Split/test/BacterialSpot/test_211_Bacterial Leaf Spot_25.jpg,BacterialSpot,false
ef62135dc792468d537f4b6b49a6d28791d4118536f9c62807205dae9e90311a,Balanced_Final_Split/Balanced_Final_Split/train/BacterialSpot/train_212_Bacterial Leaf Spot_70.jpg,BacterialSpot,Balanced_Final_Split/Balanced_Final_Split/test/BacterialSpot/test_212_Bacterial Leaf Spot_70.jpg,BacterialSpot,false
0621b8cbae7cc198d0f8adc8b3c0ed72b477d5e50b15109faa3bcd85a08ff0f0,Balanced_Final_Split/Balanced_Final_Split/train/BacterialSpot/train_213_Bacterial Leaf Spot_71.jpg,BacterialSpot,Balanced_Final_Split/Balanced_Final_Split/test/BacterialSpot/test_213_Bacterial Leaf Spot_71.jpg,BacterialSpot,false
ea8288aab2b839cb4cd497c3cfe53aa17e70a65b83cd12a672a7b2f1bcf63588,Balanced_Final_Split/Balanced_Final_Split/train/BacterialSpot/train_214_Bacterial Leaf Spot_87.png,BacterialSpot,Balanced_Final_Split/Balanced_Final_Split/test/BacterialSpot/test_214_Bacterial Leaf Spot_87.png,BacterialSpot,false
3720fba2a300743a90913a65852040d5485a1b8376ab7ecf0b5cb10d55b51cb8,Balanced_Final_Split/Balanced_Final_Split/train/BacterialSpot/train_215_Bacterial Leaf Spot_60.jpg,BacterialSpot,Balanced_Final_Split/Balanced_Final_Split/test/BacterialSpot/test_215_Bacterial Leaf Spot_60.jpg,BacterialSpot,false
431376251d6382c82e449f1b5c8838046bd8c1a7633d98aeb9b128aab151c253,Balanced_Final_Split/Balanced_Final_Split/train/BacterialSpot/train_216_Bacterial Leaf Spot_63.jpg,BacterialSpot,Balanced_Final_Split/Balanced_Final_Split/test/BacterialSpot/test_216_Bacterial Leaf Spot_63.jpg,BacterialSpot,false
3f8bf380aa3fa5b6fd04d96fb6e512a5a41d5b675770aee370597ddae6f6d8f6,Balanced_Final_Split/Balanced_Final_Split/train/BacterialSpot/train_217_Bacterial Leaf Spot_2.jpg,BacterialSpot,Balanced_Final_Split/Balanced_Final_Split/test/BacterialSpot/test_217_Bacterial Leaf Spot_2.jpg,BacterialSpot,false
0fcd48275e11d0c1132c035d2470a5e6a70b6e1fd3c34dd3c49c8b4f77c144fe,Balanced_Final_Split/Balanced_Final_Split/train/BacterialSpot/train_218_Bacterial Leaf Spot_91.JPG,BacterialSpot,Balanced_Final_Split/Balanced_Final_Split/test/BacterialSpot/test_218_Bacterial Leaf Spot_91.JPG,BacterialSpot,false
b3b9107500142ba68767d9efd247650d599cbda2f1c31bce3ca41a35de6d328e,Balanced_Final_Split/Balanced_Final_Split/train/BacterialSpot/train_219_Bacterial Leaf Spot_52.jpg,BacterialSpot,Balanced_Final_Split/Balanced_Final_Split/test/BacterialSpot/test_219_Bacterial Leaf Spot_52.jpg,BacterialSpot,false
3d5f576e41bc0762d20de10cfa3fdfc0de740a2254b0e154edd51bc58bc9816e,Balanced_Final_Split/Balanced_Final_Split/train/BacterialSpot/train_21_Bacterial Leaf Spot_36.jpg,BacterialSpot,Balanced_Final_Split/Balanced_Final_Split/test/BacterialSpot/test_21_Bacterial Leaf Spot_36.jpg,BacterialSpot,false
95460998000cad9fd45e1670170a0a94aa1f0c78a81439fa8bacf98d1ce210f1,Balanced_Final_Split/Balanced_Final_Split/train/BacterialSpot/train_220_Bacterial Leaf Spot_45.jpg,BacterialSpot,Balanced_Final_Split/Balanced_Final_Split/test/BacterialSpot/test_220_Bacterial Leaf Spot_45.jpg,BacterialSpot,false
7a01936c51dae7e9ccedec6a3310e90ba03b88acc8c4ec595abc26f069e197c1,Balanced_Final_Split/Balanced_Final_Split/train/BacterialSpot/train_221_Bacterial Leaf Spot_36.jpg,BacterialSpot,Balanced_Final_Split/Balanced_Final_Split/test/BacterialSpot/test_221_Bacterial Leaf Spot_36.jpg,BacterialSpot,false
5c38a2b630a458b7581a949039fdf1e248c4d6ef5da02870608fac00c754afd0,Balanced_Final_Split/Balanced_Final_Split/train/BacterialSpot/train_222_Bacterial Leaf Spot_47.jpg,BacterialSpot,Balanced_Final_Split/Balanced_Final_Split/test/BacterialSpot/test_222_Bacterial Leaf Spot_47.jpg,BacterialSpot,false
0c124021812e39445343d4c9a19eb0fc425e5f6c83583ea8d854082110145e76,Balanced_Final_Split/Balanced_Final_Split/train/BacterialSpot/train_223_Bacterial Leaf Spot_6.JPG,BacterialSpot,Balanced_Final_Split/Balanced_Final_Split/test/BacterialSpot/test_223_Bacterial Leaf Spot_6.JPG,BacterialSpot,false
6caf89eaa91b76dbe5adb80a348c2d64c783e07024d5a73fede415b6575592c6,Balanced_Final_Split/Balanced_Final_Split/train/BacterialSpot/train_224_Bacterial Leaf Spot_95.png,BacterialSpot,Balanced_Final_Split/Balanced_Final_Split/test/BacterialSpot/test_224_Bacterial Leaf Spot_95.png,BacterialSpot,false
9fc8a554bc075b39f246009945b4a7c9f2eff52ed594caceebae902789031a34,Balanced_Final_Split/Balanced_Final_Split/train/BacterialSpot/train_225_Bacterial Leaf Spot_64.jpg,BacterialSpot,Balanced_Final_Split/Balanced_Final_Split/test/BacterialSpot/test_225_Bacterial Leaf Spot_64.jpg,BacterialSpot,false
ffdfca73f2d5d3f6c8a0e226aca95db45769875f9dfa47199ccb0425efbc1d7d,Balanced_Final_Split/Balanced_Final_Split/train/BacterialSpot/train_226_Bacterial Leaf Spot_98.png,BacterialSpot,Balanced_Final_Split/Balanced_Final_Split/test/BacterialSpot/test_226_Bacterial Leaf Spot_98.png,BacterialSpot,false
2fe6c86b57b7ab97ed343c50515d720c7fd047453316638d555e3c2a3383bf4e,Balanced_Final_Split/Balanced_Final_Split/train/BacterialSpot/train_227_Bacterial Leaf Spot_41.jpg,BacterialSpot,Balanced_Final_Split/Balanced_Final_Split/test/BacterialSpot/test_227_Bacterial Leaf Spot_41.jpg,BacterialSpot,false
df19c2a8b1e4d8cf338d6148d9af94669b31c93f6ccc5406a73c71e397e151f0,Balanced_Final_Split/Balanced_Final_Split/train/BacterialSpot/train_228_Bacterial Leaf Spot_11.jpg,BacterialSpot,Balanced_Final_Split/Balanced_Final_Split/test/BacterialSpot/test_228_Bacterial Leaf Spot_11.jpg,BacterialSpot,false
92d3f5414138f49a185158b3ebc992c72d705d38650a9e00314fd8211069f7c3,Balanced_Final_Split/Balanced_Final_Split/train/BacterialSpot/train_229_Bacterial Leaf Spot_48.jpg,BacterialSpot,Balanced_Final_Split/Balanced_Final_Split/test/BacterialSpot/test_229_Bacterial Leaf Spot_48.jpg,BacterialSpot,false
fbfe4e6c3993d3792113c05281761a878049b6be68c304ef4cf6775235ca36da,Balanced_Final_Split/Balanced_Final_Split/train/BacterialSpot/train_22_Bacterial Leaf Spot_47.jpg,BacterialSpot,Balanced_Final_Split/Balanced_Final_Split/test/BacterialSpot/test_22_Bacterial Leaf Spot_47.jpg,BacterialSpot,false
e50692dc13bfc752796945595eaaceb28080c28153076f0bac4ec3a8574ac203,Balanced_Final_Split/Balanced_Final_Split/train/BacterialSpot/train_230_Bacterial Leaf Spot_23.jpg,BacterialSpot,Balanced_Final_Split/Balanced_Final_Split/test/BacterialSpot/test_230_Bacterial Leaf Spot_23.jpg,BacterialSpot,false
55b72aae86e69b6b5bee1360fbdbf89972a5e4868d4e5526b79af7f7255f49d1,Balanced_Final_Split/Balanced_Final_Split/train/BacterialSpot/train_231_Bacterial Leaf Spot_62.jpg,BacterialSpot,Balanced_Final_Split/Balanced_Final_Split/test/BacterialSpot/test_231_Bacterial Leaf Spot_62.jpg,BacterialSpot,false
09f4dc816b11120ef35a000cf6ddccb592fc2f948f61fded058328b1930c1dd7,Balanced_Final_Split/Balanced_Final_Split/train/BacterialSpot/train_232_Bacterial Leaf Spot_74.jpg,BacterialSpot,Balanced_Final_Split/Balanced_Final_Split/test/BacterialSpot/test_232_Bacterial Leaf Spot_74.jpg,BacterialSpot,false
c09fd0339190116d6b2a6de75a9c977926e569729645d8a3b988dfd8aabe9b3a,Balanced_Final_Split/Balanced_Final_Split/train/BacterialSpot/train_233_Bacterial Leaf Spot_78.png,BacterialSpot,Balanced_Final_Split/Balanced_Final_Split/test/BacterialSpot/test_233_Bacterial Leaf Spot_78.png,BacterialSpot,false
76d3574864b1c32384600995c9a414b319f8fc81de22ce21e193afa2980eb833,Balanced_Final_Split/Balanced_Final_Split/train/BacterialSpot/train_234_Bacterial Leaf Spot_89.png,BacterialSpot,Balanced_Final_Split/Balanced_Final_Split/test/BacterialSpot/test_234_Bacterial Leaf Spot_89.png,BacterialSpot,false
6ea6bb5216b28028d882dfa767b83a92e24c92824bc923d2b2f03e3d07b79083,Balanced_Final_Split/Balanced_Final_Split/train/BacterialSpot/train_235_Bacterial Leaf Spot_59.jpg,BacterialSpot,Balanced_Final_Split/Balanced_Final_Split/test/BacterialSpot/test_235_Bacterial Leaf Spot_59.jpg,BacterialSpot,false
87c8ac2aed7334e0ba0e1d3022b2c4f942ffaa7bc91a0bdb8fabaeb2d242db94,Balanced_Final_Split/Balanced_Final_Split/train/BacterialSpot/train_236_Bacterial Leaf Spot_8.jpg,BacterialSpot,Balanced_Final_Split/Balanced_Final_Split/test/BacterialSpot/test_236_Bacterial Leaf Spot_8.jpg,BacterialSpot,false
0562ca0037fdf794a886d1e95a86a5d0bcabbb986d037b81de112f8dc6dc5db8,Balanced_Final_Split/Balanced_Final_Split/train/BacterialSpot/train_237_Bacterial Leaf Spot_67.jpg,BacterialSpot,Balanced_Final_Split/Balanced_Final_Split/test/BacterialSpot/test_237_Bacterial Leaf Spot_67.jpg,BacterialSpot,false
2cd07f50a6c8899810b1f75bb79552bc3531a8cef454958561414adb93efa7a5,Balanced_Final_Split/Balanced_Final_Split/train/BacterialSpot/train_238_Bacterial Leaf Spot_1.png,BacterialSpot,Balanced_Final_Split/Balanced_Final_Split/test/BacterialSpot/test_238_Bacterial Leaf Spot_1.png,BacterialSpot,false
fb9d83293df174030488c793d4674ba6cd210d9f0cfc675012ab23b12f70d342,Balanced_Final_Split/Balanced_Final_Split/train/BacterialSpot/train_239_Bacterial Leaf Spot_27.jpg,BacterialSpot,Balanced_Final_Split/Balanced_Final_Split/test/BacterialSpot/test_239_Bacterial Leaf Spot_27.jpg,BacterialSpot,false
7d5936bff29a5c0dbe228f5aff47c8f45b6ca4640563ec83e679beb629e71a4f,Balanced_Final_Split/Balanced_Final_Split/train/BacterialSpot/train_23_Bacterial Leaf Spot_6.JPG,BacterialSpot,Balanced_Final_Split/Balanced_Final_Split/test/BacterialSpot/test_23_Bacterial Leaf Spot_6.JPG,BacterialSpot,false
00306ea907cf79cb43cb8d901aea953d89dec4039865b9b61bea5dd97b3c6009,Balanced_Final_Split/Balanced_Final_Split/train/BacterialSpot/train_240_Bacterial Leaf Spot_51.jpg,BacterialSpot,Balanced_Final_Split/Balanced_Final_Split/test/BacterialSpot/test_240_Bacterial Leaf Spot_51.jpg,BacterialSpot,false
972047eb7e81c2f90d8a32ec7bfc928da0519129b94e2b81fb5c71dd3345df48,Balanced_Final_Split/Balanced_Final_Split/train/BacterialSpot/train_241_Bacterial Leaf Spot_38.jpg,BacterialSpot,Balanced_Final_Split/Balanced_Final_Split/test/BacterialSpot/test_241_Bacterial Leaf Spot_38.jpg,BacterialSpot,false
3cd2b9cde2012c383040fe39a147804155002afb4eb606b8bc5ebc0f45fff62c,Balanced_Final_Split/Balanced_Final_Split/train/BacterialSpot/train_242_Bacterial Leaf Spot_54.JPG,BacterialSpot,Balanced_Final_Split/Balanced_Final_Split/test/BacterialSpot/test_242_Bacterial Leaf Spot_54.JPG,BacterialSpot,false
ed69dfc5b14fe7785fe97ad35ada68bb319195cd15cd9b3b8b4507b1b12f32e0,Balanced_Final_Split/Balanced_Final_Split/train/BacterialSpot/train_243_Bacterial Leaf Spot_55.jpg,BacterialSpot,Balanced_Final_Split/Balanced_Final_Split/test/BacterialSpot/test_243_Bacterial Leaf Spot_55.jpg,BacterialSpot,false
367de941a2b1c7d3a10d69dcf14b1ac2c7620600c6d597fe7e9a62d60f2b43cb,Balanced_Final_Split/Balanced_Final_Split/train/BacterialSpot/train_244_Bacterial Leaf Spot_33.jpg,BacterialSpot,Balanced_Final_Split/Balanced_Final_Split/test/BacterialSpot/test_244_Bacterial Leaf Spot_33.jpg,BacterialSpot,false
6fadcc187272d3ecf999e37448c623d187b85b8d987e651b88db92a82a526ad1,Balanced_Final_Split/Balanced_Final_Split/train/BacterialSpot/train_245_Bacterial Leaf Spot_81.jpg,BacterialSpot,Balanced_Final_Split/Balanced_Final_Split/test/BacterialSpot/test_245_Bacterial Leaf Spot_81.jpg,BacterialSpot,false
c11e21c5d43ec630540838a729b8b18541177beae790ecb8a95a14131462f644,Balanced_Final_Split/Balanced_Final_Split/train/BacterialSpot/train_246_Bacterial Leaf Spot_76.jpg,BacterialSpot,Balanced_Final_Split/Balanced_Final_Split/test/BacterialSpot/test_246_Bacterial Leaf Spot_76.jpg,BacterialSpot,false
8f67525c00f541fc3cc7de6e3344ae0c9f13b89c2992ae6faf3a23ff8c2fae70,Balanced_Final_Split/Balanced_Final_Split/train/BacterialSpot/train_247_Bacterial Leaf Spot_75.jpg,BacterialSpot,Balanced_Final_Split/Balanced_Final_Split/test/BacterialSpot/test_247_Bacterial Leaf Spot_75.jpg,BacterialSpot,false
8298498305cb19a418aeef608a9786ea5efa9f1c1a7962bbd6d3019c6b019415,Balanced_Final_Split/Balanced_Final_Split/train/BacterialSpot/train_248_Bacterial Leaf Spot_22.jpg,BacterialSpot,Balanced_Final_Split/Balanced_Final_Split/test/BacterialSpot/test_248_Bacterial Leaf Spot_22.jpg,BacterialSpot,false
d8229ceff9ab5e4f33e796e60d254dfab22205abfa8e24f10948d4f0c8e336c6,Balanced_Final_Split/Balanced_Final_Split/train/BacterialSpot/train_249_Bacterial Leaf Spot_49.jpg,BacterialSpot,Balanced_Final_Split/Balanced_Final_Split/test/BacterialSpot/test_249_Bacterial Leaf Spot_49.jpg,BacterialSpot,false
806e78a765c27b6c39d1773272b68c15f1e4bb9d1c80c8d649ee0ddf5e247700,Balanced_Final_Split/Balanced_Final_Split/train/BacterialSpot/train_24_Bacterial Leaf Spot_95.png,BacterialSpot,Balanced_Final_Split/Balanced_Final_Split/test/BacterialSpot/test_24_Bacterial Leaf Spot_95.png,BacterialSpot,false
153fe37ccc0cd4eaa63341f2f957c1dcd514e39e382e70337aa6bfb7b78bdb62,Balanced_Final_Split/Balanced_Final_Split/train/BacterialSpot/train_25_Bacterial Leaf Spot_64.jpg,BacterialSpot,Balanced_Final_Split/Balanced_Final_Split/test/BacterialSpot/test_25_Bacterial Leaf Spot_64.jpg,BacterialSpot,false
c7b2b4cf2db67c1c339e28a81d5019106c2dc42b0cdc970f73330564055d5c85,Balanced_Final_Split/Balanced_Final_Split/train/BacterialSpot/train_26_Bacterial Leaf Spot_98.png,BacterialSpot,Balanced_Final_Split/Balanced_Final_Split/test/BacterialSpot/test_26_Bacterial Leaf Spot_98.png,BacterialSpot,false
34540c4019b75d6c48d54ed3aba2212c3b4d5b5a479e18b29c3ff883ecce2292,Balanced_Final_Split/Balanced_Final_Split/train/BacterialSpot/train_27_Bacterial Leaf Spot_41.jpg,BacterialSpot,Balanced_Final_Split/Balanced_Final_Split/test/BacterialSpot/test_27_Bacterial Leaf Spot_41.jpg,BacterialSpot,false
f2db6d2c08d11390803e62c282540c66f55ce6ee5f51f81d624a11091967720d,Balanced_Final_Split/Balanced_Final_Split/train/BacterialSpot/train_28_Bacterial Leaf Spot_11.jpg,BacterialSpot,Balanced_Final_Split/Balanced_Final_Split/test/BacterialSpot/test_28_Bacterial Leaf Spot_11.jpg,BacterialSpot,false
fc18136b2a1491eb6f0eacf30ba2b3f20b326626c37cd451c1c5c9d34ea74164,Balanced_Final_Split/Balanced_Final_Split/train/BacterialSpot/train_29_Bacterial Leaf Spot_48.jpg,BacterialSpot,Balanced_Final_Split/Balanced_Final_Split/test/BacterialSpot/test_29_Bacterial Leaf Spot_48.jpg,BacterialSpot,false
b1d90b0f6d0dd47f1c86edbdd71da204b08e66ac5e424e85000d694038b3977d,Balanced_Final_Split/Balanced_Final_Split/train/BacterialSpot/train_2_Bacterial Leaf Spot_15.jpg,BacterialSpot,Balanced_Final_Split/Balanced_Final_Split/test/BacterialSpot/test_2_Bacterial Leaf Spot_15.jpg,BacterialSpot,false
7fb0b1c637ac10f4559f9dbcb176b0645c04d869c4d5bff71d7be3c63a90d8dd,Balanced_Final_Split/Balanced_Final_Split/train/BacterialSpot/train_30_Bacterial Leaf Spot_23.jpg,BacterialSpot,Balanced_Final_Split/Balanced_Final_Split/test/BacterialSpot/test_30_Bacterial Leaf Spot_23.jpg,BacterialSpot,false
1f2d6d7662422238ade80bf0d765de8c710ce201b74dc6a3b6af999a8925e19d,Balanced_Final_Split/Balanced_Final_Split/train/BacterialSpot/train_31_Bacterial Leaf Spot_62.jpg,BacterialSpot,Balanced_Final_Split/Balanced_Final_Split/test/BacterialSpot/test_31_Bacterial Leaf Spot_62.jpg,BacterialSpot,false
0d5a1d8d78195789b0df8dff624d7d1d0ef3f636ef793d6c8a7570ecbc7a99f7,Balanced_Final_Split/Balanced_Final_Split/train/BacterialSpot/train_32_Bacterial Leaf Spot_74.jpg,BacterialSpot,Balanced_Final_Split/Balanced_Final_Split/test/BacterialSpot/test_32_Bacterial Leaf Spot_74.jpg,BacterialSpot,false
c5d0a77172914ee1d0c1b85766787f4f7d2e3fd9fe7b824a088021ca94018f61,Balanced_Final_Split/Balanced_Final_Split/train/BacterialSpot/train_33_Bacterial Leaf Spot_78.png,BacterialSpot,Balanced_Final_Split/Balanced_Final_Split/test/BacterialSpot/test_33_Bacterial Leaf Spot_78.png,BacterialSpot,false
20605ace48034979e48d78261d13732e7866e7ee205346c5dbc0916c384e60a7,Balanced_Final_Split/Balanced_Final_Split/train/BacterialSpot/train_34_Bacterial Leaf Spot_89.png,BacterialSpot,Balanced_Final_Split/Balanced_Final_Split/test/BacterialSpot/test_34_Bacterial Leaf Spot_89.png,BacterialSpot,false
2243cb0714f1a5ec97b8ec93d438351ce1fa38b3a044e5fe1a7b00184f0a5545,Balanced_Final_Split/Balanced_Final_Split/train/BacterialSpot/train_35_Bacterial Leaf Spot_59.jpg,BacterialSpot,Balanced_Final_Split/Balanced_Final_Split/test/BacterialSpot/test_35_Bacterial Leaf Spot_59.jpg,BacterialSpot,false
48e947c6d08492435ecf8fdc5b17cf1ba46b47a56e5cfa7f10aa308ccdb3cc48,Balanced_Final_Split/Balanced_Final_Split/train/BacterialSpot/train_36_Bacterial Leaf Spot_8.jpg,BacterialSpot,Balanced_Final_Split/Balanced_Final_Split/test/BacterialSpot/test_36_Bacterial Leaf Spot_8.jpg,BacterialSpot,false
af9207cffa8cba51bad5145d706e9136e6d22d62fa69c97ae1d5f70c4f687794,Balanced_Final_Split/Balanced_Final_Split/train/BacterialSpot/train_37_Bacterial Leaf Spot_67.jpg,BacterialSpot,Balanced_Final_Split/Balanced_Final_Split/test/BacterialSpot/test_37_Bacterial Leaf Spot_67.jpg,BacterialSpot,false
d8b1afba783ad2f9f3ba2c0ca11847786626a8fd14a7ab9b90dab1de470127bb,Balanced_Final_Split/Balanced_Final_Split/train/BacterialSpot/train_38_Bacterial Leaf Spot_1.png,BacterialSpot,Balanced_Final_Split/Balanced_Final_Split/test/BacterialSpot/test_38_Bacterial Leaf Spot_1.png,BacterialSpot,false
1e21a698e82aa20bf5fef6190fa07a6c1a1680eac25f0d5eba8fa100483854c9,Balanced_Final_Split/Balanced_Final_Split/train/BacterialSpot/train_39_Bacterial Leaf Spot_27.jpg,BacterialSpot,Balanced_Final_Split/Balanced_Final_Split/test/BacterialSpot/test_39_Bacterial Leaf Spot_27.jpg,BacterialSpot,false
dfaad3b6a687dde3ef934a8b79fbea9d71d0cfa561292ec314d57020e0fe6b6e,Balanced_Final_Split/Balanced_Final_Split/train/BacterialSpot/train_3_Bacterial Leaf Spot_24.png,BacterialSpot,Balanced_Final_Split/Balanced_Final_Split/test/BacterialSpot/test_3_Bacterial Leaf Spot_24.png,BacterialSpot,false
c32d9ffa0c6fed6b93e3e8985cdec6efcaf5e4c0a824efdabd86f57e5a0f8b72,Balanced_Final_Split/Balanced_Final_Split/train/BacterialSpot/train_40_Bacterial Leaf Spot_51.jpg,BacterialSpot,Balanced_Final_Split/Balanced_Final_Split/test/BacterialSpot/test_40_Bacterial Leaf Spot_51.jpg,BacterialSpot,false
9dd0dc119ad31c6d6d817a0b60285d0a79a2583c0d875a9423ebc42c43c4932b,Balanced_Final_Split/Balanced_Final_Split/train/BacterialSpot/train_41_Bacterial Leaf Spot_38.jpg,BacterialSpot,Balanced_Final_Split/Balanced_Final_Split/test/BacterialSpot/test_41_Bacterial Leaf Spot_38.jpg,BacterialSpot,false
ca28af925610c88d20ab9c093737c2c0bbef06f3134b7dbb48b4147ba3bd2c21,Balanced_Final_Split/Balanced_Final_Split/train/BacterialSpot/train_42_Bacterial Leaf Spot_54.JPG,BacterialSpot,Balanced_Final_Split/Balanced_Final_Split/test/BacterialSpot/test_42_Bacterial Leaf Spot_54.JPG,BacterialSpot,false
bf6d0379f0bc84397446e4638cd780341ea7c763e5c0a0193cce7fc66eb986b6,Balanced_Final_Split/Balanced_Final_Split/train/BacterialSpot/train_43_Bacterial Leaf Spot_55.jpg,BacterialSpot,Balanced_Final_Split/Balanced_Final_Split/test/BacterialSpot/test_43_Bacterial Leaf Spot_55.jpg,BacterialSpot,false
12a50d228509c3998e59823107926cbc21a401f1024de47ec48b5682802acb6d,Balanced_Final_Split/Balanced_Final_Split/train/BacterialSpot/train_44_Bacterial Leaf Spot_33.jpg,BacterialSpot,Balanced_Final_Split/Balanced_Final_Split/test/BacterialSpot/test_44_Bacterial Leaf Spot_33.jpg,BacterialSpot,false
f0761f6cba4f524464b8c578f878278c49bd5e1a83c6b326a0b9e5420f61fd23,Balanced_Final_Split/Balanced_Final_Split/train/BacterialSpot/train_45_Bacterial Leaf Spot_81.jpg,BacterialSpot,Balanced_Final_Split/Balanced_Final_Split/test/BacterialSpot/test_45_Bacterial Leaf Spot_81.jpg,BacterialSpot,false
57ac87b4c6e4f33c57816f1bed6ab0ae6f85852292b932b3f953a2b873d8de44,Balanced_Final_Split/Balanced_Final_Split/train/BacterialSpot/train_46_Bacterial Leaf Spot_76.jpg,BacterialSpot,Balanced_Final_Split/Balanced_Final_Split/test/BacterialSpot/test_46_Bacterial Leaf Spot_76.jpg,BacterialSpot,false
96cdb559de13460eeab38477bb773e3bcb3e3323f1fa7669563235f6735cc5cd,Balanced_Final_Split/Balanced_Final_Split/train/BacterialSpot/train_47_Bacterial Leaf Spot_75.jpg,BacterialSpot,Balanced_Final_Split/Balanced_Final_Split/test/BacterialSpot/test_47_Bacterial Leaf Spot_75.jpg,BacterialSpot,false
9f1f65ee3313a1923a145795daa80624dac922b40c2d7aa3f14a823a224e5b99,Balanced_Final_Split/Balanced_Final_Split/train/BacterialSpot/train_48_Bacterial Leaf Spot_22.jpg,BacterialSpot,Balanced_Final_Split/Balanced_Final_Split/test/BacterialSpot/test_48_Bacterial Leaf Spot_22.jpg,BacterialSpot,false
5a63500b829b138d275bfaa89da294aadd16205637726bc37f1a09df8e7360f7,Balanced_Final_Split/Balanced_Final_Split/train/BacterialSpot/train_49_Bacterial Leaf Spot_49.jpg,BacterialSpot,Balanced_Final_Split/Balanced_Final_Split/test/BacterialSpot/test_49_Bacterial Leaf Spot_49.jpg,BacterialSpot,false
eac223b60510c0b628d6568b435e19fd7c7c8006ce7000292654cf8d2e1a5242,Balanced_Final_Split/Balanced_Final_Split/train/BacterialSpot/train_4_Bacterial Leaf Spot_80.jpg,BacterialSpot,Balanced_Final_Split/Balanced_Final_Split/test/BacterialSpot/test_4_Bacterial Leaf Spot_80.jpg,BacterialSpot,false
30db45fdba4202c80641103eef43d7b5a28f90c65e48995f42c8391b9989214c,Balanced_Final_Split/Balanced_Final_Split/train/BacterialSpot/train_50_Bacterial Leaf Spot_9.jpg,BacterialSpot,Balanced_Final_Split/Balanced_Final_Split/test/BacterialSpot/test_50_Bacterial Leaf Spot_9.jpg,BacterialSpot,false
95e88986f7ceca5802183769b54227b867694f0a14666ffeadb846c19a0838c0,Balanced_Final_Split/Balanced_Final_Split/train/BacterialSpot/train_51_Bacterial Leaf Spot_61.jpg,BacterialSpot,Balanced_Final_Split/Balanced_Final_Split/test/BacterialSpot/test_51_Bacterial Leaf Spot_61.jpg,BacterialSpot,false
764199191d2bb2100476b31ee8bc8b83e36c71da0b9dcb976c549ea2732cf96f,Balanced_Final_Split/Balanced_Final_Split/train/BacterialSpot/train_52_Bacterial Leaf Spot_17.jpg,BacterialSpot,Balanced_Final_Split/Balanced_Final_Split/test/BacterialSpot/test_52_Bacterial Leaf Spot_17.jpg,BacterialSpot,false
d715327e0885f899a8101bf7f101f76a791fb668e853392c8dc43ca789a8a67b,Balanced_Final_Split/Balanced_Final_Split/train/BacterialSpot/train_53_Bacterial Leaf Spot_66.JPG,BacterialSpot,Balanced_Final_Split/Balanced_Final_Split/test/BacterialSpot/test_53_Bacterial Leaf Spot_66.JPG,BacterialSpot,false
3a3a3ae86cba1205977e9dd6fcf556eb48b6a633cda5058b37bc9070f128f644,Balanced_Final_Split/Balanced_Final_Split/train/BacterialSpot/train_54_Bacterial Leaf Spot_31.jpg,BacterialSpot,Balanced_Final_Split/Balanced_Final_Split/test/BacterialSpot/test_54_Bacterial Leaf Spot_31.jpg,BacterialSpot,false
9390669020daf405916635e9bd2ed203fadff2b90d2f7022702a854b2d5b5ddb,Balanced_Final_Split/Balanced_Final_Split/train/BacterialSpot/train_55_Bacterial Leaf Spot_53.jpg,BacterialSpot,Balanced_Final_Split/Balanced_Final_Split/test/BacterialSpot/test_55_Bacterial Leaf Spot_53.jpg,BacterialSpot,false
e6093f83803eff22ea014c3a510249cc6cfcdcce803dbc56149f08a2bf4ac621,Balanced_Final_Split/Balanced_Final_Split/train/BacterialSpot/train_56_Bacterial Leaf Spot_73.jpg,BacterialSpot,Balanced_Final_Split/Balanced_Final_Split/test/BacterialSpot/test_56_Bacterial Leaf Spot_73.jpg,BacterialSpot,false
90ae6b29db5a3619892f469a667f9a64f3b6f527e9829c94fa07945b2205e9f4,Balanced_Final_Split/Balanced_Final_Split/train/BacterialSpot/train_57_Bacterial Leaf Spot_83.jpg,BacterialSpot,Balanced_Final_Split/Balanced_Final_Split/test/BacterialSpot/test_57_Bacterial Leaf Spot_83.jpg,BacterialSpot,false
f3a9c485d7040a2305abdb20339516fa6115d3a15007d2947d3ae8f4d56deaa1,Balanced_Final_Split/Balanced_Final_Split/train/BacterialSpot/train_58_Bacterial Leaf Spot_37.jpg,BacterialSpot,Balanced_Final_Split/Balanced_Final_Split/test/BacterialSpot/test_58_Bacterial Leaf Spot_37.jpg,BacterialSpot,false
e57bca69903641b0989f8d8e57dde31b0a465b897dc1a3476e5cc7797ef04719,Balanced_Final_Split/Balanced_Final_Split/train/BacterialSpot/train_59_Bacterial Leaf Spot_77.jpg,BacterialSpot,Balanced_Final_Split/Balanced_Final_Split/test/BacterialSpot/test_59_Bacterial Leaf Spot_77.jpg,BacterialSpot,false
9ba1c06e20b03db5404de293e655b544a9346072631c8664a871081fd527adf9,Balanced_Final_Split/Balanced_Final_Split/train/BacterialSpot/train_5_Bacterial Leaf Spot_65.jpg,BacterialSpot,Balanced_Final_Split/Balanced_Final_Split/test/BacterialSpot/test_5_Bacterial Leaf Spot_65.jpg,BacterialSpot,false
677c6a0c64ee7df920b087f280c37cc3a95a62a5651b6f25a33a174ae34c7560,Balanced_Final_Split/Balanced_Final_Split/train/BacterialSpot/train_60_Bacterial Leaf Spot_39.jpg,BacterialSpot,Balanced_Final_Split/Balanced_Final_Split/test/BacterialSpot/test_60_Bacterial Leaf Spot_39.jpg,BacterialSpot,false
85d5520e40a241061c674b74649af62321624ba47cb59b67c95450e2991375f3,Balanced_Final_Split/Balanced_Final_Split/train/BacterialSpot/train_61_Bacterial Leaf Spot_20.jpg,BacterialSpot,Balanced_Final_Split/Balanced_Final_Split/test/BacterialSpot/test_61_Bacterial Leaf Spot_20.jpg,BacterialSpot,false
6a95b39ffd0de2cc409374984504e507b27b327afa5f87d3cb6bb912b3587f9e,Balanced_Final_Split/Balanced_Final_Split/train/BacterialSpot/train_62_Bacterial Leaf Spot_21.jpg,BacterialSpot,Balanced_Final_Split/Balanced_Final_Split/test/BacterialSpot/test_62_Bacterial Leaf Spot_21.jpg,BacterialSpot,false
4d11f5c7adadd7d578ad294e21f811537ee3f5ee8da77c1b58d11c87f45328be,Balanced_Final_Split/Balanced_Final_Split/train/BacterialSpot/train_63_Bacterial Leaf Spot_82.jpg,BacterialSpot,Balanced_Final_Split/Balanced_Final_Split/test/BacterialSpot/test_63_Bacterial Leaf Spot_82.jpg,BacterialSpot,false
412a81e0c2d564ad388b94d2dfaa937ff300ee20e0e2fcbb68c1adf5205342c3,Balanced_Final_Split/Balanced_Final_Split/train/BacterialSpot/train_64_Bacterial Leaf Spot_97.png,BacterialSpot,Balanced_Final_Split/Balanced_Final_Split/test/BacterialSpot/test_64_Bacterial Leaf Spot_97.png,BacterialSpot,false
e94c081d5e70ad18d04670dfa37ec3e9380e5a16ad8b9beeffc13c909cf166cc,Balanced_Final_Split/Balanced_Final_Split/train/BacterialSpot/train_65_Bacterial Leaf Spot_34.jpg,BacterialSpot,Balanced_Final_Split/Balanced_Final_Split/test/BacterialSpot/test_65_Bacterial Leaf Spot_34.jpg,BacterialSpot,false
5d05f119d7770d571aa68717753b34da02cf36547ae25a780013780a0258deb2,Balanced_Final_Split/Balanced_Final_Split/train/BacterialSpot/train_66_Bacterial Leaf Spot_94.png,BacterialSpot,Balanced_Final_Split/Balanced_Final_Split/test/BacterialSpot/test_66_Bacterial Leaf Spot_94.png,BacterialSpot,false
2d13246353cca1bb2f52e617d23e2f07be68acea1421cd7bd97dc6bd9e901381,Balanced_Final_Split/Balanced_Final_Split/train/BacterialSpot/train_67_Bacterial Leaf Spot_58.jpg,BacterialSpot,Balanced_Final_Split/Balanced_Final_Split/test/BacterialSpot/test_67_Bacterial Leaf Spot_58.jpg,BacterialSpot,false
819e2922e40895c31dd03527b2d026bc41eecddbbc9ec0c24a6cd10df711fc9d,Balanced_Final_Split/Balanced_Final_Split/train/BacterialSpot/train_68_Bacterial Leaf Spot_14.jpg,BacterialSpot,Balanced_Final_Split/Balanced_Final_Split/test/BacterialSpot/test_68_Bacterial Leaf Spot_14.jpg,BacterialSpot,false
6a67b8bafadca1e1eadac67969f59a56d594c6842101a870d38a4e85f916ccf3,Balanced_Final_Split/Balanced_Final_Split/train/BacterialSpot/train_69_Bacterial Leaf Spot_35.JPG,BacterialSpot,Balanced_Final_Split/Balanced_Final_Split/test/BacterialSpot/test_69_Bacterial Leaf Spot_35.JPG,BacterialSpot,false
fd1dd1769fa347f2031731c4baee664870dc66de7fecaf86f50d3ed1150a6c58,Balanced_Final_Split/Balanced_Final_Split/train/BacterialSpot/train_6_Bacterial Leaf Spot_16.jpg,BacterialSpot,Balanced_Final_Split/Balanced_Final_Split/test/BacterialSpot/test_6_Bacterial Leaf Spot_16.jpg,BacterialSpot,false
0b549fe5bafdcfab63e78a58480e4189b94729f749974bf085715f8b96ecc215,Balanced_Final_Split/Balanced_Final_Split/train/BacterialSpot/train_70_Bacterial Leaf Spot_100.png,BacterialSpot,Balanced_Final_Split/Balanced_Final_Split/test/BacterialSpot/test_70_Bacterial Leaf Spot_100.png,BacterialSpot,false
d5c2a183048eaec4d3f8709507fe939d4fbe3b477f61fbb03d847d94d17d4ea6,Balanced_Final_Split/Balanced_Final_Split/train/BacterialSpot/train_71_Bacterial Leaf Spot_5.jpg,BacterialSpot,Balanced_Final_Split/Balanced_Final_Split/test/BacterialSpot/test_71_Bacterial Leaf Spot_5.jpg,BacterialSpot,false
1803110810d6ba0f71480e0fb4f28c61c487edbac35dc386b5b2191ed0f36c98,Balanced_Final_Split/Balanced_Final_Split/train/BacterialSpot/train_72_Bacterial Leaf Spot_72.jpg,BacterialSpot,Balanced_Final_Split/Balanced_Final_Split/test/BacterialSpot/test_72_Bacterial Leaf Spot_72.jpg,BacterialSpot,false
7f638588e3a6633a82d26a0ca59d88ef4c240e92b24149fe74b9a5397d5b6481,Balanced_Final_Split/Balanced_Final_Split/train/BacterialSpot/train_73_Bacterial Leaf Spot_3.png,BacterialSpot,Balanced_Final_Split/Balanced_Final_Split/test/BacterialSpot/test_73_Bacterial Leaf Spot_3.png,BacterialSpot,false
68daa7d381ecb5e53f5b8348b3f4286263d5e7e3f33625ac8c1d413a2353d60f,Balanced_Final_Split/Balanced_Final_Split/train/BacterialSpot/train_74_Bacterial Leaf Spot_68.JPG,BacterialSpot,Balanced_Final_Split/Balanced_Final_Split/test/BacterialSpot/test_74_Bacterial Leaf Spot_68.JPG,BacterialSpot,false
e77a0802ea04f6469f19f8eceb444c927aa682bd63f4ef4612bd84f2798fd73a,Balanced_Final_Split/Balanced_Final_Split/train/BacterialSpot/train_75_Bacterial Leaf Spot_13.JPG,BacterialSpot,Balanced_Final_Split/Balanced_Final_Split/test/BacterialSpot/test_75_Bacterial Leaf Spot_13.JPG,BacterialSpot,false
70b4bc0ac70874f736bb7d2bc85c014ace1270912b4a00186178179476da0410,Balanced_Final_Split/Balanced_Final_Split/train/BacterialSpot/train_76_Bacterial Leaf Spot_40.jpg,BacterialSpot,Balanced_Final_Split/Balanced_Final_Split/test/BacterialSpot/test_76_Bacterial Leaf Spot_40.jpg,BacterialSpot,false
5a3c7a1f9c67c27fd4ed763e5ed49bed178d92fea56249823fd2d2244b449e84,Balanced_Final_Split/Balanced_Final_Split/train/BacterialSpot/train_77_Bacterial Leaf Spot_86.png,BacterialSpot,Balanced_Final_Split/Balanced_Final_Split/test/BacterialSpot/test_77_Bacterial Leaf Spot_86.png,BacterialSpot,false
92cda461f2853e2305abfa5052a0c5a15bd2097ce36e1f42cc7280c2d267bdd8,Balanced_Final_Split/Balanced_Final_Split/train/BacterialSpot/train_78_Bacterial Leaf Spot_99.png,BacterialSpot,Balanced_Final_Split/Balanced_Final_Split/test/BacterialSpot/test_78_Bacterial Leaf Spot_99.png,BacterialSpot,false
c41596535343d46e8145fc1ff68a30e81be27298f051413859e360dbe2427ef3,Balanced_Final_Split/Balanced_Final_Split/train/BacterialSpot/train_79_Bacterial Leaf Spot_92.png,BacterialSpot,Balanced_Final_Split/Balanced_Final_Split/test/BacterialSpot/test_79_Bacterial Leaf Spot_92.png,BacterialSpot,false
fb81202d09c0a2a3e975defd0f1150e0aaddc91c6549d38843cced2434382b5e,Balanced_Final_Split/Balanced_Final_Split/train/BacterialSpot/train_7_Bacterial Leaf Spot_85.png,BacterialSpot,Balanced_Final_Split/Balanced_Final_Split/test/BacterialSpot/test_7_Bacterial Leaf Spot_85.png,BacterialSpot,false
b44b68e0f3764c3e94154c15eb02fdcfc5dbc776bd8f92934e76940906d08467,Balanced_Final_Split/Balanced_Final_Split/train/BacterialSpot/train_80_Bacterial Leaf Spot_79.JPG,BacterialSpot,Balanced_Final_Split/Balanced_Final_Split/test/BacterialSpot/test_80_Bacterial Leaf Spot_79.JPG,BacterialSpot,false
5bdba3ab6d7172526ab81aeaee681e5504a7a52084ab8adf4d3ab942a441d431,Balanced_Final_Split/Balanced_Final_Split/train/BacterialSpot/train_81_Bacterial Leaf Spot_44.jpg,BacterialSpot,Balanced_Final_Split/Balanced_Final_Split/test/BacterialSpot/test_81_Bacterial Leaf Spot_44.jpg,BacterialSpot,false
bac237111875692623ecf222520567f0d1603ae4c6e908a0b5d6c0d5e0af3109,Balanced_Final_Split/Balanced_Final_Split/train/BacterialSpot/train_82_Bacterial Leaf Spot_42.JPG,BacterialSpot,Balanced_Final_Split/Balanced_Final_Split/test/BacterialSpot/test_82_Bacterial Leaf Spot_42.JPG,BacterialSpot,false
2a7f94a11e9e790bbeadc1bb3d547d8f1a342aeeb8e10a42459907401ab75cd2,Balanced_Final_Split/Balanced_Final_Split/train/BacterialSpot/train_83_Bacterial Leaf Spot_12.jpg,BacterialSpot,Balanced_Final_Split/Balanced_Final_Split/test/BacterialSpot/test_83_Bacterial Leaf Spot_12.jpg,BacterialSpot,false
abca7e8ea0521470b66ebc3fefad23e886e063681bdb34a6ca4256c12df5d7b9,Balanced_Final_Split/Balanced_Final_Split/train/BacterialSpot/train_84_Bacterial Leaf Spot_7.jpg,BacterialSpot,Balanced_Final_Split/Balanced_Final_Split/test/BacterialSpot/test_84_Bacterial Leaf Spot_7.jpg,BacterialSpot,false
5b3a0c2d284ea09a768dc614b441087a3acfa5dc18073be7a6d2a01c09ecc009,Balanced_Final_Split/Balanced_Final_Split/train/BacterialSpot/train_85_Bacterial Leaf Spot_19.jpg,BacterialSpot,Balanced_Final_Split/Balanced_Final_Split/test/BacterialSpot/test_85_Bacterial Leaf Spot_19.jpg,BacterialSpot,false
501ca5154f8c1ae5c2718e58a04b57c79c7816fe71ce24d97507aeb74eeed021,Balanced_Final_Split/Balanced_Final_Split/train/BacterialSpot/train_86_Bacterial Leaf Spot_69.jpg,BacterialSpot,Balanced_Final_Split/Balanced_Final_Split/test/BacterialSpot/test_86_Bacterial Leaf Spot_69.jpg,BacterialSpot,false
c332dca2eadaa12d0e1709b0842619c1f33be2dc27747eae5c6b92c61aa216ef,Balanced_Final_Split/Balanced_Final_Split/train/BacterialSpot/train_87_Bacterial Leaf Spot_90.jpg,BacterialSpot,Balanced_Final_Split/Balanced_Final_Split/test/BacterialSpot/test_87_Bacterial Leaf Spot_90.jpg,BacterialSpot,false
b5dc33229d5443934bff4a19059e03d5368e2e6ac54cd5d0e7aa848b1476ce71,Balanced_Final_Split/Balanced_Final_Split/train/BacterialSpot/train_88_Bacterial Leaf Spot_26.jpg,BacterialSpot,Balanced_Final_Split/Balanced_Final_Split/test/BacterialSpot/test_88_Bacterial Leaf Spot_26.jpg,BacterialSpot,false
97ce999067540e5fc41f5843941d26d55aa677a9601c9ded821b4fde1b724978,Balanced_Final_Split/Balanced_Final_Split/train/BacterialSpot/train_89_Bacterial Leaf Spot_84.jpg,BacterialSpot,Balanced_Final_Split/Balanced_Final_Split/test/BacterialSpot/test_89_Bacterial Leaf Spot_84.jpg,BacterialSpot,false
f071d2a0bb0e894c5a734a72f2414e2f9d1d60b7d2f11acdd95d81bf40842b65,Balanced_Final_Split/Balanced_Final_Split/train/BacterialSpot/train_8_Bacterial Leaf Spot_30.JPG,BacterialSpot,Balanced_Final_Split/Balanced_Final_Split/test/BacterialSpot/test_8_Bacterial Leaf Spot_30.JPG,BacterialSpot,false
3704d5da80f6e5117837b3a464f218fc60a1dadd1209a48f76e93c22485b5694,Balanced_Final_Split/Balanced_Final_Split/train/BacterialSpot/train_90_Bacterial Leaf Spot_10.jpg,BacterialSpot,Balanced_Final_Split/Balanced_Final_Split/test/BacterialSpot/test_90_Bacterial Leaf Spot_10.jpg,BacterialSpot,false
4d80c7a8b8432dd2460db77a54ba523e1f7eac46cbca4b94a8baff584c3283f2,Balanced_Final_Split/Balanced_Final_Split/train/BacterialSpot/train_91_Bacterial Leaf Spot_28.jpg,BacterialSpot,Balanced_Final_Split/Balanced_Final_Split/test/BacterialSpot/test_91_Bacterial Leaf Spot_28.jpg,BacterialSpot,false
1adfeac266e0ad84120695541c7814069495fe28834e88e2f36c8cb854d90b7d,Balanced_Final_Split/Balanced_Final_Split/train/BacterialSpot/train_92_Bacterial Leaf Spot_32.jpg,BacterialSpot,Balanced_Final_Split/Balanced_Final_Split/test/BacterialSpot/test_92_Bacterial Leaf Spot_32.jpg,BacterialSpot,false
e1346c5e6f91cdce4602fba88884f6c0a29dc0e1a51891a2ade996017242899a,Balanced_Final_Split/Balanced_Final_Split/train/BacterialSpot/train_93_Bacterial Leaf Spot_43.jpg,BacterialSpot,Balanced_Final_Split/Balanced_Final_Split/test/BacterialSpot/test_93_Bacterial Leaf Spot_43.jpg,BacterialSpot,false
38d2a0039ff81e9161aee3bf1ec434f7df799bef67c4a8433b2f7a99e251656e,Balanced_Final_Split/Balanced_Final_Split/train/BacterialSpot/train_94_Bacterial Leaf Spot_46.JPG,BacterialSpot,Balanced_Final_Split/Balanced_Final_Split/test/BacterialSpot/test_94_Bacterial Leaf Spot_46.JPG,BacterialSpot,false
2904935d38ed007911bf1673b8d99bfa73235b4d919081016fac043f4196d929,Balanced_Final_Split/Balanced_Final_Split/train/BacterialSpot/train_95_Bacterial Leaf Spot_50.jpg,BacterialSpot,Balanced_Final_Split/Balanced_Final_Split/test/BacterialSpot/test_95_Bacterial Leaf Spot_50.jpg,BacterialSpot,false
2d8a6359e7c2b6182b29fc63caa2d8fe73cd65808dca7de2f21e53b5dfe37adf,Balanced_Final_Split/Balanced_Final_Split/train/BacterialSpot/train_96_Bacterial Leaf Spot_4.jpg,BacterialSpot,Balanced_Final_Split/Balanced_Final_Split/test/BacterialSpot/test_96_Bacterial Leaf Spot_4.jpg,BacterialSpot,false
64706e3e966d7508c5977dbf9222ab2bac53a7fcc12c843d329c04827d4baa72,Balanced_Final_Split/Balanced_Final_Split/train/BacterialSpot/train_97_Bacterial Leaf Spot_18.JPG,BacterialSpot,Balanced_Final_Split/Balanced_Final_Split/test/BacterialSpot/test_97_Bacterial Leaf Spot_18.JPG,BacterialSpot,false
ad90ec7c8e073afdad827560db58fdd7fa470239f1b4ea5ecf55edf1c175209a,Balanced_Final_Split/Balanced_Final_Split/train/BacterialSpot/train_98_Bacterial Leaf Spot_29.jpg,BacterialSpot,Balanced_Final_Split/Balanced_Final_Split/test/BacterialSpot/test_98_Bacterial Leaf Spot_29.jpg,BacterialSpot,false
bed48f7df5341910a7c051d5e981adec8f2aadc2431a246c2d8d4e4a33b8fa4b,Balanced_Final_Split/Balanced_Final_Split/train/BacterialSpot/train_99_Bacterial Leaf Spot_96.png,BacterialSpot,Balanced_Final_Split/Balanced_Final_Split/test/BacterialSpot/test_99_Bacterial Leaf Spot_96.png,BacterialSpot,false
f422a45bcf02ab802df3b46831d5b65ef4b5d1706bf721fb85c3f3060314c021,Balanced_Final_Split/Balanced_Final_Split/train/BacterialSpot/train_9_Bacterial Leaf Spot_93.png,BacterialSpot,Balanced_Final_Split/Balanced_Final_Split/test/BacterialSpot/test_9_Bacterial Leaf Spot_93.png,BacterialSpot,false
bc98a84ef359c345c103987698429433299c22374949e7ac06b52be9a8af8c1e,Balanced_Final_Split/Balanced_Final_Split/train/Black_Rot/train_0_5c237a28-eeef-4cc6-a6c5-f9360022dd3e___FAM_B.Rot 5081.JPG,Black_Rot,Balanced_Final_Split/Balanced_Final_Split/test/Black_Rot/test_0_5c237a28-eeef-4cc6-a6c5-f9360022dd3e___FAM_B.Rot 5081.JPG,Black_Rot,false
6e3ce68ca8bf1cf5c8057f95e1a69b94443b1eebb5ca4bf6fd0650e8b7238ad6,Balanced_Final_Split/Balanced_Final_Split/train/Black_Rot/train_100_1d482244-3c8c-40fa-8a40-a0ad06ae1e7b___FAM_B.Rot 5100_flipLR.JPG,Black_Rot,Balanced_Final_Split/Balanced_Final_Split/test/Black_Rot/test_100_1d482244-3c8c-40fa-8a40-a0ad06ae1e7b___FAM_B.Rot 5100_flipLR.JPG,Black_Rot,false
54a33b3a47177f7ce44872fe59124d3734b205067dfd191f70cd7ca9bec335a4,Balanced_Final_Split/Balanced_Final_Split/train/Black_Rot/train_101_3b840038-8831-4158-ab4a-8eeee954d136___FAM_B.Rot 3307.JPG,Black_Rot,Balanced_Final_Split/Balanced_Final_Split/test/Black_Rot/test_101_3b840038-8831-4158-ab4a-8eeee954d136___FAM_B.Rot 3307.JPG,Black_Rot,false
1a9bb492653cb5f06fab5c12658aeef0f09cf7def3f760b79e909765931a53fe,Balanced_Final_Split/Balanced_Final_Split/train/Black_Rot/train_102_7c70c9f7-6dfe-41b1-a720-bd29c4416427___FAM_B.Rot 0544.JPG,Black_Rot,Balanced_Final_Split/Balanced_Final_Split/test/Black_Rot/test_102_7c70c9f7-6dfe-41b1-a720-bd29c4416427___FAM_B.Rot 0544.JPG,Black_Rot,false
03c02b0b9c029fdcecad74939fe95b9a74f6b40267d6b68bfe3955d627a06f92,Balanced_Final_Split/Balanced_Final_Split/train/Black_Rot/train_103_0bc6da94-2f94-4e4f-8858-b1a855dffbdf___FAM_B.Rot 3420.JPG,Black_Rot,Balanced_Final_Split/Balanced_Final_Split/test/Black_Rot/test_103_0bc6da94-2f94-4e4f-8858-b1a855dffbdf___FAM_B.Rot 3420.JPG,Black_Rot,false
76784dc715dd56cc97902643fce6c496b2e6bec6b89481144445c8c3e31411f4,Balanced_Final_Split/Balanced_Final_Split/train/Black_Rot/train_104_4dca234a-1cf7-4524-ade0-7aadda601943___FAM_B.Rot 0525.JPG,Black_Rot,Balanced_Final_Split/Balanced_Final_Split/test/Black_Rot/test_104_4dca234a-1cf7-4524-ade0-7aadda601943___FAM_B.Rot 0525.JPG,Black_Rot,false
c748c97efe67efa17e8fb1e308039df8d9ac979bdd7b1a1d6a37c36d373ecbe1,Balanced_Final_Split/Balanced_Final_Split/train/Black_Rot/train_105_3f092a00-8ffd-4bc7-9c33-17555cb192c3___FAM_B.Rot 0654.JPG,Black_Rot,Balanced_Final_Split/Balanced_Final_Split/test/Black_Rot/test_105_3f092a00-8ffd-4bc7-9c33-17555cb192c3___FAM_B.Rot 0654.JPG,Black_Rot,false
db722f3735e0deeaf2fa270e9d00849171085d60d90b7814bd27257b6463a987,Balanced_Final_Split/Balanced_Final_Split/train/Black_Rot/train_106_01d4aa8b-cc91-4475-b80c-b5b0ca10f1f6___FAM_B.Rot 3050.JPG,Black_Rot,Balanced_Final_Split/Balanced_Final_Split/test/Black_Rot/test_106_01d4aa8b-cc91-4475-b80c-b5b0ca10f1f6___FAM_B.Rot 3050.JPG,Black_Rot,false
f483e734da667f721d8c74de45ffa5cd953f0cba32116682c4785f4d417c6fcc,Balanced_Final_Split/Balanced_Final_Split/train/Black_Rot/train_107_4f96ed73-52e2-4f42-9c1c-afb7d89ef39f___FAM_B.Rot 5066.JPG,Black_Rot,Balanced_Final_Split/Balanced_Final_Split/test/Black_Rot/test_107_4f96ed73-52e2-4f42-9c1c-afb7d89ef39f___FAM_B.Rot 5066.JPG,Black_Rot,false
900c90c379f6c53f8e4c462115abd48e3a04790f805ebab0963a57165cffaf1a,Balanced_Final_Split/Balanced_Final_Split/train/Black_Rot/train_108_2d362d18-4de1-4c49-8655-31d553305865___FAM_B.Rot 3485_flipLR.JPG,Black_Rot,Balanced_Final_Split/Balanced_Final_Split/test/Black_Rot/test_108_2d362d18-4de1-4c49-8655-31d553305865___FAM_B.Rot 3485_flipLR.JPG,Black_Rot,false
d83d4cd732d0927b4e121785585a8c7580a7790138553457abcf079461705301,Balanced_Final_Split/Balanced_Final_Split/train/Black_Rot/train_109_4d809b95-8d11-444a-ac84-e5e327c843b1___FAM_B.Rot 3584_flipLR.JPG,Black_Rot,Balanced_Final_Split/Balanced_Final_Split/test/Black_Rot/test_109_4d809b95-8d11-444a-ac84-e5e327c843b1___FAM_B.Rot 3584_flipLR.JPG,Black_Rot,false
675d0dd85111076c67096222c24fc2ba836d6d21924f5b0e8c527f09a1e7a6a9,Balanced_Final_Split/Balanced_Final_Split/train/Black_Rot/train_10_3f82a8c0-b79d-48a1-971e-8ae69f34dc0e___FAM_B.Rot 3012.JPG,Black_Rot,Balanced_Final_Split/Balanced_Final_Split/test/Black_Rot/test_10_3f82a8c0-b79d-48a1-971e-8ae69f34dc0e___FAM_B.Rot 3012.JPG,Black_Rot,false
9a9e55141861157e746c1c75a42efce6e4e3cd8cb8139868d96f94e1fcc83bfc,Balanced_Final_Split/Balanced_Final_Split/train/Black_Rot/train_110_0bc6da94-2f94-4e4f-8858-b1a855dffbdf___FAM_B.Rot 3420_flipLR.JPG,Black_Rot,Balanced_Final_Split/Balanced_Final_Split/test/Black_Rot/test_110_0bc6da94-2f94-4e4f-8858-b1a855dffbdf___FAM_B.Rot 3420_flipLR.JPG,Black_Rot,false
212c10f0eafaa12241772d42f43b24a18d0ddf31de13aa82dfd8c45d0cd34510,Balanced_Final_Split/Balanced_Final_Split/train/Black_Rot/train_111_5fd7b9f6-6399-4d69-9fed-d9f380f1ac04___FAM_B.Rot 3077.JPG,Black_Rot,Balanced_Final_Split/Balanced_Final_Split/test/Black_Rot/test_111_5fd7b9f6-6399-4d69-9fed-d9f380f1ac04___FAM_B.Rot 3077.JPG,Black_Rot,false
3fcd11c2b0913cee8dcdaeb23f899cfc44d60d52aeb27532f756fba185c2cad0,Balanced_Final_Split/Balanced_Final_Split/train/Black_Rot/train_112_4d7a3011-3007-4854-8d1a-12bb807073db___FAM_B.Rot 3283.JPG,Black_Rot,Balanced_Final_Split/Balanced_Final_Split/test/Black_Rot/test_112_4d7a3011-3007-4854-8d1a-12bb807073db___FAM_B.Rot 3283.JPG,Black_Rot,false
bf6c54e3f376e140c0ef2d42928c2c27c08f5b89d0ebaa374d9783319da125cf,Balanced_Final_Split/Balanced_Final_Split/train/Black_Rot/train_113_03a8e589-18ca-4596-8db7-ff1efe9b3b05___FAM_B.Rot 0755.JPG,Black_Rot,Balanced_Final_Split/Balanced_Final_Split/test/Black_Rot/test_113_03a8e589-18ca-4596-8db7-ff1efe9b3b05___FAM_B.Rot 0755.JPG,Black_Rot,false
449d4014f9c104ee8f33d75628d64f13eea9ed61dc3aad40a1d77f57acba3b6b,Balanced_Final_Split/Balanced_Final_Split/train/Black_Rot/train_114_2c0b3cf6-d64c-410a-b640-f84cd88d8f28___FAM_B.Rot 3548.JPG,Black_Rot,Balanced_Final_Split/Balanced_Final_Split/test/Black_Rot/test_114_2c0b3cf6-d64c-410a-b640-f84cd88d8f28___FAM_B.Rot 3548.JPG,Black_Rot,false
9178cde3cc7dc55595ee4b883100fe0abab6c7eeb0ea1f9ee48f70f9ecb1f520,Balanced_Final_Split/Balanced_Final_Split/train/Black_Rot/train_115_1d02b5ac-6f6e-4935-a841-2cd5b608ddf3___FAM_B.Rot 3060_flipLR.JPG,Black_Rot,Balanced_Final_Split/Balanced_Final_Split/test/Black_Rot/test_115_1d02b5ac-6f6e-4935-a841-2cd5b608ddf3___FAM_B.Rot 3060_flipLR.JPG,Black_Rot,false
06119c2f4266909a692bdbd094dfd4b811204f2e1eae341394a8d28054a9f16e,Balanced_Final_Split/Balanced_Final_Split/train/Black_Rot/train_116_02c0e019-97c2-48f5-ac40-90b8789e6288___FAM_B.Rot 0753_flipLR.JPG,Black_Rot,Balanced_Final_Split/Balanced_Final_Split/test/Black_Rot/test_116_02c0e019-97c2-48f5-ac40-90b8789e6288___FAM_B.Rot 0753_flipLR.JPG,Black_Rot,false
628b95cf073fabc42fb88e8925144dabab256ce31c3554d6cb99dacdfd50b986,Balanced_Final_Split/Balanced_Final_Split/train/Black_Rot/train_117_5ea46817-2610-4fe8-b3d5-3a9e21870972___FAM_B.Rot 0605.JPG,Black_Rot,Balanced_Final_Split/Balanced_Final_Split/test/Black_Rot/test_117_5ea46817-2610-4fe8-b3d5-3a9e21870972___FAM_B.Rot 0605.JPG,Black_Rot,false
1ba4d9363210b0ab242f39f78f19c27c4aa846ac10a44b7a89d2381dc81a566c,Balanced_Final_Split/Balanced_Final_Split/train/Black_Rot/train_118_2e63e970-cfb6-4bcf-865b-7b3cdf3d51e0___FAM_B.Rot 3338.JPG,Black_Rot,Balanced_Final_Split/Balanced_Final_Split/test/Black_Rot/test_118_2e63e970-cfb6-4bcf-865b-7b3cdf3d51e0___FAM_B.Rot 3338.JPG,Black_Rot,false
52eb311db613f5e31353a2b74f43bf10796d9ed0b84b96c5e7e4e9fe6650cbfe,Balanced_Final_Split/Balanced_Final_Split/train/Black_Rot/train_119_1a603016-c88a-4227-865f-575ddf5eddd2___FAM_B.Rot 0464.JPG,Black_Rot,Balanced_Final_Split/Balanced_Final_Split/test/Black_Rot/test_119_1a603016-c88a-4227-865f-575ddf5eddd2___FAM_B.Rot 0464.JPG,Black_Rot,false
325b914423bac1d5325df68ea20af33f53ba05639dfb19cb424543669a7bfbd6,Balanced_Final_Split/Balanced_Final_Split/train/Black_Rot/train_11_1e24a20d-3dbf-42fe-b3ee-0a1281a92159___FAM_B.Rot 0636_flipLR.JPG,Black_Rot,Balanced_Final_Split/Balanced_Final_Split/test/Black_Rot/test_11_1e24a20d-3dbf-42fe-b3ee-0a1281a92159___FAM_B.Rot 0636_flipLR.JPG,Black_Rot,false
2729010c04df79863d7ba888dca094d7af32bed8d98d178cc1971ddaa81ee539,Balanced_Final_Split/Balanced_Final_Split/train/Black_Rot/train_120_1fd3808a-4e87-4cc0-8b5a-5e12de26c538___FAM_B.Rot 3253.JPG,Black_Rot,Balanced_Final_Split/Balanced_Final_Split/test/Black_Rot/test_120_1fd3808a-4e87-4cc0-8b5a-5e12de26c538___FAM_B.Rot 3253.JPG,Black_Rot,false
484bebcd5ebb125de6e14e46cd60d3cd7fafad093bed2515f457aa9071c320d6,Balanced_Final_Split/Balanced_Final_Split/train/Black_Rot/train_121_00cff577-afd4-4e36-ac9c-a52aa6ae5949___FAM_B.Rot 0508_flipLR.JPG,Black_Rot,Balanced_Final_Split/Balanced_Final_Split/test/Black_Rot/test_121_00cff577-afd4-4e36-ac9c-a52aa6ae5949___FAM_B.Rot 0508_flipLR.JPG,Black_Rot,false
665e27f618a24960bfe3dbb1bcebf83f7f82ab549b2241c8452b7a47f2c4e8cf,Balanced_Final_Split/Balanced_Final_Split/train/Black_Rot/train_122_8fc8f799-0c6f-4b34-af68-3a8d89f1a49f___FAM_B.Rot 0710.JPG,Black_Rot,Balanced_Final_Split/Balanced_Final_Split/test/Black_Rot/test_122_8fc8f799-0c6f-4b34-af68-3a8d89f1a49f___FAM_B.Rot 0710.JPG,Black_Rot,false
df15ac339153ab77deb935ced7248e980da9dbddad0243d4d6bb4fa5ea2e9414,Balanced_Final_Split/Balanced_Final_Split/train/Black_Rot/train_123_02a1df6c-97ec-41d4-b00c-9510741a39dc___FAM_B.Rot 0552_flipLR.JPG,Black_Rot,Balanced_Final_Split/Balanced_Final_Split/test/Black_Rot/test_123_02a1df6c-97ec-41d4-b00c-9510741a39dc___FAM_B.Rot 0552_flipLR.JPG,Black_Rot,false
4b5c51be4c6f41c37cf1d47c1e3b7d14fd3ebe82dab69f45bf24690aa70077b2,Balanced_Final_Split/Balanced_Final_Split/train/Black_Rot/train_124_1ec97b51-e18c-4143-9b7a-1a3ad1b71590___FAM_B.Rot 3108_flipLR.JPG,Black_Rot,Balanced_Final_Split/Balanced_Final_Split/test/Black_Rot/test_124_1ec97b51-e18c-4143-9b7a-1a3ad1b71590___FAM_B.Rot 3108_flipLR.JPG,Black_Rot,false
f7ee6b167a5b90731052223e2907d591452d96792398415f1e47dd38b8103eb9,Balanced_Final_Split/Balanced_Final_Split/train/Black_Rot/train_125_2e9ce8b1-28a5-4a47-8b66-8ffdce48f100___FAM_B.Rot 5027_flipLR.JPG,Black_Rot,Balanced_Final_Split/Balanced_Final_Split/test/Black_Rot/test_125_2e9ce8b1-28a5-4a47-8b66-8ffdce48f100___FAM_B.Rot 5027_flipLR.JPG,Black_Rot,false
d2a18bb46b8d1c6eaad6792b161c17bc0febcb5a52a72a6b34d011dd01e8e524,Balanced_Final_Split/Balanced_Final_Split/train/Black_Rot/train_126_3de6663f-78b4-49e1-a084-76805d7f3733___FAM_B.Rot 3425.JPG,Black_Rot,Balanced_Final_Split/Balanced_Final_Split/test/Black_Rot/test_126_3de6663f-78b4-49e1-a084-76805d7f3733___FAM_B.Rot 3425.JPG,Black_Rot,false
71a6b079dee762b406be55e1e30d950b4ad31ca42e6068aeb31e1b4d93d200fa,Balanced_Final_Split/Balanced_Final_Split/train/Black_Rot/train_127_1f9c1d18-b444-4f1f-befb-483955c9ff9d___FAM_B.Rot 0572.JPG,Black_Rot,Balanced_Final_Split/Balanced_Final_Split/test/Black_Rot/test_127_1f9c1d18-b444-4f1f-befb-483955c9ff9d___FAM_B.Rot 0572.JPG,Black_Rot,false
0bbfc548f2022dc0a6ac53363456d4db4d397ba9c5ef35d900a185e952349039,Balanced_Final_Split/Balanced_Final_Split/train/Black_Rot/train_128_04af92d1-7da1-49a8-aba6-f7110b52a90f___FAM_B.Rot 3546_flipLR.JPG,Black_Rot,Balanced_Final_Split/Balanced_Final_Split/test/Black_Rot/test_128_04af92d1-7da1-49a8-aba6-f7110b52a90f___FAM_B.Rot 3546_flipLR.JPG,Black_Rot,false
cb1279577e2301d384b075e0ace2a0e09ba42387a241ff0bc61755756d41aa49,Balanced_Final_Split/Balanced_Final_Split/train/Black_Rot/train_129_5c237a28-eeef-4cc6-a6c5-f9360022dd3e___FAM_B.Rot 5081_flipLR.JPG,Black_Rot,Balanced_Final_Split/Balanced_Final_Split/test/Black_Rot/test_129_5c237a28-eeef-4cc6-a6c5-f9360022dd3e___FAM_B.Rot 5081_flipLR.JPG,Black_Rot,false
64e35e11b0fbadca52619847d335602b4777d038207cc171f07076f08722be56,Balanced_Final_Split/Balanced_Final_Split/train/Black_Rot/train_12_0aec6325-48be-4373-886d-fff5aeea6d26___FAM_B.Rot 3465.JPG,Black_Rot,Balanced_Final_Split/Balanced_Final_Split/test/Black_Rot/test_12_0aec6325-48be-4373-886d-fff5aeea6d26___FAM_B.Rot 3465.JPG,Black_Rot,false
e1f3b7f972dc5bbeec5e715d1c2cec17182541cfaeca298ddd73d74fb239fda8,Balanced_Final_Split/Balanced_Final_Split/train/Black_Rot/train_130_2a23e141-e983-44b0-8898-5c65edf9d44e___FAM_B.Rot 0604.JPG,Black_Rot,Balanced_Final_Split/Balanced_Final_Split/test/Black_Rot/test_130_2a23e141-e983-44b0-8898-5c65edf9d44e___FAM_B.Rot 0604.JPG,Black_Rot,false
797cfbdfa400f62cdc9d8359ca60ffa7e4dac482a63266de8fead5996fde9e53,Balanced_Final_Split/Balanced_Final_Split/train/Black_Rot/train_131_5ad6fd71-d78a-4f4c-b195-1b0a69ae0de3___FAM_B.Rot 3433_flipLR.JPG,Black_Rot,Balanced_Final_Split/Balanced_Final_Split/test/Black_Rot/test_131_5ad6fd71-d78a-4f4c-b195-1b0a69ae0de3___FAM_B.Rot 3433_flipLR.JPG,Black_Rot,false
e6781933d95e646d0bf2e359898b69b81d445774ab9922f96b1529b2127438a3,Balanced_Final_Split/Balanced_Final_Split/train/Black_Rot/train_132_6a9a646a-60df-4044-94bc-fc3f0fad2fca___FAM_B.Rot 3235_flipLR.JPG,Black_Rot,Balanced_Final_Split/Balanced_Final_Split/test/Black_Rot/test_132_6a9a646a-60df-4044-94bc-fc3f0fad2fca___FAM_B.Rot 3235_flipLR.JPG,Black_Rot,false
a60129f369addf8deddd1acc4f084dc731bfc4a77c7e9ad4814b5733d7417ca0,Balanced_Final_Split/Balanced_Final_Split/train/Black_Rot/train_133_3b54fead-5d85-40bc-a047-60815cde275e___FAM_B.Rot 5015.JPG,Black_Rot,Balanced_Final_Split/Balanced_Final_Split/test/Black_Rot/test_133_3b54fead-5d85-40bc-a047-60815cde275e___FAM_B.Rot 5015.JPG,Black_Rot,false
ec867944a0bf659a7f56bfee788a176ae280c1819dcae13bd6960b98d00306e6,Balanced_Final_Split/Balanced_Final_Split/train/Black_Rot/train_134_3f95e811-027a-4e6b-ab46-7dd5dd4dd2fd___FAM_B.Rot 0758_flipLR.JPG,Black_Rot,Balanced_Final_Split/Balanced_Final_Split/test/Black_Rot/test_134_3f95e811-027a-4e6b-ab46-7dd5dd4dd2fd___FAM_B.Rot 0758_flipLR.JPG,Black_Rot,false
878a9b2832f9c7ae730e4147004e3b2937d1204318e845cacdf708165e8f5213,Balanced_Final_Split/Balanced_Final_Split/train/Black_Rot/train_135_8eb4a448-b517-4039-b736-9f108157de73___FAM_B.Rot 3596.JPG,Black_Rot,Balanced_Final_Split/Balanced_Final_Split/test/Black_Rot/test_135_8eb4a448-b517-4039-b736-9f108157de73___FAM_B.Rot 3596.JPG,Black_Rot,false
017871d981346ce13c8e99bc6f538bda78502d76620ee5c20bd31f893a9b64d2,Balanced_Final_Split/Balanced_Final_Split/train/Black_Rot/train_136_3a4dd05d-a912-4c16-a679-f00028a0d7b6___FAM_B.Rot 5011_flipLR.JPG,Black_Rot,Balanced_Final_Split/Balanced_Final_Split/test/Black_Rot/test_136_3a4dd05d-a912-4c16-a679-f00028a0d7b6___FAM_B.Rot 5011_flipLR.JPG,Black_Rot,false
881bec7d8696b9eb7c113ae3f6adc72717bfbef30fa50860a527e62784028f44,Balanced_Final_Split/Balanced_Final_Split/train/Black_Rot/train_137_5ea46817-2610-4fe8-b3d5-3a9e21870972___FAM_B.Rot 0605_flipLR.JPG,Black_Rot,Balanced_Final_Split/Balanced_Final_Split/test/Black_Rot/test_137_5ea46817-2610-4fe8-b3d5-3a9e21870972___FAM_B.Rot 0605_flipLR.JPG,Black_Rot,false
3289a678386036336d71d0c389a9bd6eb9f7a938499e01911ddf9809348ea1d2,Balanced_Final_Split/Balanced_Final_Split/train/Black_Rot/train_138_3e5adab5-7d96-47c2-b927-936237c00044___FAM_B.Rot 0415.JPG,Black_Rot,Balanced_Final_Split/Balanced_Final_Split/test/Black_Rot/test_138_3e5adab5-7d96-47c2-b927-936237c00044___FAM_B.Rot 0415.JPG,Black_Rot,false
cac7423ce290a60d88f2bb6016cf17668bcff5f4b008a8f3d2c48a666da8fbc7,Balanced_Final_Split/Balanced_Final_Split/train/Black_Rot/train_139_7be2d885-f2a9-4336-9eb0-f2c2e9d879f4___FAM_B.Rot 3343.JPG,Black_Rot,Balanced_Final_Split/Balanced_Final_Split/test/Black_Rot/test_139_7be2d885-f2a9-4336-9eb0-f2c2e9d879f4___FAM_B.Rot 3343.JPG,Black_Rot,false
d7755bb40dad8216eb857d42175d83cb285358b08be2f009bd682b18844db0c5,Balanced_Final_Split/Balanced_Final_Split/train/Black_Rot/train_13_4b58bd4b-a23c-4677-b52e-5301a120c981___FAM_B.Rot 3150.JPG,Black_Rot,Balanced_Final_Split/Balanced_Final_Split/test/Black_Rot/test_13_4b58bd4b-a23c-4677-b52e-5301a120c981___FAM_B.Rot 3150.JPG,Black_Rot,false
bbf83b6fa028e4efbf46b8ecf3604409f16103e221427474963cf22096c678f8,Balanced_Final_Split/Balanced_Final_Split/train/Black_Rot/train_140_4b58bd4b-a23c-4677-b52e-5301a120c981___FAM_B.Rot 3150_flipLR.JPG,Black_Rot,Balanced_Final_Split/Balanced_Final_Split/test/Black_Rot/test_140_4b58bd4b-a23c-4677-b52e-5301a120c981___FAM_B.Rot 3150_flipLR.JPG,Black_Rot,false
f533ff98ab5d4f311fc40f5ab3f463bf0d8ad709d80b8b6aeda7d9a1bf702366,Balanced_Final_Split/Balanced_Final_Split/train/Black_Rot/train_141_1e24a20d-3dbf-42fe-b3ee-0a1281a92159___FAM_B.Rot 0636.JPG,Black_Rot,Balanced_Final_Split/Balanced_Final_Split/test/Black_Rot/test_141_1e24a20d-3dbf-42fe-b3ee-0a1281a92159___FAM_B.Rot 0636.JPG,Black_Rot,false
249b21bb930fd63af79553b9c09416a0a8dfa3ef6d98740b8e9cccfa8d474a8f,Balanced_Final_Split/Balanced_Final_Split/train/Black_Rot/train_142_3f70c9d3-cf8a-43c3-87e3-c7a788579e7a___FAM_B.Rot 3534_flipLR.JPG,Black_Rot,Balanced_Final_Split/Balanced_Final_Split/test/Black_Rot/test_142_3f70c9d3-cf8a-43c3-87e3-c7a788579e7a___FAM_B.Rot 3534_flipLR.JPG,Black_Rot,false
6f25aaaf5fead603968169037d8d4cc29569ccf01dcd94783aed5c1bce454527,Balanced_Final_Split/Balanced_Final_Split/train/Black_Rot/train_143_05f8c04d-9275-4ceb-99d9-42ba43ca5ec1___FAM_B.Rot 0502_flipLR.JPG,Black_Rot,Balanced_Final_Split/Balanced_Final_Split/test/Black_Rot/test_143_05f8c04d-9275-4ceb-99d9-42ba43ca5ec1___FAM_B.Rot 0502_flipLR.JPG,Black_Rot,false
cac327f4c12e92a7ee0cc4a87ba5af675021228331aeb4642e059fa2b0b71a58,Balanced_Final_Split/Balanced_Final_Split/train/Black_Rot/train_144_7dbf6452-5732-4074-b567-1148f17c772c___FAM_B.Rot 3403.JPG,Black_Rot,Balanced_Final_Split/Balanced_Final_Split/test/Black_Rot/test_144_7dbf6452-5732-4074-b567-1148f17c772c___FAM_B.Rot 3403.JPG,Black_Rot,false
4ba4ad6843b29d27729d274d206d1afdec3210eb149f2beac439747b6b80cd9f,Balanced_Final_Split/Balanced_Final_Split/train/Black_Rot/train_145_3b54fead-5d85-40bc-a047-60815cde275e___FAM_B.Rot 5015_flipLR.JPG,Black_Rot,Balanced_Final_Split/Balanced_Final_Split/test/Black_Rot/test_145_3b54fead-5d85-40bc-a047-60815cde275e___FAM_B.Rot 5015_flipLR.JPG,Black_Rot,false
146e1828fecd97da28ed5174b000d1e244d1ef7b71d5488a8cb1952b9cbb9ffa,Balanced_Final_Split/Balanced_Final_Split/train/Black_Rot/train_146_1e828732-ed86-4741-b9e5-2e7c3785c1ff___FAM_B.Rot 3015.JPG,Black_Rot,Balanced_Final_Split/Balanced_Final_Split/test/Black_Rot/test_146_1e828732-ed86-4741-b9e5-2e7c3785c1ff___FAM_B.Rot 3015.JPG,Black_Rot,false
8f7b4443eccea33469f7f516dacf959f61f6011323ce75606c6bc8f7e6874acb,Balanced_Final_Split/Balanced_Final_Split/train/Black_Rot/train_147_4b052d59-caee-4a85-9ebb-27bf987e54b6___FAM_B.Rot 3016_flipLR.JPG,Black_Rot,Balanced_Final_Split/Balanced_Final_Split/test/Black_Rot/test_147_4b052d59-caee-4a85-9ebb-27bf987e54b6___FAM_B.Rot 3016_flipLR.JPG,Black_Rot,false
6568db2af30eabb1c0ef4fd08a47c0787d3425c05a0e123e552ab22dea40e0bf,Balanced_Final_Split/Balanced_Final_Split/train/Black_Rot/train_148_1cb9fa90-804f-4b63-9cf7-bab274ab9c5e___FAM_B.Rot 3325_flipLR.JPG,Black_Rot,Balanced_Final_Split/Balanced_Final_Split/test/Black_Rot/test_148_1cb9fa90-804f-4b63-9cf7-bab274ab9c5e___FAM_B.Rot 3325_flipLR.JPG,Black_Rot,false
b0b1164d0d9983b8ddb2219a2aab474aa732d76d7c818e7a3962bc867d42e7bb,Balanced_Final_Split/Balanced_Final_Split/train/Black_Rot/train_149_6db7ba10-ca7d-4709-a171-90fefad9dc05___FAM_B.Rot 5111_flipLR.JPG,Black_Rot,Balanced_Final_Split/Balanced_Final_Split/test/Black_Rot/test_149_6db7ba10-ca7d-4709-a171-90fefad9dc05___FAM_B.Rot 5111_flipLR.JPG,Black_Rot,false
7f77078b6a5c227ec28cb6b183570cbf34f50ee9c488ef27e703f8250fa69121,Balanced_Final_Split/Balanced_Final_Split/train/Black_Rot/train_14_4fdd1c1a-33fb-4409-8fbf-40f416abfde9___FAM_B.Rot 3272_flipLR.JPG,Black_Rot,Balanced_Final_Split/Balanced_Final_Split/test/Black_Rot/test_14_4fdd1c1a-33fb-4409-8fbf-40f416abfde9___FAM_B.Rot 3272_flipLR.JPG,Black_Rot,false
d3e51eec591212e4c89ecd7fd7eb84b598d00ce41b0bf3b67595f6b2bf44450d,Balanced_Final_Split/Balanced_Final_Split/train/Black_Rot/train_150_3a383fc1-ac61-41be-852b-2716ae85054d___FAM_B.Rot 3330.JPG,Black_Rot,Balanced_Final_Split/Balanced_Final_Split/test/Black_Rot/test_150_3a383fc1-ac61-41be-852b-2716ae85054d___FAM_B.Rot 3330.JPG,Black_Rot,false
860876ce1f6282b2898038689e0161f92218f5053b87949eec0463d3210a2ac8,Balanced_Final_Split/Balanced_Final_Split/train/Black_Rot/train_151_6a9a646a-60df-4044-94bc-fc3f0fad2fca___FAM_B.Rot 3235.JPG,Black_Rot,Balanced_Final_Split/Balanced_Final_Split/test/Black_Rot/test_151_6a9a646a-60df-4044-94bc-fc3f0fad2fca___FAM_B.Rot 3235.JPG,Black_Rot,false
67b1b89d18cc1ddf66dd501f6400c158abd99bec25667785f856f5b5c5b3bcda,Balanced_Final_Split/Balanced_Final_Split/train/Black_Rot/train_152_0c7369b1-b8f1-4287-8875-fef5f1a5b3ac___FAM_B.Rot 3156_flipLR.JPG,Black_Rot,Balanced_Final_Split/Balanced_Final_Split/test/Black_Rot/test_152_0c7369b1-b8f1-4287-8875-fef5f1a5b3ac___FAM_B.Rot 3156_flipLR.JPG,Black_Rot,false
4daa17161b208c6b80f3ce53655f6486e594b20affdd82f08edb928aa752e4de,Balanced_Final_Split/Balanced_Final_Split/train/Black_Rot/train_153_1e3a2734-e21c-438e-a344-935d8d2129f7___FAM_B.Rot 5063_flipLR.JPG,Black_Rot,Balanced_Final_Split/Balanced_Final_Split/test/Black_Rot/test_153_1e3a2734-e21c-438e-a344-935d8d2129f7___FAM_B.Rot 5063_flipLR.JPG,Black_Rot,false
98e0273a2317049bb2a0ac8332980b2b808a3144d8d680c773f91f86a8a6d0ec,Balanced_Final_Split/Balanced_Final_Split/train/Black_Rot/train_154_3b4f4925-6982-4527-a88d-6cbacbd60460___FAM_B.Rot 3031.JPG,Black_Rot,Balanced_Final_Split/Balanced_Final_Split/test/Black_Rot/test_154_3b4f4925-6982-4527-a88d-6cbacbd60460___FAM_B.Rot 3031.JPG,Black_Rot,false
44f93d46852beef55e9c77f788d2cd4b04cdf692c77cbce403cf641fa7a9891a,Balanced_Final_Split/Balanced_Final_Split/train/Black_Rot/train_155_0e9897ae-15fd-4f67-809d-2ec7373cf457___FAM_B.Rot 0396.JPG,Black_Rot,Balanced_Final_Split/Balanced_Final_Split/test/Black_Rot/test_155_0e9897ae-15fd-4f67-809d-2ec7373cf457___FAM_B.Rot 0396.JPG,Black_Rot,false
9807fe18f9e87cf44efa7cf288fd786329eaa1858882e6fd0ba48ccd30069272,Balanced_Final_Split/Balanced_Final_Split/train/Black_Rot/train_156_4b91056f-d3f6-4bdc-9387-7f8458993878___FAM_B.Rot 0757.JPG,Black_Rot,Balanced_Final_Split/Balanced_Final_Split/test/Black_Rot/test_156_4b91056f-d3f6-4bdc-9387-7f8458993878___FAM_B.Rot 0757.JPG,Black_Rot,false
4e882400e8d3d31a0b4d191c84ddc6b55219dd917c605ecbdade9f54eab371bf,Balanced_Final_Split/Balanced_Final_Split/train/Black_Rot/train_157_2e875c76-45f3-48f9-b678-f2282da11408___FAM_B.Rot 3101_flipLR.JPG,Black_Rot,Balanced_Final_Split/Balanced_Final_Split/test/Black_Rot/test_157_2e875c76-45f3-48f9-b678-f2282da11408___FAM_B.Rot 3101_flipLR.JPG,Black_Rot,false
7594572208ff7013ef28b1f3935ed2e8c13bc19c29deffb45f372e0f49ac37b9,Balanced_Final_Split/Balanced_Final_Split/train/Black_Rot/train_158_2e7b7a8c-8ba2-404a-91f6-8b9e6bcd903b___FAM_B.Rot 0414_flipLR.JPG,Black_Rot,Balanced_Final_Split/Balanced_Final_Split/test/Black_Rot/test_158_2e7b7a8c-8ba2-404a-91f6-8b9e6bcd903b___FAM_B.Rot 0414_flipLR.JPG,Black_Rot,false
e20f958c949ca8cc69fa39b98df75f143d7dc3691fcf2e344d2ae0bed25244d2,Balanced_Final_Split/Balanced_Final_Split/train/Black_Rot/train_159_0e9897ae-15fd-4f67-809d-2ec7373cf457___FAM_B.Rot 0396_flipLR.JPG,Black_Rot,Balanced_Final_Split/Balanced_Final_Split/test/Black_Rot/test_159_0e9897ae-15fd-4f67-809d-2ec7373cf457___FAM_B.Rot 0396_flipLR.JPG,Black_Rot,false
8d09d283d1bf6d71df839bb6478db867a52a6a0c1284b61b5133e9581e71c75a,Balanced_Final_Split/Balanced_Final_Split/train/Black_Rot/train_15_6e90a550-01a9-46a1-93a9-939f322bff92___FAM_B.Rot 3026_flipLR.JPG,Black_Rot,Balanced_Final_Split/Balanced_Final_Split/test/Black_Rot/test_15_6e90a550-01a9-46a1-93a9-939f322bff92___FAM_B.Rot 3026_flipLR.JPG,Black_Rot,false
ce3c802e295ae247c0f1cdec262239be5cd3d7e4a6b09ff3c39d803463f9c9ea,Balanced_Final_Split/Balanced_Final_Split/train/Black_Rot/train_160_4ed51751-01c2-4b59-8b10-1e8005d2e421___FAM_B.Rot 3467_flipLR.JPG,Black_Rot,Balanced_Final_Split/Balanced_Final_Split/test/Black_Rot/test_160_4ed51751-01c2-4b59-8b10-1e8005d2e421___FAM_B.Rot 3467_flipLR.JPG,Black_Rot,false
07950d4907473c16caaca08ad2928aef9ae265a418939c809dbd0a5069deefb4,Balanced_Final_Split/Balanced_Final_Split/train/Black_Rot/train_161_4a73015b-dbd0-417f-98b3-2016561c9bae___FAM_B.Rot 3577_flipLR.JPG,Black_Rot,Balanced_Final_Split/Balanced_Final_Split/test/Black_Rot/test_161_4a73015b-dbd0-417f-98b3-2016561c9bae___FAM_B.Rot 3577_flipLR.JPG,Black_Rot,false
e123fbfb427bacfae47d94c726d50365b2d09956b9c3328c1708bcf8872b2df5,Balanced_Final_Split/Balanced_Final_Split/train/Black_Rot/train_162_2c0b3cf6-d64c-410a-b640-f84cd88d8f28___FAM_B.Rot 3548_flipLR.JPG,Black_Rot,Balanced_Final_Split/Balanced_Final_Split/test/Black_Rot/test_162_2c0b3cf6-d64c-410a-b640-f84cd88d8f28___FAM_B.Rot 3548_flipLR.JPG,Black_Rot,false
6a6ca8c1c470134272fd9cf54dbe49ab11e7195945ad9bd198fb5e074d143a90,Balanced_Final_Split/Balanced_Final_Split/train/Black_Rot/train_163_0dad85ca-3b63-412d-bdf0-9cef2457e390___FAM_B.Rot 3218.JPG,Black_Rot,Balanced_Final_Split/Balanced_Final_Split/test/Black_Rot/test_163_0dad85ca-3b63-412d-bdf0-9cef2457e390___FAM_B.Rot 3218.JPG,Black_Rot,false
5c69e02a8353043558c074200c4e4006c59fcfe625daa63f5533ee55367fd103,Balanced_Final_Split/Balanced_Final_Split/train/Black_Rot/train_164_0e143d33-adc0-41af-92e2-d0bb712d7b72___FAM_B.Rot 5047_flipLR.JPG,Black_Rot,Balanced_Final_Split/Balanced_Final_Split/test/Black_Rot/test_164_0e143d33-adc0-41af-92e2-d0bb712d7b72___FAM_B.Rot 5047_flipLR.JPG,Black_Rot,false
694edcab57878666a25fa9e2830058136256329fe6765bcd4c58e7c142a06bda,Balanced_Final_Split/Balanced_Final_Split/train/Black_Rot/train_165_2c0330a4-9a3c-4edb-8c52-cf99f94abe9d___FAM_B.Rot 0669.JPG,Black_Rot,Balanced_Final_Split/Balanced_Final_Split/test/Black_Rot/test_165_2c0330a4-9a3c-4edb-8c52-cf99f94abe9d___FAM_B.Rot 0669.JPG,Black_Rot,false
880a86a186f04d6acfc12d064084fa53c44d0d50b6eb4f5c9ed097c33c639854,Balanced_Final_Split/Balanced_Final_Split/train/Black_Rot/train_166_3d8bd6cf-86c4-4b2c-8f99-a3cb0978b7e5___FAM_B.Rot 0607.JPG,Black_Rot,Balanced_Final_Split/Balanced_Final_Split/test/Black_Rot/test_166_3d8bd6cf-86c4-4b2c-8f99-a3cb0978b7e5___FAM_B.Rot 0607.JPG,Black_Rot,false
5d4ef3c74b36b88095c8b6c3cc46ecbb3c67d1536b59f10ce15c5c6414363280,Balanced_Final_Split/Balanced_Final_Split/train/Black_Rot/train_167_1bcdb090-ec74-4b88-812e-1d27d99f5a5f___FAM_B.Rot 0325_flipLR.JPG,Black_Rot,Balanced_Final_Split/Balanced_Final_Split/test/Black_Rot/test_167_1bcdb090-ec74-4b88-812e-1d27d99f5a5f___FAM_B.Rot 0325_flipLR.JPG,Black_Rot,false
027a920a6d22574eb7d923fb439ff911e4492059257e45d15ebeb096f709b232,Balanced_Final_Split/Balanced_Final_Split/train/Black_Rot/train_168_01d4aa8b-cc91-4475-b80c-b5b0ca10f1f6___FAM_B.Rot 3050_flipLR.JPG,Black_Rot,Balanced_Final_Split/Balanced_Final_Split/test/Black_Rot/test_168_01d4aa8b-cc91-4475-b80c-b5b0ca10f1f6___FAM_B.Rot 3050_flipLR.JPG,Black_Rot,false
a07c6d1cc24d2ccbcffaecf6860b432158502a156e425a1b74326bd2d8fc69c9,Balanced_Final_Split/Balanced_Final_Split/train/Black_Rot/train_169_7b13e721-b94a-46f8-a7dd-7906b3aaf8fa___FAM_B.Rot 0529.JPG,Black_Rot,Balanced_Final_Split/Balanced_Final_Split/test/Black_Rot/test_169_7b13e721-b94a-46f8-a7dd-7906b3aaf8fa___FAM_B.Rot 0529.JPG,Black_Rot,false
de0194e2a3928fbb3f83216cca10d7f7183dda9b8b75f296077168bfa10a5082,Balanced_Final_Split/Balanced_Final_Split/train/Black_Rot/train_16_0b9d95bb-51c7-40f1-8a4b-f9838becb418___FAM_B.Rot 0493_flipLR.JPG,Black_Rot,Balanced_Final_Split/Balanced_Final_Split/test/Black_Rot/test_16_0b9d95bb-51c7-40f1-8a4b-f9838becb418___FAM_B.Rot 0493_flipLR.JPG,Black_Rot,false
b75b9b08a1abce4a65667afd73175c9c5481c387795be417ca684317b1682edd,Balanced_Final_Split/Balanced_Final_Split/train/Black_Rot/train_170_3daa917c-f13b-4a6a-ab60-b544916c34c1___FAM_B.Rot 0547_flipLR.JPG,Black_Rot,Balanced_Final_Split/Balanced_Final_Split/test/Black_Rot/test_170_3daa917c-f13b-4a6a-ab60-b544916c34c1___FAM_B.Rot 0547_flipLR.JPG,Black_Rot,false
0fff1688a7fee9c1265e89db88d2b58fb7011343f691fca35a1c8eea2da87492,Balanced_Final_Split/Balanced_Final_Split/train/Black_Rot/train_171_8a14060f-b831-48a4-aa6c-6c1d74c3a6c5___FAM_B.Rot 3527.JPG,Black_Rot,Balanced_Final_Split/Balanced_Final_Split/test/Black_Rot/test_171_8a14060f-b831-48a4-aa6c-6c1d74c3a6c5___FAM_B.Rot 3527.JPG,Black_Rot,false
dfe17aa72c0b2efcdb334f6e257041ec2bb7d981c870da6d4106c0d627738f27,Balanced_Final_Split/Balanced_Final_Split/train/Black_Rot/train_172_0daaeb93-868a-4649-be74-19aa2b231f90___FAM_B.Rot 0739.JPG,Black_Rot,Balanced_Final_Split/Balanced_Final_Split/test/Black_Rot/test_172_0daaeb93-868a-4649-be74-19aa2b231f90___FAM_B.Rot 0739.JPG,Black_Rot,false
fbef58d815f41d5ff912edf2cf07e46ddf8cd3ecbf3c4eec294e546f30796b5c,Balanced_Final_Split/Balanced_Final_Split/train/Black_Rot/train_173_04af92d1-7da1-49a8-aba6-f7110b52a90f___FAM_B.Rot 3546.JPG,Black_Rot,Balanced_Final_Split/Balanced_Final_Split/test/Black_Rot/test_173_04af92d1-7da1-49a8-aba6-f7110b52a90f___FAM_B.Rot 3546.JPG,Black_Rot,false
5f92a224a4d0bda638df51c12473b08b48914140a96754073afb0a88a6373b56,Balanced_Final_Split/Balanced_Final_Split/train/Black_Rot/train_174_7e991204-ece6-4749-af0e-1fc0432c5d51___FAM_B.Rot 2996.JPG,Black_Rot,Balanced_Final_Split/Balanced_Final_Split/test/Black_Rot/test_174_7e991204-ece6-4749-af0e-1fc0432c5d51___FAM_B.Rot 2996.JPG,Black_Rot,false
2cccaec415f184e04c516029702cdc60a416b481c4f8c5716639ffaba6b0676f,Balanced_Final_Split/Balanced_Final_Split/train/Black_Rot/train_175_6a7b59ac-9e36-4c8c-bbe5-3ab4bbfe7d26___FAM_B.Rot 0565_flipLR.JPG,Black_Rot,Balanced_Final_Split/Balanced_Final_Split/test/Black_Rot/test_175_6a7b59ac-9e36-4c8c-bbe5-3ab4bbfe7d26___FAM_B.Rot 0565_flipLR.JPG,Black_Rot,false
3490b88e0c1604c69cdbdac410560e8e666f7e0bed6b617c0917a0eaa6361a24,Balanced_Final_Split/Balanced_Final_Split/train/Black_Rot/train_176_3e061aca-cb0c-4cd5-99a2-ea33ecea117c___FAM_B.Rot 3380_flipLR.JPG,Black_Rot,Balanced_Final_Split/Balanced_Final_Split/test/Black_Rot/test_176_3e061aca-cb0c-4cd5-99a2-ea33ecea117c___FAM_B.Rot 3380_flipLR.JPG,Black_Rot,false
73c5ae4f351a6cea84c17445e13bd1ce58807f7b2deeeb609d1f123d5922743d,Balanced_Final_Split/Balanced_Final_Split/train/Black_Rot/train_177_5efc6792-c66a-4ec2-8ca2-3a3664c934b8___FAM_B.Rot 0444_flipLR.JPG,Black_Rot,Balanced_Final_Split/Balanced_Final_Split/test/Black_Rot/test_177_5efc6792-c66a-4ec2-8ca2-3a3664c934b8___FAM_B.Rot 0444_flipLR.JPG,Black_Rot,false
dc28b3d764546cbe80eaf35b9da8508ad580e757084b423646c7eddf393b2977,Balanced_Final_Split/Balanced_Final_Split/train/Black_Rot/train_178_2d741855-2ea0-4103-8408-129208ebfb24___FAM_B.Rot 5013_flipLR.JPG,Black_Rot,Balanced_Final_Split/Balanced_Final_Split/test/Black_Rot/test_178_2d741855-2ea0-4103-8408-129208ebfb24___FAM_B.Rot 5013_flipLR.JPG,Black_Rot,false
29209b363a7ae0737ff3185fe1b8b38c2f0993246841429f76c09b8ee595efbe,Balanced_Final_Split/Balanced_Final_Split/train/Black_Rot/train_179_5e8d554a-6374-4d36-b389-a56cae97a9d7___FAM_B.Rot 3144.JPG,Black_Rot,Balanced_Final_Split/Balanced_Final_Split/test/Black_Rot/test_179_5e8d554a-6374-4d36-b389-a56cae97a9d7___FAM_B.Rot 3144.JPG,Black_Rot,false
5ac3885b42b83a4797d6a9e6f949866af74806765e0b77cb2d19e12839e9f8c4,Balanced_Final_Split/Balanced_Final_Split/train/Black_Rot/train_17_4d1cb709-f730-41e0-9beb-f793d4c24d47___FAM_B.Rot 0524_flipLR.JPG,Black_Rot,Balanced_Final_Split/Balanced_Final_Split/test/Black_Rot/test_17_4d1cb709-f730-41e0-9beb-f793d4c24d47___FAM_B.Rot 0524_flipLR.JPG,Black_Rot,false
20382cc8be0c99b1b83e0af186b2f4b5d09b015da86b7c5ba9df1337b8b6e668,Balanced_Final_Split/Balanced_Final_Split/train/Black_Rot/train_180_5fd7b9f6-6399-4d69-9fed-d9f380f1ac04___FAM_B.Rot 3077_flipLR.JPG,Black_Rot,Balanced_Final_Split/Balanced_Final_Split/test/Black_Rot/test_180_5fd7b9f6-6399-4d69-9fed-d9f380f1ac04___FAM_B.Rot 3077_flipLR.JPG,Black_Rot,false
b868303f62dec08d5af20080e449f0077fe82f4dac389053a65b1abbebbc0dc0,Balanced_Final_Split/Balanced_Final_Split/train/Black_Rot/train_181_1be11ac2-41f6-43a9-9fc3-a673ae539757___FAM_B.Rot 0656_flipLR.JPG,Black_Rot,Balanced_Final_Split/Balanced_Final_Split/test/Black_Rot/test_181_1be11ac2-41f6-43a9-9fc3-a673ae539757___FAM_B.Rot 0656_flipLR.JPG,Black_Rot,false
f34d47b7ae82e83b740228cdde61eafa959cad6f727b6aead2fd6b3dc79b498b,Balanced_Final_Split/Balanced_Final_Split/train/Black_Rot/train_182_1a6aabd0-7ca8-4074-a457-5a8f3662a7d7___FAM_B.Rot 3539_flipLR.JPG,Black_Rot,Balanced_Final_Split/Balanced_Final_Split/test/Black_Rot/test_182_1a6aabd0-7ca8-4074-a457-5a8f3662a7d7___FAM_B.Rot 3539_flipLR.JPG,Black_Rot,false
75d1c8ca07568195908555bc2670a53a2ba61fc50154c0881b2c02957dd7a75b,Balanced_Final_Split/Balanced_Final_Split/train/Black_Rot/train_183_5e8d554a-6374-4d36-b389-a56cae97a9d7___FAM_B.Rot 3144_flipLR.JPG,Black_Rot,Balanced_Final_Split/Balanced_Final_Split/test/Black_Rot/test_183_5e8d554a-6374-4d36-b389-a56cae97a9d7___FAM_B.Rot 3144_flipLR.JPG,Black_Rot,false
3d265e4f9c9d56ca452a119f5161c72d9fed146c185f1df5ad4a5ea74738b210,Balanced_Final_Split/Balanced_Final_Split/train/Black_Rot/train_184_4e9dc57c-9d1e-4e31-bb7e-a744a67d98ed___FAM_B.Rot 3263_flipLR.JPG,Black_Rot,Balanced_Final_Split/Balanced_Final_Split/test/Black_Rot/test_184_4e9dc57c-9d1e-4e31-bb7e-a744a67d98ed___FAM_B.Rot 3263_flipLR.JPG,Black_Rot,false
8c395af5de66e439234d545a7002d6ac13e331ebaf21aeb9b8207682f52eb6e6,Balanced_Final_Split/Balanced_Final_Split/train/Black_Rot/train_185_0a06c482-c94a-44d8-a895-be6fe17b8c06___FAM_B.Rot 5019.JPG,Black_Rot,Balanced_Final_Split/Balanced_Final_Split/test/Black_Rot/test_185_0a06c482-c94a-44d8-a895-be6fe17b8c06___FAM_B.Rot 5019.JPG,Black_Rot,false
9e3d8f39cd457bba801b078dc3c3fe4306c8178adbda599af77c740342c5b5b7,Balanced_Final_Split/Balanced_Final_Split/train/Black_Rot/train_186_1fd3808a-4e87-4cc0-8b5a-5e12de26c538___FAM_B.Rot 3253_flipLR.JPG,Black_Rot,Balanced_Final_Split/Balanced_Final_Split/test/Black_Rot/test_186_1fd3808a-4e87-4cc0-8b5a-5e12de26c538___FAM_B.Rot 3253_flipLR.JPG,Black_Rot,false
1725a57e7aeba5cc2ab254283f480fcac8ce2465a8d281e0a6eae5541e2e8af8,Balanced_Final_Split/Balanced_Final_Split/train/Black_Rot/train_187_2c0330a4-9a3c-4edb-8c52-cf99f94abe9d___FAM_B.Rot 0669_flipLR.JPG,Black_Rot,Balanced_Final_Split/Balanced_Final_Split/test/Black_Rot/test_187_2c0330a4-9a3c-4edb-8c52-cf99f94abe9d___FAM_B.Rot 0669_flipLR.JPG,Black_Rot,false
6818ed685a64cb98f2607547f0adb367f17670c05035473412ee8a9a86b4d92d,Balanced_Final_Split/Balanced_Final_Split/train/Black_Rot/train_188_4d1aa43d-81ed-4535-a680-c998f4d7b974___FAM_B.Rot 0732_flipLR.JPG,Black_Rot,Balanced_Final_Split/Balanced_Final_Split/test/Black_Rot/test_188_4d1aa43d-81ed-4535-a680-c998f4d7b974___FAM_B.Rot 0732_flipLR.JPG,Black_Rot,false
f15647eafaca0f10a99e80d1f4972a887d82063812b456904277bc3548b38a5d,Balanced_Final_Split/Balanced_Final_Split/train/Black_Rot/train_189_4f96ed73-52e2-4f42-9c1c-afb7d89ef39f___FAM_B.Rot 5066_flipLR.JPG,Black_Rot,Balanced_Final_Split/Balanced_Final_Split/test/Black_Rot/test_189_4f96ed73-52e2-4f42-9c1c-afb7d89ef39f___FAM_B.Rot 5066_flipLR.JPG,Black_Rot,false
26ca870cdb248d8e80fa6788b0dc162918209fcc0d4884ccae5e5d879d0ac9e4,Balanced_Final_Split/Balanced_Final_Split/train/Black_Rot/train_18_1d482244-3c8c-40fa-8a40-a0ad06ae1e7b___FAM_B.Rot 5100.JPG,Black_Rot,Balanced_Final_Split/Balanced_Final_Split/test/Black_Rot/test_18_1d482244-3c8c-40fa-8a40-a0ad06ae1e7b___FAM_B.Rot 5100.JPG,Black_Rot,false
6209f6066e2e2f48d13d4fb16d894bb023a5c0c5f2908278f5b2f3cebd709092,Balanced_Final_Split/Balanced_Final_Split/train/Black_Rot/train_190_1eb25f7e-eed4-4dec-baab-3c4cfde9ef52___FAM_B.Rot 5053_flipLR.JPG,Black_Rot,Balanced_Final_Split/Balanced_Final_Split/test/Black_Rot/test_190_1eb25f7e-eed4-4dec-baab-3c4cfde9ef52___FAM_B.Rot 5053_flipLR.JPG,Black_Rot,false
05f0cc439d2f12448899df040a3f7c8079c530d655823511dd19642f7f0cfaab,Balanced_Final_Split/Balanced_Final_Split/train/Black_Rot/train_191_3cf73c3d-e012-40dd-b93e-3b3540c0d6c6___FAM_B.Rot 0741.JPG,Black_Rot,Balanced_Final_Split/Balanced_Final_Split/test/Black_Rot/test_191_3cf73c3d-e012-40dd-b93e-3b3540c0d6c6___FAM_B.Rot 0741.JPG,Black_Rot,false
a41f6acbf15354c9e9444d0282477351c21ad94bb086db75cbb3618d103c1e73,Balanced_Final_Split/Balanced_Final_Split/train/Black_Rot/train_192_1d90d6fd-8ffa-4580-a9ff-02788fae05da___FAM_B.Rot 0689_flipLR.JPG,Black_Rot,Balanced_Final_Split/Balanced_Final_Split/test/Black_Rot/test_192_1d90d6fd-8ffa-4580-a9ff-02788fae05da___FAM_B.Rot 0689_flipLR.JPG,Black_Rot,false
8015db8b4efd0d82c0d2d7bb76b40f6381a49fe564653a200e020d6723e2c53a,Balanced_Final_Split/Balanced_Final_Split/train/Black_Rot/train_193_6be690ba-4572-4b46-84ec-fc8dbc567130___FAM_B.Rot 3126.JPG,Black_Rot,Balanced_Final_Split/Balanced_Final_Split/test/Black_Rot/test_193_6be690ba-4572-4b46-84ec-fc8dbc567130___FAM_B.Rot 3126.JPG,Black_Rot,false
abb36e884ab174452819f3d3402714c017ff9184b35ca10fd861dd303104d46a,Balanced_Final_Split/Balanced_Final_Split/train/Black_Rot/train_194_3e3a858c-ef05-44a2-9370-bb8bfe754a28___FAM_B.Rot 0595.JPG,Black_Rot,Balanced_Final_Split/Balanced_Final_Split/test/Black_Rot/test_194_3e3a858c-ef05-44a2-9370-bb8bfe754a28___FAM_B.Rot 0595.JPG,Black_Rot,false
d859c2e483630d1298e06a2c9082eefaa36572228773679777488f0cb7df21b1,Balanced_Final_Split/Balanced_Final_Split/train/Black_Rot/train_195_3b4f4925-6982-4527-a88d-6cbacbd60460___FAM_B.Rot 3031_flipLR.JPG,Black_Rot,Balanced_Final_Split/Balanced_Final_Split/test/Black_Rot/test_195_3b4f4925-6982-4527-a88d-6cbacbd60460___FAM_B.Rot 3031_flipLR.JPG,Black_Rot,false
7d251230c0ff5739edf77f33696c198ee1b7dbc574c63e54cb6ef87cbe3094d4,Balanced_Final_Split/Balanced_Final_Split/train/Black_Rot/train_196_5ca2ac16-73d9-475d-bb60-40afddb76ef0___FAM_B.Rot 3409_flipLR.JPG,Black_Rot,Balanced_Final_Split/Balanced_Final_Split/test/Black_Rot/test_196_5ca2ac16-73d9-475d-bb60-40afddb76ef0___FAM_B.Rot 3409_flipLR.JPG,Black_Rot,false
4a474f4f20e6bb286965a38a7149614c6144d067f2ff0830adb8aba6845cea51,Balanced_Final_Split/Balanced_Final_Split/train/Black_Rot/train_197_3a4dd05d-a912-4c16-a679-f00028a0d7b6___FAM_B.Rot 5011.JPG,Black_Rot,Balanced_Final_Split/Balanced_Final_Split/test/Black_Rot/test_197_3a4dd05d-a912-4c16-a679-f00028a0d7b6___FAM_B.Rot 5011.JPG,Black_Rot,false
3f3947406b9a3bb7223cb8e1c9ffdcd9ad9b138d6774770c140df51440b53a90,Balanced_Final_Split/Balanced_Final_Split/train/Black_Rot/train_198_4d84bb47-ff52-414c-8c1f-21826e25876d___FAM_B.Rot 3371_flipLR.JPG,Black_Rot,Balanced_Final_Split/Balanced_Final_Split/test/Black_Rot/test_198_4d84bb47-ff52-414c-8c1f-21826e25876d___FAM_B.Rot 3371_flipLR.JPG,Black_Rot,false
07f787acb12c742237b542900bd1d697574867577f1d4af9fea94f0455cd0bee,Balanced_Final_Split/Balanced_Final_Split/train/Black_Rot/train_199_5feef803-3c0a-4dd9-87dd-7705c42b105c___FAM_B.Rot 0642_flipLR.JPG,Black_Rot,Balanced_Final_Split/Balanced_Final_Split/test/Black_Rot/test_199_5feef803-3c0a-4dd9-87dd-7705c42b105c___FAM_B.Rot 0642_flipLR.JPG,Black_Rot,false
861dbc35ce9d087e665df199aa13ae189d3bd9e7fe8835924e134d67cd99f28e,Balanced_Final_Split/Balanced_Final_Split/train/Black_Rot/train_19_0cf5d61f-fb1a-4533-b0aa-f174d2acdc82___FAM_B.Rot 0721_flipLR.JPG,Black_Rot,Balanced_Final_Split/Balanced_Final_Split/test/Black_Rot/test_19_0cf5d61f-fb1a-4533-b0aa-f174d2acdc82___FAM_B.Rot 0721_flipLR.JPG,Black_Rot,false
0c51d7c878ca1a96f5bebed7927089459e2daa8d3d22e9627b69341a52959156,Balanced_Final_Split/Balanced_Final_Split/train/Black_Rot/train_1_1cf4f8fe-a820-4f3d-b69b-795e57e03a65___FAM_B.Rot 3438_flipLR.JPG,Black_Rot,Balanced_Final_Split/Balanced_Final_Split/test/Black_Rot/test_1_1cf4f8fe-a820-4f3d-b69b-795e57e03a65___FAM_B.Rot 3438_flipLR.JPG,Black_Rot,false
f4f3ac765d6d7464781e263d6f4cd5dd501665ca6774a70234b4aa11909ef6d1,Balanced_Final_Split/Balanced_Final_Split/train/Black_Rot/train_200_0d2c5ad5-1a2d-44f9-9be5-1aef9a51fb95___FAM_B.Rot 3469_flipLR.JPG,Black_Rot,Balanced_Final_Split/Balanced_Final_Split/test/Black_Rot/test_200_0d2c5ad5-1a2d-44f9-9be5-1aef9a51fb95___FAM_B.Rot 3469_flipLR.JPG,Black_Rot,false
6dbbc49f15b9ee17276956549cedf85fd9d71efe516ce1aaf394f82e479a044b,Balanced_Final_Split/Balanced_Final_Split/train/Black_Rot/train_201_0d2c5ad5-1a2d-44f9-9be5-1aef9a51fb95___FAM_B.Rot 3469.JPG,Black_Rot,Balanced_Final_Split/Balanced_Final_Split/test/Black_Rot/test_201_0d2c5ad5-1a2d-44f9-9be5-1aef9a51fb95___FAM_B.Rot 3469.JPG,Black_Rot,false
7b5e28dc51ca4de4061fc527a89f7e6fccd65c83456c7faed442e8f42e4397f6,Balanced_Final_Split/Balanced_Final_Split/train/Black_Rot/train_202_4fdd1c1a-33fb-4409-8fbf-40f416abfde9___FAM_B.Rot 3272.JPG,Black_Rot,Balanced_Final_Split/Balanced_Final_Split/test/Black_Rot/test_202_4fdd1c1a-33fb-4409-8fbf-40f416abfde9___FAM_B.Rot 3272.JPG,Black_Rot,false
ae40b2e21f4ec51eedf14211f26b5973c7a3ee15e116519c9ef904489c2ac790,Balanced_Final_Split/Balanced_Final_Split/train/Black_Rot/train_203_4ed51751-01c2-4b59-8b10-1e8005d2e421___FAM_B.Rot 3467.JPG,Black_Rot,Balanced_Final_Split/Balanced_Final_Split/test/Black_Rot/test_203_4ed51751-01c2-4b59-8b10-1e8005d2e421___FAM_B.Rot 3467.JPG,Black_Rot,false
e50de7c583e6b8ad44dae6757742abdbc5f96704a3171df2697a4f436a5c85c0,Balanced_Final_Split/Balanced_Final_Split/train/Black_Rot/train_204_1a081ae3-fab7-4a12-8ba4-2e46cab5f344___FAM_B.Rot 5059_flipLR.JPG,Black_Rot,Balanced_Final_Split/Balanced_Final_Split/test/Black_Rot/test_204_1a081ae3-fab7-4a12-8ba4-2e46cab5f344___FAM_B.Rot 5059_flipLR.JPG,Black_Rot,false
03c4339b7168da1fe3a91480832e94bf49442a4f93621cd6663d3e55a78a0e47,Balanced_Final_Split/Balanced_Final_Split/train/Black_Rot/train_205_0b9d95bb-51c7-40f1-8a4b-f9838becb418___FAM_B.Rot 0493.JPG,Black_Rot,Balanced_Final_Split/Balanced_Final_Split/test/Black_Rot/test_205_0b9d95bb-51c7-40f1-8a4b-f9838becb418___FAM_B.Rot 0493.JPG,Black_Rot,false
0d1b7f0da6f70d92157cd9ce3abfef76870b20320294d112addb7cf59b92f6d1,Balanced_Final_Split/Balanced_Final_Split/train/Black_Rot/train_206_8f717069-1234-4ec4-906c-c3abb6a1fba9___FAM_B.Rot 3117.JPG,Black_Rot,Balanced_Final_Split/Balanced_Final_Split/test/Black_Rot/test_206_8f717069-1234-4ec4-906c-c3abb6a1fba9___FAM_B.Rot 3117.JPG,Black_Rot,false
042d9686d7777f1b90e7c634544cbe604893c88e196e8580f2c2257ac4524f87,Balanced_Final_Split/Balanced_Final_Split/train/Black_Rot/train_207_2aca8f4c-4538-459d-8b6e-c84dfa0baa58___FAM_B.Rot 3247.JPG,Black_Rot,Balanced_Final_Split/Balanced_Final_Split/test/Black_Rot/test_207_2aca8f4c-4538-459d-8b6e-c84dfa0baa58___FAM_B.Rot 3247.JPG,Black_Rot,false
406d2331d6f2ceb94fc532e862c3d9a929609fbabb7d7b7c8562b7ebb9228d63,Balanced_Final_Split/Balanced_Final_Split/train/Black_Rot/train_208_3c39d9d4-3dcd-4aa5-a550-4389ce02296e___FAM_B.Rot 0606_flipLR.JPG,Black_Rot,Balanced_Final_Split/Balanced_Final_Split/test/Black_Rot/test_208_3c39d9d4-3dcd-4aa5-a550-4389ce02296e___FAM_B.Rot 0606_flipLR.JPG,Black_Rot,false
ba6a7113dbf1ff9b625cfe753458f739dbe1bfc480c03eb74792aa59deeb7718,Balanced_Final_Split/Balanced_Final_Split/train/Black_Rot/train_209_4c2cf28e-6bec-4105-bdaf-b36fb046ab3e___FAM_B.Rot 3024_flipLR.JPG,Black_Rot,Balanced_Final_Split/Balanced_Final_Split/test/Black_Rot/test_209_4c2cf28e-6bec-4105-bdaf-b36fb046ab3e___FAM_B.Rot 3024_flipLR.JPG,Black_Rot,false
ff145fee5ecbb5cdf15b4f236b9c1470460cda04b29bc004493b130bffd17628,Balanced_Final_Split/Balanced_Final_Split/train/Black_Rot/train_20_5ffd7e9b-c750-4e10-8046-51d0c866fc8e___FAM_B.Rot 3562_flipLR.JPG,Black_Rot,Balanced_Final_Split/Balanced_Final_Split/test/Black_Rot/test_20_5ffd7e9b-c750-4e10-8046-51d0c866fc8e___FAM_B.Rot 3562_flipLR.JPG,Black_Rot,false
3387dba131687cf09b86c82ce254068d8651b57291de0e2433b46be6997c99b1,Balanced_Final_Split/Balanced_Final_Split/train/Black_Rot/train_210_6a140925-ad57-4690-abc4-0aad99a706e8___FAM_B.Rot 0554.JPG,Black_Rot,Balanced_Final_Split/Balanced_Final_Split/test/Black_Rot/test_210_6a140925-ad57-4690-abc4-0aad99a706e8___FAM_B.Rot 0554.JPG,Black_Rot,false
9a29e253fc598a3f3eeda8c37d801b7144f059cdcfc4d1789b1279e187cdf474,Balanced_Final_Split/Balanced_Final_Split/train/Black_Rot/train_211_3fec6e37-1880-4c71-8b54-617ba9209270___FAM_B.Rot 0394_flipLR.JPG,Black_Rot,Balanced_Final_Split/Balanced_Final_Split/test/Black_Rot/test_211_3fec6e37-1880-4c71-8b54-617ba9209270___FAM_B.Rot 0394_flipLR.JPG,Black_Rot,false
f42716253b73b9501a4a0be8d1e7324443659f974d8a16b6a9505ae0a2931d3c,Balanced_Final_Split/Balanced_Final_Split/train/Black_Rot/train_212_5efc6792-c66a-4ec2-8ca2-3a3664c934b8___FAM_B.Rot 0444.JPG,Black_Rot,Balanced_Final_Split/Balanced_Final_Split/test/Black_Rot/test_212_5efc6792-c66a-4ec2-8ca2-3a3664c934b8___FAM_B.Rot 0444.JPG,Black_Rot,false
b6e3eb1e5a2e170c7f53a71c41cf88cb46966a8e1a25b0b70fc1d98518702abc,Balanced_Final_Split/Balanced_Final_Split/train/Black_Rot/train_213_2ccb0a01-cda1-4fd2-a56a-601ab904d887___FAM_B.Rot 3439.JPG,Black_Rot,Balanced_Final_Split/Balanced_Final_Split/test/Black_Rot/test_213_2ccb0a01-cda1-4fd2-a56a-601ab904d887___FAM_B.Rot 3439.JPG,Black_Rot,false
18375422fa67d1788550505a5776f351feb3123a3137d72da448d87bf7cc00c5,Balanced_Final_Split/Balanced_Final_Split/train/Black_Rot/train_214_03aa3aee-2a42-459d-8fa1-39d88e8a5ced___FAM_B.Rot 3487_flipLR.JPG,Black_Rot,Balanced_Final_Split/Balanced_Final_Split/test/Black_Rot/test_214_03aa3aee-2a42-459d-8fa1-39d88e8a5ced___FAM_B.Rot 3487_flipLR.JPG,Black_Rot,false
03be6cfbea60484d2ed83704eda41ca81d4fa8eb15f7e94b048a6e93eace8137,Balanced_Final_Split/Balanced_Final_Split/train/Black_Rot/train_215_4b91056f-d3f6-4bdc-9387-7f8458993878___FAM_B.Rot 0757_flipLR.JPG,Black_Rot,Balanced_Final_Split/Balanced_Final_Split/test/Black_Rot/test_215_4b91056f-d3f6-4bdc-9387-7f8458993878___FAM_B.Rot 0757_flipLR.JPG,Black_Rot,false
a171dc08d6ad8d1fea885ca6848d7fbab8139e9064ba50b8bc4888df004798c2,Balanced_Final_Split/Balanced_Final_Split/train/Black_Rot/train_216_2b4fc052-eda7-442d-af57-82e8d9913a45___FAM_B.Rot 3105_flipLR.JPG,Black_Rot,Balanced_Final_Split/Balanced_Final_Split/test/Black_Rot/test_216_2b4fc052-eda7-442d-af57-82e8d9913a45___FAM_B.Rot 3105_flipLR.JPG,Black_Rot,false
f02192f58ea85e348035b2718b6ebe6011b21497b4b0e5b19228b3412a0edf99,Balanced_Final_Split/Balanced_Final_Split/train/Black_Rot/train_217_3e9bad2a-43e2-4646-aa5b-8b141a6966ce___FAM_B.Rot 3258_flipLR.JPG,Black_Rot,Balanced_Final_Split/Balanced_Final_Split/test/Black_Rot/test_217_3e9bad2a-43e2-4646-aa5b-8b141a6966ce___FAM_B.Rot 3258_flipLR.JPG,Black_Rot,false
3e1f50e90ef676886bd2a3a6fcd3bee542a1b5d6fe147ee85209a00b97bf1af5,Balanced_Final_Split/Balanced_Final_Split/train/Black_Rot/train_218_04f22aa8-7ef0-4cce-8708-394e97a328b1___FAM_B.Rot 3391.JPG,Black_Rot,Balanced_Final_Split/Balanced_Final_Split/test/Black_Rot/test_218_04f22aa8-7ef0-4cce-8708-394e97a328b1___FAM_B.Rot 3391.JPG,Black_Rot,false
6f0f50858dcc3768669e0e77c8714e90edf59c9f65e8b1ae11314d365ffe3065,Balanced_Final_Split/Balanced_Final_Split/train/Black_Rot/train_219_04e6bfe5-ccc3-4888-87bb-780035a243e1___FAM_B.Rot 0577_flipLR.JPG,Black_Rot,Balanced_Final_Split/Balanced_Final_Split/test/Black_Rot/test_219_04e6bfe5-ccc3-4888-87bb-780035a243e1___FAM_B.Rot 0577_flipLR.JPG,Black_Rot,false
d70aaf62792f816f063623486ee6d7d96714d042a8e91144c4cddace99c9bd81,Balanced_Final_Split/Balanced_Final_Split/train/Black_Rot/train_21_3cbdecf2-1139-457e-ae80-12a504806b78___FAM_B.Rot 3294.JPG,Black_Rot,Balanced_Final_Split/Balanced_Final_Split/test/Black_Rot/test_21_3cbdecf2-1139-457e-ae80-12a504806b78___FAM_B.Rot 3294.JPG,Black_Rot,false
ba9b1daa9ac7dc9bcaa08ae58b1dc7e240fe6e7df813fed0138c9ca047d9d60f,Balanced_Final_Split/Balanced_Final_Split/train/Black_Rot/train_220_2e7b7a8c-8ba2-404a-91f6-8b9e6bcd903b___FAM_B.Rot 0414.JPG,Black_Rot,Balanced_Final_Split/Balanced_Final_Split/test/Black_Rot/test_220_2e7b7a8c-8ba2-404a-91f6-8b9e6bcd903b___FAM_B.Rot 0414.JPG,Black_Rot,false
90e396e352b3410fc42178e8777a9ad38c2985cb4ac0e5dce5428777068d31f0,Balanced_Final_Split/Balanced_Final_Split/train/Black_Rot/train_221_4d8e130b-809c-4f17-b724-83463c8fbbab___FAM_B.Rot 3092_flipLR.JPG,Black_Rot,Balanced_Final_Split/Balanced_Final_Split/test/Black_Rot/test_221_4d8e130b-809c-4f17-b724-83463c8fbbab___FAM_B.Rot 3092_flipLR.JPG,Black_Rot,false
9cd00bbbee661c7b4242a945078d683a33e9436b12ba5fc292322574a764abd4,Balanced_Final_Split/Balanced_Final_Split/train/Black_Rot/train_222_02f75392-dbad-4ab8-a35d-d391f9d57113___FAM_B.Rot 3323_flipLR.JPG,Black_Rot,Balanced_Final_Split/Balanced_Final_Split/test/Black_Rot/test_222_02f75392-dbad-4ab8-a35d-d391f9d57113___FAM_B.Rot 3323_flipLR.JPG,Black_Rot,false
bdfcfcb15df7c35bddd15563be81ac4e296f89a2012790fea10bd63df84efdd2,Balanced_Final_Split/Balanced_Final_Split/train/Black_Rot/train_223_0e7726c0-a309-4194-b2e6-d0e33af39373___FAM_B.Rot 0530_flipLR.JPG,Black_Rot,Balanced_Final_Split/Balanced_Final_Split/test/Black_Rot/test_223_0e7726c0-a309-4194-b2e6-d0e33af39373___FAM_B.Rot 0530_flipLR.JPG,Black_Rot,false
68764bf34f9427a7b5b6a5540c3cd4847c64ab2aa2429e3295eab8814ec08610,Balanced_Final_Split/Balanced_Final_Split/train/Black_Rot/train_224_07e911cc-751d-4e1e-ada5-2c363938b213___FAM_B.Rot 3619_flipLR.JPG,Black_Rot,Balanced_Final_Split/Balanced_Final_Split/test/Black_Rot/test_224_07e911cc-751d-4e1e-ada5-2c363938b213___FAM_B.Rot 3619_flipLR.JPG,Black_Rot,false
b4974eddb0228d6a253d375d6bc8e228b7b01c78fe6f19dc81fbccac07df8a0a,Balanced_Final_Split/Balanced_Final_Split/train/Black_Rot/train_225_4b7b10cb-99f2-4688-b5c8-b820c3214845___FAM_B.Rot 3489_flipLR.JPG,Black_Rot,Balanced_Final_Split/Balanced_Final_Split/test/Black_Rot/test_225_4b7b10cb-99f2-4688-b5c8-b820c3214845___FAM_B.Rot 3489_flipLR.JPG,Black_Rot,false
7be3088baf0277590160faa9a3faf300eff39d00918fc207ce7ef11e3aba130c,Balanced_Final_Split/Balanced_Final_Split/train/Black_Rot/train_226_4c6fe690-8921-42ea-ab54-06bcc21de388___FAM_B.Rot 0505_flipLR.JPG,Black_Rot,Balanced_Final_Split/Balanced_Final_Split/test/Black_Rot/test_226_4c6fe690-8921-42ea-ab54-06bcc21de388___FAM_B.Rot 0505_flipLR.JPG,Black_Rot,false
71e0fe2c68f2fe9305e2080730fbe09275ec9af20ed538dc1eb730d17d724054,Balanced_Final_Split/Balanced_Final_Split/train/Black_Rot/train_227_4d8eb211-0ad4-4cac-be0a-56d5d0ad9d8e___FAM_B.Rot 3008.JPG,Black_Rot,Balanced_Final_Split/Balanced_Final_Split/test/Black_Rot/test_227_4d8eb211-0ad4-4cac-be0a-56d5d0ad9d8e___FAM_B.Rot 3008.JPG,Black_Rot,false
5a1a4a3b829a246146e7deec3b3a589ee96a06ee799cd8309f7a668abafb1fe8,Balanced_Final_Split/Balanced_Final_Split/train/Black_Rot/train_228_1ccd890e-9e06-44cf-8495-8f229e7bb89b___FAM_B.Rot 3614_flipLR.JPG,Black_Rot,Balanced_Final_Split/Balanced_Final_Split/test/Black_Rot/test_228_1ccd890e-9e06-44cf-8495-8f229e7bb89b___FAM_B.Rot 3614_flipLR.JPG,Black_Rot,false
977a73bef45ce6fe353bb0fa1c8077dd47030fc011c0f3e4ac9284755484aba5,Balanced_Final_Split/Balanced_Final_Split/train/Black_Rot/train_229_1e3a2734-e21c-438e-a344-935d8d2129f7___FAM_B.Rot 5063.JPG,Black_Rot,Balanced_Final_Split/Balanced_Final_Split/test/Black_Rot/test_229_1e3a2734-e21c-438e-a344-935d8d2129f7___FAM_B.Rot 5063.JPG,Black_Rot,false
0895d79f31078c5c330a368c14e8239555f26df71659a7d75ede0ef68ac7db91,Balanced_Final_Split/Balanced_Final_Split/train/Black_Rot/train_22_5c74cb8c-adfa-4221-bbb9-bdc15edebadc___FAM_B.Rot 3086.JPG,Black_Rot,Balanced_Final_Split/Balanced_Final_Split/test/Black_Rot/test_22_5c74cb8c-adfa-4221-bbb9-bdc15edebadc___FAM_B.Rot 3086.JPG,Black_Rot,false
dc16cd2371eb1287f0da8c2cc1c6ae121e5b0e24a4ae2886d193166e519c21ec,Balanced_Final_Split/Balanced_Final_Split/train/Black_Rot/train_230_00cab05d-e87b-4cf6-87d8-284f3ec99626___FAM_B.Rot 3244_flipLR.JPG,Black_Rot,Balanced_Final_Split/Balanced_Final_Split/test/Black_Rot/test_230_00cab05d-e87b-4cf6-87d8-284f3ec99626___FAM_B.Rot 3244_flipLR.JPG,Black_Rot,false
c030c03461664c9be2133b145496d9020846a1591118482bd9e4552632f50b7d,Balanced_Final_Split/Balanced_Final_Split/train/Black_Rot/train_231_2aaa0d89-c8cd-458c-9419-cbe916c1b4da___FAM_B.Rot 0403_flipLR.JPG,Black_Rot,Balanced_Final_Split/Balanced_Final_Split/test/Black_Rot/test_231_2aaa0d89-c8cd-458c-9419-cbe916c1b4da___FAM_B.Rot 0403_flipLR.JPG,Black_Rot,false
2a2b569ab3abe858a0473c544d68b160b23a11205876f81a50bef0985b8d4ea9,Balanced_Final_Split/Balanced_Final_Split/train/Black_Rot/train_232_1b9b236c-8b25-4473-b3d3-e83c7218cb3b___FAM_B.Rot 3290_flipLR.JPG,Black_Rot,Balanced_Final_Split/Balanced_Final_Split/test/Black_Rot/test_232_1b9b236c-8b25-4473-b3d3-e83c7218cb3b___FAM_B.Rot 3290_flipLR.JPG,Black_Rot,false
136ece76064da9aec687d639d3042b6413083c16a8809d4009fc8df7db465e33,Balanced_Final_Split/Balanced_Final_Split/train/Black_Rot/train_233_3a5abb6b-36b3-416f-b511-aa0b7fb5eda6___FAM_B.Rot 3124.JPG,Black_Rot,Balanced_Final_Split/Balanced_Final_Split/test/Black_Rot/test_233_3a5abb6b-36b3-416f-b511-aa0b7fb5eda6___FAM_B.Rot 3124.JPG,Black_Rot,false
f46b570b34ab098b9076367611673c40dc39fc140e2cd11fb79cb36cc7b0ff77,Balanced_Final_Split/Balanced_Final_Split/train/Black_Rot/train_234_003d09ef-e16c-4e8a-badf-847d46cb3dc0___FAM_B.Rot 3184_flipLR.JPG,Black_Rot,Balanced_Final_Split/Balanced_Final_Split/test/Black_Rot/test_234_003d09ef-e16c-4e8a-badf-847d46cb3dc0___FAM_B.Rot 3184_flipLR.JPG,Black_Rot,false
072036f6e03df36e189faa9a6bf53228777bf9b85eb2b093bf3b0c69ad5ac2b5,Balanced_Final_Split/Balanced_Final_Split/train/Black_Rot/train_235_8c8ddeba-8c03-47ea-8551-c2730890548f___FAM_B.Rot 3399.JPG,Black_Rot,Balanced_Final_Split/Balanced_Final_Split/test/Black_Rot/test_235_8c8ddeba-8c03-47ea-8551-c2730890548f___FAM_B.Rot 3399.JPG,Black_Rot,false
7d4802c5f7f9a2926c67401a3c89b720f32695fd511ccea428c5b7ada61770d7,Balanced_Final_Split/Balanced_Final_Split/train/Black_Rot/train_236_0b11ac6a-9e24-4d9c-bbe9-e180eb81ff38___FAM_B.Rot 0581.JPG,Black_Rot,Balanced_Final_Split/Balanced_Final_Split/test/Black_Rot/test_236_0b11ac6a-9e24-4d9c-bbe9-e180eb81ff38___FAM_B.Rot 0581.JPG,Black_Rot,false
d41628939c736363526522cbe75c953f1077cd9543d6c7484a47d9550f366c6c,Balanced_Final_Split/Balanced_Final_Split/train/Black_Rot/train_237_1f9d01f0-dde4-49f5-9c27-e87432451556___FAM_B.Rot 3414_flipLR.JPG,Black_Rot,Balanced_Final_Split/Balanced_Final_Split/test/Black_Rot/test_237_1f9d01f0-dde4-49f5-9c27-e87432451556___FAM_B.Rot 3414_flipLR.JPG,Black_Rot,false
4df052fd4b40d7204d1d61338995101654c5d2ae984e508b950484c05e86c7ba,Balanced_Final_Split/Balanced_Final_Split/train/Black_Rot/train_238_4a73015b-dbd0-417f-98b3-2016561c9bae___FAM_B.Rot 3577.JPG,Black_Rot,Balanced_Final_Split/Balanced_Final_Split/test/Black_Rot/test_238_4a73015b-dbd0-417f-98b3-2016561c9bae___FAM_B.Rot 3577.JPG,Black_Rot,false
ffa0bf7b55df8bc7e1799054eaea893ea90df60cb3162144622fa5d8fb5ceacb,Balanced_Final_Split/Balanced_Final_Split/train/Black_Rot/train_239_1f65cd54-490a-49a4-909c-a648ea5bc8ed___FAM_B.Rot 0498_flipLR.JPG,Black_Rot,Balanced_Final_Split/Balanced_Final_Split/test/Black_Rot/test_239_1f65cd54-490a-49a4-909c-a648ea5bc8ed___FAM_B.Rot 0498_flipLR.JPG,Black_Rot,false
7884b281ad3536217be566ed04ce4ab3874bf877bfe6fb386fabb29cd27c4a70,Balanced_Final_Split/Balanced_Final_Split/train/Black_Rot/train_23_1b5c9aed-b19c-4ce8-953f-c8b4e6474ed5___FAM_B.Rot 5110.JPG,Black_Rot,Balanced_Final_Split/Balanced_Final_Split/test/Black_Rot/test_23_1b5c9aed-b19c-4ce8-953f-c8b4e6474ed5___FAM_B.Rot 5110.JPG,Black_Rot,false
94c9dc79a9c0c32debe6be6077a8b30d34b3bc9be083ed3edbf06f56d52488cf,Balanced_Final_Split/Balanced_Final_Split/train/Black_Rot/train_240_0b11ac6a-9e24-4d9c-bbe9-e180eb81ff38___FAM_B.Rot 0581_flipLR.JPG,Black_Rot,Balanced_Final_Split/Balanced_Final_Split/test/Black_Rot/test_240_0b11ac6a-9e24-4d9c-bbe9-e180eb81ff38___FAM_B.Rot 0581_flipLR.JPG,Black_Rot,false
d7e7520f2d8088b414bf6a65979a6b5e827bd9d4a2c8dd6f3abd9b0e36e06f80,Balanced_Final_Split/Balanced_Final_Split/train/Black_Rot/train_241_5ffd7e9b-c750-4e10-8046-51d0c866fc8e___FAM_B.Rot 3562.JPG,Black_Rot,Balanced_Final_Split/Balanced_Final_Split/test/Black_Rot/test_241_5ffd7e9b-c750-4e10-8046-51d0c866fc8e___FAM_B.Rot 3562.JPG,Black_Rot,false
6f1ea4cd6336680c375cf5645d673335db3f823ed93886a89238547c6c15fb6e,Balanced_Final_Split/Balanced_Final_Split/train/Black_Rot/train_242_1d02b5ac-6f6e-4935-a841-2cd5b608ddf3___FAM_B.Rot 3060.JPG,Black_Rot,Balanced_Final_Split/Balanced_Final_Split/test/Black_Rot/test_242_1d02b5ac-6f6e-4935-a841-2cd5b608ddf3___FAM_B.Rot 3060.JPG,Black_Rot,false
38dd62eb7310b0093612519faf967dda59bfd2f62974671c32664e37e7b0cda2,Balanced_Final_Split/Balanced_Final_Split/train/Black_Rot/train_243_0aec6325-48be-4373-886d-fff5aeea6d26___FAM_B.Rot 3465_flipLR.JPG,Black_Rot,Balanced_Final_Split/Balanced_Final_Split/test/Black_Rot/test_243_0aec6325-48be-4373-886d-fff5aeea6d26___FAM_B.Rot 3465_flipLR.JPG,Black_Rot,false
0de6bbea0be8ee8c91ee9dc72ac8d869c55278eae7aae4be43e25897e6671072,Balanced_Final_Split/Balanced_Final_Split/train/Black_Rot/train_244_0c9800f1-95a1-4ebb-a098-5fb51af0581b___FAM_B.Rot 3208_flipLR.JPG,Black_Rot,Balanced_Final_Split/Balanced_Final_Split/test/Black_Rot/test_244_0c9800f1-95a1-4ebb-a098-5fb51af0581b___FAM_B.Rot 3208_flipLR.JPG,Black_Rot,false
da583fcf136b086ef1f2efea77052f3e89cbc1cc92fb6436a6884ce72bc89d1b,Balanced_Final_Split/Balanced_Final_Split/train/Black_Rot/train_245_3ad4f4cb-a4bf-4501-b352-cc3dfcf07afb___FAM_B.Rot 3220_flipLR.JPG,Black_Rot,Balanced_Final_Split/Balanced_Final_Split/test/Black_Rot/test_245_3ad4f4cb-a4bf-4501-b352-cc3dfcf07afb___FAM_B.Rot 3220_flipLR.JPG,Black_Rot,false
1339c730f0fd76303c0d05c3317a6ec55d43722ecbe144d9a2a684c4bc51b4d3,Balanced_Final_Split/Balanced_Final_Split/train/Black_Rot/train_246_5ca2ac16-73d9-475d-bb60-40afddb76ef0___FAM_B.Rot 3409.JPG,Black_Rot,Balanced_Final_Split/Balanced_Final_Split/test/Black_Rot/test_246_5ca2ac16-73d9-475d-bb60-40afddb76ef0___FAM_B.Rot 3409.JPG,Black_Rot,false
29638d0c2ac8c4a3c33c1ed5260db3893a6a950ce754ffdd0528ea3c0634ca24,Balanced_Final_Split/Balanced_Final_Split/train/Black_Rot/train_247_3b944fae-8e65-4abc-bb3d-744642d3da10___FAM_B.Rot 0438.JPG,Black_Rot,Balanced_Final_Split/Balanced_Final_Split/test/Black_Rot/test_247_3b944fae-8e65-4abc-bb3d-744642d3da10___FAM_B.Rot 0438.JPG,Black_Rot,false
20ace40add21794030d79c6036cc56c9705d6d612e3c970ef0ef625bcd75f69b,Balanced_Final_Split/Balanced_Final_Split/train/Black_Rot/train_248_4d1aa43d-81ed-4535-a680-c998f4d7b974___FAM_B.Rot 0732.JPG,Black_Rot,Balanced_Final_Split/Balanced_Final_Split/test/Black_Rot/test_248_4d1aa43d-81ed-4535-a680-c998f4d7b974___FAM_B.Rot 0732.JPG,Black_Rot,false
15a06543d5b28af361b958f48ff1cc42b45ced510dffebf1e7fbf09962bd19cc,Balanced_Final_Split/Balanced_Final_Split/train/Black_Rot/train_249_1b49994b-904a-4f13-8c97-e72b68d9d6e4___FAM_B.Rot 3079_flipLR.JPG,Black_Rot,Balanced_Final_Split/Balanced_Final_Split/test/Black_Rot/test_249_1b49994b-904a-4f13-8c97-e72b68d9d6e4___FAM_B.Rot 3079_flipLR.JPG,Black_Rot,false
9e868a2e272a1fc986de2e4d5a6a02fb1d14f12ea8a40d156d038fdcbdefd837,Balanced_Final_Split/Balanced_Final_Split/train/Black_Rot/train_24_02a1df6c-97ec-41d4-b00c-9510741a39dc___FAM_B.Rot 0552.JPG,Black_Rot,Balanced_Final_Split/Balanced_Final_Split/test/Black_Rot/test_24_02a1df6c-97ec-41d4-b00c-9510741a39dc___FAM_B.Rot 0552.JPG,Black_Rot,false
300ce14d95f3dc3f9bf5aef93087400972fe400b292d329eae0ca6e45e86ba60,Balanced_Final_Split/Balanced_Final_Split/train/Black_Rot/train_25_1a1ba048-3ecb-4ad3-9ccf-87ee96b9a75e___FAM_B.Rot 3628.JPG,Black_Rot,Balanced_Final_Split/Balanced_Final_Split/test/Black_Rot/test_25_1a1ba048-3ecb-4ad3-9ccf-87ee96b9a75e___FAM_B.Rot 3628.JPG,Black_Rot,false
d3dcc85d5df72232339abec82890ce4e194bca6e0aed30c861e37635722f1093,Balanced_Final_Split/Balanced_Final_Split/train/Black_Rot/train_26_3ff156cc-1dca-4adb-9a14-ea922e0cd9d4___FAM_B.Rot 0745_flipLR.JPG,Black_Rot,Balanced_Final_Split/Balanced_Final_Split/test/Black_Rot/test_26_3ff156cc-1dca-4adb-9a14-ea922e0cd9d4___FAM_B.Rot 0745_flipLR.JPG,Black_Rot,false
5e57c1447f398d44b255fb08caab8ae01a5fc8a569b52e5504f7c3688d1c42f6,Balanced_Final_Split/Balanced_Final_Split/train/Black_Rot/train_27_006efc68-9e46-4168-921c-10ef8065702c___FAM_B.Rot 3470_flipLR.JPG,Black_Rot,Balanced_Final_Split/Balanced_Final_Split/test/Black_Rot/test_27_006efc68-9e46-4168-921c-10ef8065702c___FAM_B.Rot 3470_flipLR.JPG,Black_Rot,false
36e18d68ce395c552afed80202331bbc832d5500877dc121478411411dae800b,Balanced_Final_Split/Balanced_Final_Split/train/Black_Rot/train_28_7ad894ca-3f99-48ea-9470-fb98a41d8b67___FAM_B.Rot 0327_flipLR.JPG,Black_Rot,Balanced_Final_Split/Balanced_Final_Split/test/Black_Rot/test_28_7ad894ca-3f99-48ea-9470-fb98a41d8b67___FAM_B.Rot 0327_flipLR.JPG,Black_Rot,false
2fa89aa7ac55c79c9fa6292a15591adc42c9f0c531480fc74dc65415a23f95be,Balanced_Final_Split/Balanced_Final_Split/train/Black_Rot/train_29_7c515504-bb19-49fd-8253-593342a3013f___FAM_B.Rot 0514_flipLR.JPG,Black_Rot,Balanced_Final_Split/Balanced_Final_Split/test/Black_Rot/test_29_7c515504-bb19-49fd-8253-593342a3013f___FAM_B.Rot 0514_flipLR.JPG,Black_Rot,false
fbcedcb6448a0125af541899385556044779fda5dcb678e6db06d2d8f302d7bf,Balanced_Final_Split/Balanced_Final_Split/train/Black_Rot/train_2_3b646501-0c1f-4f1b-889e-26a4a31d03f7___FAM_B.Rot 5084_flipLR.JPG,Black_Rot,Balanced_Final_Split/Balanced_Final_Split/test/Black_Rot/test_2_3b646501-0c1f-4f1b-889e-26a4a31d03f7___FAM_B.Rot 5084_flipLR.JPG,Black_Rot,false
d34c9c29e49534353ed0b87f4b3a5e74dda31a25f7cf856d352bab02d0fe7974,Balanced_Final_Split/Balanced_Final_Split/train/Black_Rot/train_30_5dabcf87-baba-4395-b600-abd6d78a4511___FAM_B.Rot 0506_flipLR.JPG,Black_Rot,Balanced_Final_Split/Balanced_Final_Split/test/Black_Rot/test_30_5dabcf87-baba-4395-b600-abd6d78a4511___FAM_B.Rot 0506_flipLR.JPG,Black_Rot,false
5e8fe229d70800dd547bab0f7ab5295c17da12e8f51ed94a8d887e5e807f2d94,Balanced_Final_Split/Balanced_Final_Split/train/Black_Rot/train_31_5c9c6671-580c-47a8-9dda-348dd6b03a78___FAM_B.Rot 3010.JPG,Black_Rot,Balanced_Final_Split/Balanced_Final_Split/test/Black_Rot/test_31_5c9c6671-580c-47a8-9dda-348dd6b03a78___FAM_B.Rot 3010.JPG,Black_Rot,false
04f90792895cb87b02184a639e57213a3fe04f56023bc754763c5ad2b115fa54,Balanced_Final_Split/Balanced_Final_Split/train/Black_Rot/train_32_4fa94bfb-d2d9-448e-b3f5-498ed75e467b___FAM_B.Rot 0507_flipLR.JPG,Black_Rot,Balanced_Final_Split/Balanced_Final_Split/test/Black_Rot/test_32_4fa94bfb-d2d9-448e-b3f5-498ed75e467b___FAM_B.Rot 0507_flipLR.JPG,Black_Rot,false
ed429d5740a69f583e75ded576957b11c51ae27b6aef566c03360f546db19708,Balanced_Final_Split/Balanced_Final_Split/train/Black_Rot/train_33_4c2cf28e-6bec-4105-bdaf-b36fb046ab3e___FAM_B.Rot 3024.JPG,Black_Rot,Balanced_Final_Split/Balanced_Final_Split/test/Black_Rot/test_33_4c2cf28e-6bec-4105-bdaf-b36fb046ab3e___FAM_B.Rot 3024.JPG,Black_Rot,false
1d7a1a17b3beb0f6e619544410d92ddacf65ebc0699f1cee75510c752b091a90,Balanced_Final_Split/Balanced_Final_Split/train/Black_Rot/train_34_0d907173-6ef8-4fbd-b682-f0a7a5263de0___FAM_B.Rot 3298.JPG,Black_Rot,Balanced_Final_Split/Balanced_Final_Split/test/Black_Rot/test_34_0d907173-6ef8-4fbd-b682-f0a7a5263de0___FAM_B.Rot 3298.JPG,Black_Rot,false
e87c516ccc55f08b092f7d0d73576de1fb79024130cd4d055a4170eb78e621ed,Balanced_Final_Split/Balanced_Final_Split/train/Black_Rot/train_35_0a31549c-8adb-4acc-bab2-a0954f063054___FAM_B.Rot 0687.JPG,Black_Rot,Balanced_Final_Split/Balanced_Final_Split/test/Black_Rot/test_35_0a31549c-8adb-4acc-bab2-a0954f063054___FAM_B.Rot 0687.JPG,Black_Rot,false
035c7e1cf894ce3748cf477dbb0a4a7da8815a2aa91098cc58dc5ddd70d27050,Balanced_Final_Split/Balanced_Final_Split/train/Black_Rot/train_36_5f65a7e2-e422-423b-b4f7-f9c7c6d0ef56___FAM_B.Rot 3210_flipLR.JPG,Black_Rot,Balanced_Final_Split/Balanced_Final_Split/test/Black_Rot/test_36_5f65a7e2-e422-423b-b4f7-f9c7c6d0ef56___FAM_B.Rot 3210_flipLR.JPG,Black_Rot,false
e17098d2dbf7baa98db5af1f214522616b836a1a2bf9377bd914538304791826,Balanced_Final_Split/Balanced_Final_Split/train/Black_Rot/train_37_003d09ef-e16c-4e8a-badf-847d46cb3dc0___FAM_B.Rot 3184.JPG,Black_Rot,Balanced_Final_Split/Balanced_Final_Split/test/Black_Rot/test_37_003d09ef-e16c-4e8a-badf-847d46cb3dc0___FAM_B.Rot 3184.JPG,Black_Rot,false
60430d6abe787ff906e0f3fe902dd9ba3c3b2ea677ba86e87e8d9ac98a8e378f,Balanced_Final_Split/Balanced_Final_Split/train/Black_Rot/train_38_0e143d33-adc0-41af-92e2-d0bb712d7b72___FAM_B.Rot 5047.JPG,Black_Rot,Balanced_Final_Split/Balanced_Final_Split/test/Black_Rot/test_38_0e143d33-adc0-41af-92e2-d0bb712d7b72___FAM_B.Rot 5047.JPG,Black_Rot,false
f22a1c292158c79c0e3b412ea8e79fa244af40b60b1c97199093d3381ba770f6,Balanced_Final_Split/Balanced_Final_Split/train/Black_Rot/train_39_4fa15c09-e065-4687-8a17-89dd047b76a5___FAM_B.Rot 3025.JPG,Black_Rot,Balanced_Final_Split/Balanced_Final_Split/test/Black_Rot/test_39_4fa15c09-e065-4687-8a17-89dd047b76a5___FAM_B.Rot 3025.JPG,Black_Rot,false
2be38ad646a1a61f0f599f4ca421c2e4b80448da3f4095239e86e79dd300a4a8,Balanced_Final_Split/Balanced_Final_Split/train/Black_Rot/train_3_3b944fae-8e65-4abc-bb3d-744642d3da10___FAM_B.Rot 0438_flipLR.JPG,Black_Rot,Balanced_Final_Split/Balanced_Final_Split/test/Black_Rot/test_3_3b944fae-8e65-4abc-bb3d-744642d3da10___FAM_B.Rot 0438_flipLR.JPG,Black_Rot,false
a066928af4a6f6c565e79584cd09bb8aee60a66222c75957914543651379be9e,Balanced_Final_Split/Balanced_Final_Split/train/Black_Rot/train_40_8b4b28b3-1039-4b45-a7c6-1c40b9957095___FAM_B.Rot 3161.JPG,Black_Rot,Balanced_Final_Split/Balanced_Final_Split/test/Black_Rot/test_40_8b4b28b3-1039-4b45-a7c6-1c40b9957095___FAM_B.Rot 3161.JPG,Black_Rot,false
d3bb679e1410608f9b5f4f2560a9a4f1d9668800fc3ab902e730edae45bc1b52,Balanced_Final_Split/Balanced_Final_Split/train/Black_Rot/train_41_08a7300a-1e67-4441-9521-9168d47cd665___FAM_B.Rot 3020_flipLR.JPG,Black_Rot,Balanced_Final_Split/Balanced_Final_Split/test/Black_Rot/test_41_08a7300a-1e67-4441-9521-9168d47cd665___FAM_B.Rot 3020_flipLR.JPG,Black_Rot,false
115f59d2e91c79576d8d9b10dbca89be029756817bc7a686a4e68354fc266ae1,Balanced_Final_Split/Balanced_Final_Split/train/Black_Rot/train_42_4dfc3e8c-396e-45d0-a023-b05af824cf4b___FAM_B.Rot 3624.JPG,Black_Rot,Balanced_Final_Split/Balanced_Final_Split/test/Black_Rot/test_42_4dfc3e8c-396e-45d0-a023-b05af824cf4b___FAM_B.Rot 3624.JPG,Black_Rot,false
7c385b2737f66dd0d8f4874bb6f670c5772e64230d3d4e44efc8907b12fb6d74,Balanced_Final_Split/Balanced_Final_Split/train/Black_Rot/train_43_7fca570e-59da-4f97-829d-dec4eeb0f341___FAM_B.Rot 3525.JPG,Black_Rot,Balanced_Final_Split/Balanced_Final_Split/test/Black_Rot/test_43_7fca570e-59da-4f97-829d-dec4eeb0f341___FAM_B.Rot 3525.JPG,Black_Rot,false
bedc2a121af57b8540c7099454596cab2310ffcde4cfdeb5814c511790716536,Balanced_Final_Split/Balanced_Final_Split/train/Black_Rot/train_44_06fde815-e82e-42b1-acb6-c097f126fb9b___FAM_B.Rot 0628_flipLR.JPG,Black_Rot,Balanced_Final_Split/Balanced_Final_Split/test/Black_Rot/test_44_06fde815-e82e-42b1-acb6-c097f126fb9b___FAM_B.Rot 0628_flipLR.JPG,Black_Rot,false
45580ac57ca5129bad1c6d7f8c2e410d322e50644af0a1dc0a34820b53213dc5,Balanced_Final_Split/Balanced_Final_Split/train/Black_Rot/train_45_3d8bd6cf-86c4-4b2c-8f99-a3cb0978b7e5___FAM_B.Rot 0607_flipLR.JPG,Black_Rot,Balanced_Final_Split/Balanced_Final_Split/test/Black_Rot/test_45_3d8bd6cf-86c4-4b2c-8f99-a3cb0978b7e5___FAM_B.Rot 0607_flipLR.JPG,Black_Rot,false
3d46038980130e4d536169dc82b2568a77bb60945b1dfc41101ecfba3705f477,Balanced_Final_Split/Balanced_Final_Split/train/Black_Rot/train_46_4f2e0b9d-ad36-4b62-a475-66f13ce3320b___FAM_B.Rot 0492_flipLR.JPG,Black_Rot,Balanced_Final_Split/Balanced_Final_Split/test/Black_Rot/test_46_4f2e0b9d-ad36-4b62-a475-66f13ce3320b___FAM_B.Rot 0492_flipLR.JPG,Black_Rot,false
9940a9f81891d30987ced669793b72ef0898a87a4481f88acffa079a94dbffa2,Balanced_Final_Split/Balanced_Final_Split/train/Black_Rot/train_47_1d3c0f3d-1b66-4cfc-b67b-af9760864e99___FAM_B.Rot 3317.JPG,Black_Rot,Balanced_Final_Split/Balanced_Final_Split/test/Black_Rot/test_47_1d3c0f3d-1b66-4cfc-b67b-af9760864e99___FAM_B.Rot 3317.JPG,Black_Rot,false
d6af374b1c99263d9a2f31e35e81498c2d0ee36d3b95e9a0e5c19325aaf1c5bb,Balanced_Final_Split/Balanced_Final_Split/train/Black_Rot/train_48_3a101308-a8fc-4890-9dc9-48ae5a443790___FAM_B.Rot 0362.JPG,Black_Rot,Balanced_Final_Split/Balanced_Final_Split/test/Black_Rot/test_48_3a101308-a8fc-4890-9dc9-48ae5a443790___FAM_B.Rot 0362.JPG,Black_Rot,false
5547cc0b1d898c5bcffc7bca6c6f5035757b0ee9f1d2e0e480ff277501e66a1f,Balanced_Final_Split/Balanced_Final_Split/train/Black_Rot/train_49_2d9c7e4e-a960-4de9-b606-d36c01b89778___FAM_B.Rot 0707_flipLR.JPG,Black_Rot,Balanced_Final_Split/Balanced_Final_Split/test/Black_Rot/test_49_2d9c7e4e-a960-4de9-b606-d36c01b89778___FAM_B.Rot 0707_flipLR.JPG,Black_Rot,false
ef2568ad9aac4947564be02bd6e11417c0e65d132fe55fd2645a7c1a615c821d,Balanced_Final_Split/Balanced_Final_Split/train/Black_Rot/train_4_5ad6fd71-d78a-4f4c-b195-1b0a69ae0de3___FAM_B.Rot 3433.JPG,Black_Rot,Balanced_Final_Split/Balanced_Final_Split/test/Black_Rot/test_4_5ad6fd71-d78a-4f4c-b195-1b0a69ae0de3___FAM_B.Rot 3433.JPG,Black_Rot,false
936ebb200499adb790b336c43b81edc3138937fe28fe0aa98d0b20207a8f084c,Balanced_Final_Split/Balanced_Final_Split/train/Black_Rot/train_50_3d918f29-4267-4af3-bd42-009480633b8f___FAM_B.Rot 0454_flipLR.JPG,Black_Rot,Balanced_Final_Split/Balanced_Final_Split/test/Black_Rot/test_50_3d918f29-4267-4af3-bd42-009480633b8f___FAM_B.Rot 0454_flipLR.JPG,Black_Rot,false
08c0f472aecc98bd9602b1da078a2f6d98bc6327ed3809fca87c06c86138ea33,Balanced_Final_Split/Balanced_Final_Split/train/Black_Rot/train_51_0ff1ecfd-d94e-4459-b74e-47b82900a0aa___FAM_B.Rot 0329_flipLR.JPG,Black_Rot,Balanced_Final_Split/Balanced_Final_Split/test/Black_Rot/test_51_0ff1ecfd-d94e-4459-b74e-47b82900a0aa___FAM_B.Rot 0329_flipLR.JPG,Black_Rot,false
b61973d10eeec7b9a8cd9e1cf2a3a22c1d7805e6afe7503e0bfbe51fd51f0456,Balanced_Final_Split/Balanced_Final_Split/train/Black_Rot/train_52_5cb2df5c-c699-4e10-af47-76a4b14858bd___FAM_B.Rot 0738.JPG,Black_Rot,Balanced_Final_Split/Balanced_Final_Split/test/Black_Rot/test_52_5cb2df5c-c699-4e10-af47-76a4b14858bd___FAM_B.Rot 0738.JPG,Black_Rot,false
5ba9d56504b15ae1373d0b26e5b9c4464b3ac6f736171e38e4f8a67147aea049,Balanced_Final_Split/Balanced_Final_Split/train/Black_Rot/train_53_0bfeae5e-878a-45ac-b62c-fbdfa9577874___FAM_B.Rot 0501.JPG,Black_Rot,Balanced_Final_Split/Balanced_Final_Split/test/Black_Rot/test_53_0bfeae5e-878a-45ac-b62c-fbdfa9577874___FAM_B.Rot 0501.JPG,Black_Rot,false
044a680489d2c5ea91700bad87e8a302b5999c417c811f3a24d39659acd94cee,Balanced_Final_Split/Balanced_Final_Split/train/Black_Rot/train_54_4dca234a-1cf7-4524-ade0-7aadda601943___FAM_B.Rot 0525_flipLR.JPG,Black_Rot,Balanced_Final_Split/Balanced_Final_Split/test/Black_Rot/test_54_4dca234a-1cf7-4524-ade0-7aadda601943___FAM_B.Rot 0525_flipLR.JPG,Black_Rot,false
0350079cf8a3e4ea63a9914d14ca9fcc3301175d2ed280d4bb11d6d8ac05ca86,Balanced_Final_Split/Balanced_Final_Split/train/Black_Rot/train_55_2e63e970-cfb6-4bcf-865b-7b3cdf3d51e0___FAM_B.Rot 3338_flipLR.JPG,Black_Rot,Balanced_Final_Split/Balanced_Final_Split/test/Black_Rot/test_55_2e63e970-cfb6-4bcf-865b-7b3cdf3d51e0___FAM_B.Rot 3338_flipLR.JPG,Black_Rot,false
3c148b5c9e8256536b46407236bd196003df0c2c21814e3813ae4b036f1c412e,Balanced_Final_Split/Balanced_Final_Split/train/Black_Rot/train_56_4ce501e4-f2e1-446f-a65e-2545ab9afb90___FAM_B.Rot 3402.JPG,Black_Rot,Balanced_Final_Split/Balanced_Final_Split/test/Black_Rot/test_56_4ce501e4-f2e1-446f-a65e-2545ab9afb90___FAM_B.Rot 3402.JPG,Black_Rot,false
5be2502f56f2f7b89d23c5cc4e139b53c75c7c93000d7558275c4619b697be9f,Balanced_Final_Split/Balanced_Final_Split/train/Black_Rot/train_57_1b49994b-904a-4f13-8c97-e72b68d9d6e4___FAM_B.Rot 3079.JPG,Black_Rot,Balanced_Final_Split/Balanced_Final_Split/test/Black_Rot/test_57_1b49994b-904a-4f13-8c97-e72b68d9d6e4___FAM_B.Rot 3079.JPG,Black_Rot,false
528749edf721a897901a7918256f45abad0317f677343069f3931bdf03e97edb,Balanced_Final_Split/Balanced_Final_Split/train/Black_Rot/train_58_7d017e99-20e2-4440-ab0b-3ad9ed320934___FAM_B.Rot 0688.JPG,Black_Rot,Balanced_Final_Split/Balanced_Final_Split/test/Black_Rot/test_58_7d017e99-20e2-4440-ab0b-3ad9ed320934___FAM_B.Rot 0688.JPG,Black_Rot,false
19d10c953b17cf7417bd4e814ffcce70b508af88b445badf311ef5b560fa8fa1,Balanced_Final_Split/Balanced_Final_Split/train/Black_Rot/train_59_4a0e8241-b8c4-4e01-ab1b-7b8ff77f4b6f___FAM_B.Rot 3118.JPG,Black_Rot,Balanced_Final_Split/Balanced_Final_Split/test/Black_Rot/test_59_4a0e8241-b8c4-4e01-ab1b-7b8ff77f4b6f___FAM_B.Rot 3118.JPG,Black_Rot,false
1cd3396b6bc4dfedc27fc1b21e2339029d80289af4d4bca298f86ee45b4e0c90,Balanced_Final_Split/Balanced_Final_Split/train/Black_Rot/train_5_4dd5393a-fbcd-41da-b67c-5f74c3a5851d___FAM_B.Rot 3336.JPG,Black_Rot,Balanced_Final_Split/Balanced_Final_Split/test/Black_Rot/test_5_4dd5393a-fbcd-41da-b67c-5f74c3a5851d___FAM_B.Rot 3336.JPG,Black_Rot,false
837ede0042169922300b0a7badca46cfbe03d01ed68332c6b1d2a19739b249ab,Balanced_Final_Split/Balanced_Final_Split/train/Black_Rot/train_60_1c2b4d6c-dc3d-4913-b98f-2da54c4f6614___FAM_B.Rot 3602_flipLR.JPG,Black_Rot,Balanced_Final_Split/Balanced_Final_Split/test/Black_Rot/test_60_1c2b4d6c-dc3d-4913-b98f-2da54c4f6614___FAM_B.Rot 3602_flipLR.JPG,Black_Rot,false
e66fca51d36ee8233709711752d95d92bf105d98157e7da4bb920a222311297a,Balanced_Final_Split/Balanced_Final_Split/train/Black_Rot/train_61_8ac447fe-062a-4a55-8891-776cc5c2cb61___FAM_B.Rot 0761.JPG,Black_Rot,Balanced_Final_Split/Balanced_Final_Split/test/Black_Rot/test_61_8ac447fe-062a-4a55-8891-776cc5c2cb61___FAM_B.Rot 0761.JPG,Black_Rot,false
b7d71b6c1f0f39a5f565f8c8b2e83559aac519f4b124b5b1da7e8a58e0aa96dd,Balanced_Final_Split/Balanced_Final_Split/train/Black_Rot/train_62_06ca4e74-f852-4ee1-8100-2c88eccdf450___FAM_B.Rot 0585.JPG,Black_Rot,Balanced_Final_Split/Balanced_Final_Split/test/Black_Rot/test_62_06ca4e74-f852-4ee1-8100-2c88eccdf450___FAM_B.Rot 0585.JPG,Black_Rot,false
c989bd852f5f4f7c3dd0d198291d6caf0f77b1251e15bdf75dcab3108517d13d,Balanced_Final_Split/Balanced_Final_Split/train/Black_Rot/train_63_1ac53f1b-5d2c-4f6a-b4fe-dccd5dad551f___FAM_B.Rot 3046_flipLR.JPG,Black_Rot,Balanced_Final_Split/Balanced_Final_Split/test/Black_Rot/test_63_1ac53f1b-5d2c-4f6a-b4fe-dccd5dad551f___FAM_B.Rot 3046_flipLR.JPG,Black_Rot,false
e02c418d3250531bcb8b8420a17212fd0b665ce686a65b22a8389fd4c45d6429,Balanced_Final_Split/Balanced_Final_Split/train/Black_Rot/train_64_3e3a84bc-ec5a-495a-9687-f5b1aa0b5836___FAM_B.Rot 3322.JPG,Black_Rot,Balanced_Final_Split/Balanced_Final_Split/test/Black_Rot/test_64_3e3a84bc-ec5a-495a-9687-f5b1aa0b5836___FAM_B.Rot 3322.JPG,Black_Rot,false
d01ba27cbc3d82e501e014a74757e0ce7b379ad35b740fdfe5d28f7fca7f9b53,Balanced_Final_Split/Balanced_Final_Split/train/Black_Rot/train_65_0a06c482-c94a-44d8-a895-be6fe17b8c06___FAM_B.Rot 5019_flipLR.JPG,Black_Rot,Balanced_Final_Split/Balanced_Final_Split/test/Black_Rot/test_65_0a06c482-c94a-44d8-a895-be6fe17b8c06___FAM_B.Rot 5019_flipLR.JPG,Black_Rot,false
e5045e55deb6066792a76d36ab136799a17a7bbe17cedf40f9bc52534e6e5e3b,Balanced_Final_Split/Balanced_Final_Split/train/Black_Rot/train_66_3b4326e8-734a-4f55-80b4-284e86d9c7c9___FAM_B.Rot 0332.JPG,Black_Rot,Balanced_Final_Split/Balanced_Final_Split/test/Black_Rot/test_66_3b4326e8-734a-4f55-80b4-284e86d9c7c9___FAM_B.Rot 0332.JPG,Black_Rot,false
c745c31cbed0e183235d8a6da7f90012d6b090606b497873ed2fc86353e19077,Balanced_Final_Split/Balanced_Final_Split/train/Black_Rot/train_67_2b89af9b-90fc-406a-90af-7fbd25566267___FAM_B.Rot 3616_flipLR.JPG,Black_Rot,Balanced_Final_Split/Balanced_Final_Split/test/Black_Rot/test_67_2b89af9b-90fc-406a-90af-7fbd25566267___FAM_B.Rot 3616_flipLR.JPG,Black_Rot,false
6aacf789afb64ddb203d5f4b656f2c31d236880d9563d1e13dce3c6e1c06fe79,Balanced_Final_Split/Balanced_Final_Split/train/Black_Rot/train_68_2b6ed613-e216-43ac-b518-ee54873b21e3___FAM_B.Rot 0639.JPG,Black_Rot,Balanced_Final_Split/Balanced_Final_Split/test/Black_Rot/test_68_2b6ed613-e216-43ac-b518-ee54873b21e3___FAM_B.Rot 0639.JPG,Black_Rot,false
e8b9bdea50c42a60be1445b84290a41d952b89217427cea43f7ee89eb0bf44d5,Balanced_Final_Split/Balanced_Final_Split/train/Black_Rot/train_69_2b4fc052-eda7-442d-af57-82e8d9913a45___FAM_B.Rot 3105.JPG,Black_Rot,Balanced_Final_Split/Balanced_Final_Split/test/Black_Rot/test_69_2b4fc052-eda7-442d-af57-82e8d9913a45___FAM_B.Rot 3105.JPG,Black_Rot,false
67d49ebd7bec63d599cc28fbb8febd7e7be823f41f0a334e91a480161f482ede,Balanced_Final_Split/Balanced_Final_Split/train/Black_Rot/train_6_3f70c9d3-cf8a-43c3-87e3-c7a788579e7a___FAM_B.Rot 3534.JPG,Black_Rot,Balanced_Final_Split/Balanced_Final_Split/test/Black_Rot/test_6_3f70c9d3-cf8a-43c3-87e3-c7a788579e7a___FAM_B.Rot 3534.JPG,Black_Rot,false
542df382b3b7daa5b557319efc741f0ac7467a4fba9c98443113d8b4fd34ee06,Balanced_Final_Split/Balanced_Final_Split/train/Black_Rot/train_70_5b6b8d75-4b0a-44fb-90a5-0be2f002171d___FAM_B.Rot 0597_flipLR.JPG,Black_Rot,Balanced_Final_Split/Balanced_Final_Split/test/Black_Rot/test_70_5b6b8d75-4b0a-44fb-90a5-0be2f002171d___FAM_B.Rot 0597_flipLR.JPG,Black_Rot,false
e6cfb2c56454c8eb3cf7f06d53d7fc0206d033314c1e03b3912415a9a443cb00,Balanced_Final_Split/Balanced_Final_Split/train/Black_Rot/train_71_3e061aca-cb0c-4cd5-99a2-ea33ecea117c___FAM_B.Rot 3380.JPG,Black_Rot,Balanced_Final_Split/Balanced_Final_Split/test/Black_Rot/test_71_3e061aca-cb0c-4cd5-99a2-ea33ecea117c___FAM_B.Rot 3380.JPG,Black_Rot,false
d9adefa16a66ce4d0abf47b915573876266b5fcff45f6fe247112553504bd139,Balanced_Final_Split/Balanced_Final_Split/train/Black_Rot/train_72_02c0e019-97c2-48f5-ac40-90b8789e6288___FAM_B.Rot 0753.JPG,Black_Rot,Balanced_Final_Split/Balanced_Final_Split/test/Black_Rot/test_72_02c0e019-97c2-48f5-ac40-90b8789e6288___FAM_B.Rot 0753.JPG,Black_Rot,false
c391046b717ec833d679f40f01e0dc3a384c419548905e973e15f5bdcd2934e5,Balanced_Final_Split/Balanced_Final_Split/train/Black_Rot/train_73_0ff1ecfd-d94e-4459-b74e-47b82900a0aa___FAM_B.Rot 0329.JPG,Black_Rot,Balanced_Final_Split/Balanced_Final_Split/test/Black_Rot/test_73_0ff1ecfd-d94e-4459-b74e-47b82900a0aa___FAM_B.Rot 0329.JPG,Black_Rot,false
2042b79e4124474950649cb804ea9e594e3dc2c14311927084e200ad868e31ee,Balanced_Final_Split/Balanced_Final_Split/train/Black_Rot/train_74_4fa15c09-e065-4687-8a17-89dd047b76a5___FAM_B.Rot 3025_flipLR.JPG,Black_Rot,Balanced_Final_Split/Balanced_Final_Split/test/Black_Rot/test_74_4fa15c09-e065-4687-8a17-89dd047b76a5___FAM_B.Rot 3025_flipLR.JPG,Black_Rot,false
6d0264cd1d98ee02053870b3848f244d8f98516226f6129e154ac9463e5f0e43,Balanced_Final_Split/Balanced_Final_Split/train/Black_Rot/train_75_5c9c6671-580c-47a8-9dda-348dd6b03a78___FAM_B.Rot 3010_flipLR.JPG,Black_Rot,Balanced_Final_Split/Balanced_Final_Split/test/Black_Rot/test_75_5c9c6671-580c-47a8-9dda-348dd6b03a78___FAM_B.Rot 3010_flipLR.JPG,Black_Rot,false
06f678ae4cdfd682afbb8968b14e7d2ee67f32b87d7f7257aa5503c2fe6e1a03,Balanced_Final_Split/Balanced_Final_Split/train/Black_Rot/train_76_04bd87b8-f596-4ccc-a9c9-6af129535edc___FAM_B.Rot 0578.JPG,Black_Rot,Balanced_Final_Split/Balanced_Final_Split/test/Black_Rot/test_76_04bd87b8-f596-4ccc-a9c9-6af129535edc___FAM_B.Rot 0578.JPG,Black_Rot,false
40aab5530f6a431c8d9ff10948c46cefae43c3536d9468ec54936cd9b60e9ea4,Balanced_Final_Split/Balanced_Final_Split/train/Black_Rot/train_77_0f436459-1783-4ccd-87ec-0e5aff478fbc___FAM_B.Rot 3062_flipLR.JPG,Black_Rot,Balanced_Final_Split/Balanced_Final_Split/test/Black_Rot/test_77_0f436459-1783-4ccd-87ec-0e5aff478fbc___FAM_B.Rot 3062_flipLR.JPG,Black_Rot,false
5350d17f0d8db874855f0c0b344188d565b1cc5afc9486ba2e35568856e4ee8f,Balanced_Final_Split/Balanced_Final_Split/train/Black_Rot/train_78_3b905cf5-c442-4d50-bb83-3caf6142d726___FAM_B.Rot 2995_flipLR.JPG,Black_Rot,Balanced_Final_Split/Balanced_Final_Split/test/Black_Rot/test_78_3b905cf5-c442-4d50-bb83-3caf6142d726___FAM_B.Rot 2995_flipLR.JPG,Black_Rot,false
2b0c8f682ce0c9b87e2483c5fb4cdcab63e879732129997b5082b1028837d6d6,Balanced_Final_Split/Balanced_Final_Split/train/Black_Rot/train_79_1be11ac2-41f6-43a9-9fc3-a673ae539757___FAM_B.Rot 0656.JPG,Black_Rot,Balanced_Final_Split/Balanced_Final_Split/test/Black_Rot/test_79_1be11ac2-41f6-43a9-9fc3-a673ae539757___FAM_B.Rot 0656.JPG,Black_Rot,false
8fb4f6dc7d6d98bd3286fa99cac59fec7ef2efb829008b394f0514c52da5667b,Balanced_Final_Split/Balanced_Final_Split/train/Black_Rot/train_7_2aca8f4c-4538-459d-8b6e-c84dfa0baa58___FAM_B.Rot 3247_flipLR.JPG,Black_Rot,Balanced_Final_Split/Balanced_Final_Split/test/Black_Rot/test_7_2aca8f4c-4538-459d-8b6e-c84dfa0baa58___FAM_B.Rot 3247_flipLR.JPG,Black_Rot,false
932720bcefd518791292b3dce2233fecc65063b70b1de5b19ed8021d7d2a6cbf,Balanced_Final_Split/Balanced_Final_Split/train/Black_Rot/train_80_3a5abb6b-36b3-416f-b511-aa0b7fb5eda6___FAM_B.Rot 3124_flipLR.JPG,Black_Rot,Balanced_Final_Split/Balanced_Final_Split/test/Black_Rot/test_80_3a5abb6b-36b3-416f-b511-aa0b7fb5eda6___FAM_B.Rot 3124_flipLR.JPG,Black_Rot,false
f5258c300acfe547ecf7f62fa91f870c6449e10d23e2e9217cba73ed602e4ad7,Balanced_Final_Split/Balanced_Final_Split/train/Black_Rot/train_81_2aaa0d89-c8cd-458c-9419-cbe916c1b4da___FAM_B.Rot 0403.JPG,Black_Rot,Balanced_Final_Split/Balanced_Final_Split/test/Black_Rot/test_81_2aaa0d89-c8cd-458c-9419-cbe916c1b4da___FAM_B.Rot 0403.JPG,Black_Rot,false
fe3f24ce56941b6aa1dd6162e822d65f36f260b3610432c5070089735e6bed48,Balanced_Final_Split/Balanced_Final_Split/train/Black_Rot/train_82_3b646501-0c1f-4f1b-889e-26a4a31d03f7___FAM_B.Rot 5084.JPG,Black_Rot,Balanced_Final_Split/Balanced_Final_Split/test/Black_Rot/test_82_3b646501-0c1f-4f1b-889e-26a4a31d03f7___FAM_B.Rot 5084.JPG,Black_Rot,false
881523469d109213eba2f33d2488c9bbfe651529baca5f9043d42b2c4a847439,Balanced_Final_Split/Balanced_Final_Split/train/Black_Rot/train_83_4d8eb211-0ad4-4cac-be0a-56d5d0ad9d8e___FAM_B.Rot 3008_flipLR.JPG,Black_Rot,Balanced_Final_Split/Balanced_Final_Split/test/Black_Rot/test_83_4d8eb211-0ad4-4cac-be0a-56d5d0ad9d8e___FAM_B.Rot 3008_flipLR.JPG,Black_Rot,false
9426fbbb32032e1008f8d366bf557a2e0326904e348821ebf9c52c737f2d036c,Balanced_Final_Split/Balanced_Final_Split/train/Black_Rot/train_84_4d809b95-8d11-444a-ac84-e5e327c843b1___FAM_B.Rot 3584.JPG,Black_Rot,Balanced_Final_Split/Balanced_Final_Split/test/Black_Rot/test_84_4d809b95-8d11-444a-ac84-e5e327c843b1___FAM_B.Rot 3584.JPG,Black_Rot,false
d5b85bb51371e73fdb9dbd504d0b60bc8b0a8f132bc8f2158bb5ec9d78ba50b7,Balanced_Final_Split/Balanced_Final_Split/train/Black_Rot/train_85_1b332769-d8c9-4f5b-b21e-171fcc9f939b___FAM_B.Rot 0640_flipLR.JPG,Black_Rot,Balanced_Final_Split/Balanced_Final_Split/test/Black_Rot/test_85_1b332769-d8c9-4f5b-b21e-171fcc9f939b___FAM_B.Rot 0640_flipLR.JPG,Black_Rot,false
58e19801085b66d6d3db95c6f007edbd82357bc7c0aadd292415ea8867ace2df,Balanced_Final_Split/Balanced_Final_Split/train/Black_Rot/train_86_1e828732-ed86-4741-b9e5-2e7c3785c1ff___FAM_B.Rot 3015_flipLR.JPG,Black_Rot,Balanced_Final_Split/Balanced_Final_Split/test/Black_Rot/test_86_1e828732-ed86-4741-b9e5-2e7c3785c1ff___FAM_B.Rot 3015_flipLR.JPG,Black_Rot,false
a441d94ca01037078f3e8d88f64eb6943b0792bf9f6274d5108ae0535c42ee08,Balanced_Final_Split/Balanced_Final_Split/train/Black_Rot/train_87_4b0efd47-1736-40e8-844f-077a0cf12294___FAM_B.Rot 5104_flipLR.JPG,Black_Rot,Balanced_Final_Split/Balanced_Final_Split/test/Black_Rot/test_87_4b0efd47-1736-40e8-844f-077a0cf12294___FAM_B.Rot 5104_flipLR.JPG,Black_Rot,false
bf030ee14720b4d5bf9029ef616e29d4249f2d67dea00ffab0ad7d03e53fa50f,Balanced_Final_Split/Balanced_Final_Split/train/Black_Rot/train_88_0abb363c-2365-4816-a6c4-ce4bac6ffc38___FAM_B.Rot 3122_flipLR.JPG,Black_Rot,Balanced_Final_Split/Balanced_Final_Split/test/Black_Rot/test_88_0abb363c-2365-4816-a6c4-ce4bac6ffc38___FAM_B.Rot 3122_flipLR.JPG,Black_Rot,false
4efdc1ee6db33ecba2b7942c90b9815c0e0ab4b9e0c55ab3cd286ad0221c7c74,Balanced_Final_Split/Balanced_Final_Split/train/Black_Rot/train_89_4c6fe690-8921-42ea-ab54-06bcc21de388___FAM_B.Rot 0505.JPG,Black_Rot,Balanced_Final_Split/Balanced_Final_Split/test/Black_Rot/test_89_4c6fe690-8921-42ea-ab54-06bcc21de388___FAM_B.Rot 0505.JPG,Black_Rot,false
267b008f2b8dfff51408b18319c34e8754c04434264afe7b9cec667de09be2f5,Balanced_Final_Split/Balanced_Final_Split/train/Black_Rot/train_8_5ce9d6df-162c-4488-9b80-eadfcbd1d02c___FAM_B.Rot 0563_flipLR.JPG,Black_Rot,Balanced_Final_Split/Balanced_Final_Split/test/Black_Rot/test_8_5ce9d6df-162c-4488-9b80-eadfcbd1d02c___FAM_B.Rot 0563_flipLR.JPG,Black_Rot,false
1ebf036c808fec382ba7c8d9a8240c3d4af313311f30c4470113af7ae3429af8,Balanced_Final_Split/Balanced_Final_Split/train/Black_Rot/train_90_5feef803-3c0a-4dd9-87dd-7705c42b105c___FAM_B.Rot 0642.JPG,Black_Rot,Balanced_Final_Split/Balanced_Final_Split/test/Black_Rot/test_90_5feef803-3c0a-4dd9-87dd-7705c42b105c___FAM_B.Rot 0642.JPG,Black_Rot,false
9d8d825901ab3e603f41ea6ba5f5e7c0d68c25d120570760c8ce1dcd9b1b984e,Balanced_Final_Split/Balanced_Final_Split/train/Black_Rot/train_91_4dfc3e8c-396e-45d0-a023-b05af824cf4b___FAM_B.Rot 3624_flipLR.JPG,Black_Rot,Balanced_Final_Split/Balanced_Final_Split/test/Black_Rot/test_91_4dfc3e8c-396e-45d0-a023-b05af824cf4b___FAM_B.Rot 3624_flipLR.JPG,Black_Rot,false
3b05c86b6163524928e102374cc860df3b21f72b4f03cd2766f6ac665635f5fb,Balanced_Final_Split/Balanced_Final_Split/train/Black_Rot/train_92_4a0e8241-b8c4-4e01-ab1b-7b8ff77f4b6f___FAM_B.Rot 3118_flipLR.JPG,Black_Rot,Balanced_Final_Split/Balanced_Final_Split/test/Black_Rot/test_92_4a0e8241-b8c4-4e01-ab1b-7b8ff77f4b6f___FAM_B.Rot 3118_flipLR.JPG,Black_Rot,false
daf493b2c3332a0611d7cbc436c63ba9ee8384c876de84a7c458d1e255961738,Balanced_Final_Split/Balanced_Final_Split/train/Black_Rot/train_93_3c39d9d4-3dcd-4aa5-a550-4389ce02296e___FAM_B.Rot 0606.JPG,Black_Rot,Balanced_Final_Split/Balanced_Final_Split/test/Black_Rot/test_93_3c39d9d4-3dcd-4aa5-a550-4389ce02296e___FAM_B.Rot 0606.JPG,Black_Rot,false
4901d1397ddeea6d081944294bccc07efafc0c874c9586d3a2ea8754d1eff57d,Balanced_Final_Split/Balanced_Final_Split/train/Black_Rot/train_94_3bb9a09d-433c-4245-b0a8-7fc8d96d4090___FAM_B.Rot 0720.JPG,Black_Rot,Balanced_Final_Split/Balanced_Final_Split/test/Black_Rot/test_94_3bb9a09d-433c-4245-b0a8-7fc8d96d4090___FAM_B.Rot 0720.JPG,Black_Rot,false
3a4bf8113873eeb48ef935ab93203f6013e37e865c52eefe2ffe4bfa5985097a,Balanced_Final_Split/Balanced_Final_Split/train/Black_Rot/train_95_1cf4f8fe-a820-4f3d-b69b-795e57e03a65___FAM_B.Rot 3438.JPG,Black_Rot,Balanced_Final_Split/Balanced_Final_Split/test/Black_Rot/test_95_1cf4f8fe-a820-4f3d-b69b-795e57e03a65___FAM_B.Rot 3438.JPG,Black_Rot,false
bb74b0acaaacfd5e77ec2aadb4997d8690c943da0ebcb07e7253e2803cd03ed6,Balanced_Final_Split/Balanced_Final_Split/train/Black_Rot/train_96_1cb9fa90-804f-4b63-9cf7-bab274ab9c5e___FAM_B.Rot 3325.JPG,Black_Rot,Balanced_Final_Split/Balanced_Final_Split/test/Black_Rot/test_96_1cb9fa90-804f-4b63-9cf7-bab274ab9c5e___FAM_B.Rot 3325.JPG,Black_Rot,false
dc7304e39f1554628d578ac2bd899eb57da8b165eff8f65fc230b37a6e67157c,Balanced_Final_Split/Balanced_Final_Split/train/Black_Rot/train_97_6a292305-78bc-4000-ad62-857b4261fec5___FAM_B.Rot 5090_flipLR.JPG,Black_Rot,Balanced_Final_Split/Balanced_Final_Split/test/Black_Rot/test_97_6a292305-78bc-4000-ad62-857b4261fec5___FAM_B.Rot 5090_flipLR.JPG,Black_Rot,false
8b68ba1334e92465d5e95849a0b3a9b5dd9f0bb285565035fd25badfe5c087e9,Balanced_Final_Split/Balanced_Final_Split/train/Black_Rot/train_98_2d73e025-38f5-4d98-8ca9-253d44c922c6___FAM_B.Rot 3232.JPG,Black_Rot,Balanced_Final_Split/Balanced_Final_Split/test/Black_Rot/test_98_2d73e025-38f5-4d98-8ca9-253d44c922c6___FAM_B.Rot 3232.JPG,Black_Rot,false
6c58a913886713513d5e242e27552d286cf7efa6efe2ba5546fddbd21e38b8ef,Balanced_Final_Split/Balanced_Final_Split/train/Black_Rot/train_99_3cbdecf2-1139-457e-ae80-12a504806b78___FAM_B.Rot 3294_flipLR.JPG,Black_Rot,Balanced_Final_Split/Balanced_Final_Split/test/Black_Rot/test_99_3cbdecf2-1139-457e-ae80-12a504806b78___FAM_B.Rot 3294_flipLR.JPG,Black_Rot,false
1c96cd533039cd36fcdac70c1a7a920b76e184ca4a658cf5815bf92ee639cdde,Balanced_Final_Split/Balanced_Final_Split/train/Black_Rot/train_9_0baabe1e-b188-4c55-8f61-0f484f90c73b___FAM_B.Rot 3532_flipLR.JPG,Black_Rot,Balanced_Final_Split/Balanced_Final_Split/test/Black_Rot/test_9_0baabe1e-b188-4c55-8f61-0f484f90c73b___FAM_B.Rot 3532_flipLR.JPG,Black_Rot,false
17fcaf5f65b3e72d3c2ec82a0831b373af5558e8a9670243a863c0b5f01b3c8b,Balanced_Final_Split/Balanced_Final_Split/train/DownyMildew/train_0_Downy Mildew_826.jpg,DownyMildew,Balanced_Final_Split/Balanced_Final_Split/test/DownyMildew/test_0_Downy Mildew_826.jpg,DownyMildew,false
7867f81b1e96b827c47c20126387b20e9cad5c3cb0d6daec21c3df697235d369,Balanced_Final_Split/Balanced_Final_Split/train/DownyMildew/train_100_Downey Mildew_51.jpg,DownyMildew,Balanced_Final_Split/Balanced_Final_Split/test/DownyMildew/test_100_Downey Mildew_51.jpg,DownyMildew,false
dca9bd733a21a76d8bf26d842b3ead8cf5a04b1cd09c4a29febd6edd71c50c1a,Balanced_Final_Split/Balanced_Final_Split/train/DownyMildew/train_101_Downy Mildew_765.jpg,DownyMildew,Balanced_Final_Split/Balanced_Final_Split/test/DownyMildew/test_101_Downy Mildew_765.jpg,DownyMildew,false
c6390810849083527412179649d28185a40b75f1f166d006e944acb724747ae8,Balanced_Final_Split/Balanced_Final_Split/train/DownyMildew/train_102_IMG20230107175140.jpg,DownyMildew,Balanced_Final_Split/Balanced_Final_Split/test/DownyMildew/test_102_IMG20230107175140.jpg,DownyMildew,false
33cbb64b4a3bde99d3e1506cf1b9f719692575a9521ead669ee2992602c8f8cc,Balanced_Final_Split/Balanced_Final_Split/train/DownyMildew/train_103_Downy Mildew_891.jpg,DownyMildew,Balanced_Final_Split/Balanced_Final_Split/test/DownyMildew/test_103_Downy Mildew_891.jpg,DownyMildew,false
56f4c546c8ac46f90d67c807e7e2f70df957bb42a1d59caafb94ef53df9d264e,Balanced_Final_Split/Balanced_Final_Split/train/DownyMildew/train_104_Downy Mildew_219.jpg,DownyMildew,Balanced_Final_Split/Balanced_Final_Split/test/DownyMildew/test_104_Downy Mildew_219.jpg,DownyMildew,false
0d13de76f5e9e0565fa7a0b500a964a2e0a95faaf059e0dc46b0254a8cf40b51,Balanced_Final_Split/Balanced_Final_Split/train/DownyMildew/train_105_448.jpg,DownyMildew,Balanced_Final_Split/Balanced_Final_Split/test/DownyMildew/test_105_448.jpg,DownyMildew,false
1152468a9d56fa20ba364fd56c7bf8063278fe8425bbf25b1a4bcf5b057520ce,Balanced_Final_Split/Balanced_Final_Split/train/DownyMildew/train_106_Downy Mildew_223.jpg,DownyMildew,Balanced_Final_Split/Balanced_Final_Split/test/DownyMildew/test_106_Downy Mildew_223.jpg,DownyMildew,false
d0110a78f668eb131dee1d479b7f74d837f5e2c54a512a602246d03f9eb16f52,Balanced_Final_Split/Balanced_Final_Split/train/DownyMildew/train_107_Downy Mildew_509.jpg,DownyMildew,Balanced_Final_Split/Balanced_Final_Split/test/DownyMildew/test_107_Downy Mildew_509.jpg,DownyMildew,false
0a24bbb1ae07f2d94137b52059573a96f575231d78f53eaa6bcbddc96ad13535,Balanced_Final_Split/Balanced_Final_Split/train/DownyMildew/train_108_617.jpg,DownyMildew,Balanced_Final_Split/Balanced_Final_Split/test/DownyMildew/test_108_617.jpg,DownyMildew,false
440e2a84baf0bd616ffc92dec2d9f75b9b1063a2c8f5103c589ff1e571563ca2,Balanced_Final_Split/Balanced_Final_Split/train/DownyMildew/train_109_Downy Mildew_268.jpg,DownyMildew,Balanced_Final_Split/Balanced_Final_Split/test/DownyMildew/test_109_Downy Mildew_268.jpg,DownyMildew,false
71c8d563db382a37db208031f87ddae81cb5f9e6fe624c4c7be8ebe873c9518f,Balanced_Final_Split/Balanced_Final_Split/train/DownyMildew/train_10_Downy Mildew_537.jpg,DownyMildew,Balanced_Final_Split/Balanced_Final_Split/test/DownyMildew/test_10_Downy Mildew_537.jpg,DownyMildew,false
2f17f44d4c6a8faf253ecc0c868ebb2b678f44f17132d5ec6e51f7b3b2a78f23,Balanced_Final_Split/Balanced_Final_Split/train/DownyMildew/train_110_553.jpg,DownyMildew,Balanced_Final_Split/Balanced_Final_Split/test/DownyMildew/test_110_553.jpg,DownyMildew,false
47fd70d3e126eaee3d9ea802d92e016014c8880652171dcd92f6ce3939f4c76d,Balanced_Final_Split/Balanced_Final_Split/train/DownyMildew/train_111_Downy Mildew_692.jpg,DownyMildew,Balanced_Final_Split/Balanced_Final_Split/test/DownyMildew/test_111_Downy Mildew_692.jpg,DownyMildew,false
2d2ac0a5aa014c44af65434d2d23ef62e876d0727c7b8be232d06a1fa93cf8b9,Balanced_Final_Split/Balanced_Final_Split/train/DownyMildew/train_112_IMG20230107175044.jpg,DownyMildew,Balanced_Final_Split/Balanced_Final_Split/test/DownyMildew/test_112_IMG20230107175044.jpg,DownyMildew,false
1f8c66ff3271ecf9754ebe7acf13b4fba7ebbb47010eca249257a81b3edaedaa,Balanced_Final_Split/Balanced_Final_Split/train/DownyMildew/train_113_IMG20230107180406.jpg,DownyMildew,Balanced_Final_Split/Balanced_Final_Split/test/DownyMildew/test_113_IMG20230107180406.jpg,DownyMildew,false
c4c75832cdf69985c7dd77373a1b645f9e8db15f6edf724925715915b5f5ab3d,Balanced_Final_Split/Balanced_Final_Split/train/DownyMildew/train_114_Downy Mildew_413.jpg,DownyMildew,Balanced_Final_Split/Balanced_Final_Split/test/DownyMildew/test_114_Downy Mildew_413.jpg,DownyMildew,false
46558e3c3d28d2c14ca3049ab8536b04faff877d9c30ae3e12c83cbe9be55cf1,Balanced_Final_Split/Balanced_Final_Split/train/DownyMildew/train_115_90.jpg,DownyMildew,Balanced_Final_Split/Balanced_Final_Split/test/DownyMildew/test_115_90.jpg,DownyMildew,false
cb4067c4aa705abbd559f642cb2bc9b218e1d4a91d2d0bdb5680510b320302e8,Balanced_Final_Split/Balanced_Final_Split/train/DownyMildew/train_116_IMG20230107175706.jpg,DownyMildew,Balanced_Final_Split/Balanced_Final_Split/test/DownyMildew/test_116_IMG20230107175706.jpg,DownyMildew,false
f848f279b187a2a2e248970f12b93633c6ab260e59e3dc8ce01e8e68f45ecd83,Balanced_Final_Split/Balanced_Final_Split/train/DownyMildew/train_117_Downey Mildew_200.jpg,DownyMildew,Balanced_Final_Split/Balanced_Final_Split/test/DownyMildew/test_117_Downey Mildew_200.jpg,DownyMildew,false
e0b97d467e2cddf710c5dcd67a637b4342869b4355e3bfcb899b9e301d725a86,Balanced_Final_Split/Balanced_Final_Split/train/DownyMildew/train_118_Downey Mildew_363.jpg,DownyMildew,Balanced_Final_Split/Balanced_Final_Split/test/DownyMildew/test_118_Downey Mildew_363.jpg,DownyMildew,false
99f68240d340981abbf42ff9fd95588876351354068cbdace7b02c8eee611c4b,Balanced_Final_Split/Balanced_Final_Split/train/DownyMildew/train_119_119.jpg,DownyMildew,Balanced_Final_Split/Balanced_Final_Split/test/DownyMildew/test_119_119.jpg,DownyMildew,false
3317391b8607456988123b694bc8eef12031c35c90e0eeba07e621cc60023d7a,Balanced_Final_Split/Balanced_Final_Split/train/DownyMildew/train_11_Downy Mildew_102.jpg,DownyMildew,Balanced_Final_Split/Balanced_Final_Split/test/DownyMildew/test_11_Downy Mildew_102.jpg,DownyMildew,false
15797c6b2b838da5922eb849c495d3caa89697fd13958202d92e8375879bcba9,Balanced_Final_Split/Balanced_Final_Split/train/DownyMildew/train_120_556.jpg,DownyMildew,Balanced_Final_Split/Balanced_Final_Split/test/DownyMildew/test_120_556.jpg,DownyMildew,false
4702bbc4b7167f0f98a6fd138536669e0bdbc92cee80884108c0032d3f8ce555,Balanced_Final_Split/Balanced_Final_Split/train/DownyMildew/train_121_346.jpg,DownyMildew,Balanced_Final_Split/Balanced_Final_Split/test/DownyMildew/test_121_346.jpg,DownyMildew,false
9219cddb9f93cf6ed499257044087ec0e0cb6c146fc77a096ef030ec768a1fec,Balanced_Final_Split/Balanced_Final_Split/train/DownyMildew/train_122_470.jpg,DownyMildew,Balanced_Final_Split/Balanced_Final_Split/test/DownyMildew/test_122_470.jpg,DownyMildew,false
36ed60ca2f9c8c09747c55915a1c202f00d689dde51cc00c07bcd26b98213e3e,Balanced_Final_Split/Balanced_Final_Split/train/DownyMildew/train_123_154.jpg,DownyMildew,Balanced_Final_Split/Balanced_Final_Split/test/DownyMildew/test_123_154.jpg,DownyMildew,false
2d2e19f56183a36b8a080d7001d58ec02572311b4620e4474a2df991c8d9279a,Balanced_Final_Split/Balanced_Final_Split/train/DownyMildew/train_124_Downy Mildew_443.jpg,DownyMildew,Balanced_Final_Split/Balanced_Final_Split/test/DownyMildew/test_124_Downy Mildew_443.jpg,DownyMildew,false
84c3461f348aba7a7aca032081dbef4770d10aac0037b1cc3d5f00c3303a3649,Balanced_Final_Split/Balanced_Final_Split/train/DownyMildew/train_125_IMG20230107174654.jpg,DownyMildew,Balanced_Final_Split/Balanced_Final_Split/test/DownyMildew/test_125_IMG20230107174654.jpg,DownyMildew,false
43ee8f2577886c9e601195ca2d5a34f2097680e79097f0590e15c63918774666,Balanced_Final_Split/Balanced_Final_Split/train/DownyMildew/train_126_IMG20230107174929.jpg,DownyMildew,Balanced_Final_Split/Balanced_Final_Split/test/DownyMildew/test_126_IMG20230107174929.jpg,DownyMildew,false
239c68efeb104883d3840f394158fd0d14282d2acbc352d5993fb3a6519c3bd5,Balanced_Final_Split/Balanced_Final_Split/train/DownyMildew/train_127_Downey Mildew_233.jpg,DownyMildew,Balanced_Final_Split/Balanced_Final_Split/test/DownyMildew/test_127_Downey Mildew_233.jpg,DownyMildew,false
6e48a19699a32c3020ed1cd0fb91d99e18a60787d4068cf6c9c047a85abd7041,Balanced_Final_Split/Balanced_Final_Split/train/DownyMildew/train_128_Downey Mildew_44.jpg,DownyMildew,Balanced_Final_Split/Balanced_Final_Split/test/DownyMildew/test_128_Downey Mildew_44.jpg,DownyMildew,false
3335f12c65c006057fd202434d17bd11babdebe07002de3feab7757d7167fafc,Balanced_Final_Split/Balanced_Final_Split/train/DownyMildew/train_129_Downey Mildew_197.jpg,DownyMildew,Balanced_Final_Split/Balanced_Final_Split/test/DownyMildew/test_129_Downey Mildew_197.jpg,DownyMildew,false
3dda3d49f98699d57a6e054867d4ca59a866f95d95032380c5dfe929da64be1b,Balanced_Final_Split/Balanced_Final_Split/train/DownyMildew/train_12_Downey Mildew_298.jpg,DownyMildew,Balanced_Final_Split/Balanced_Final_Split/test/DownyMildew/test_12_Downey Mildew_298.jpg,DownyMildew,false
1b150e2222fa2bfd07963a5cd4556dcf7e6820266af99a3d2d23bbc7673478ce,Balanced_Final_Split/Balanced_Final_Split/train/DownyMildew/train_130_Downy Mildew_621.jpg,DownyMildew,Balanced_Final_Split/Balanced_Final_Split/test/DownyMildew/test_130_Downy Mildew_621.jpg,DownyMildew,false
b54f6fd6b27eeaf7c8206a8a5947e63afdf7200ba5c54cea658db66aa8343b5f,Balanced_Final_Split/Balanced_Final_Split/train/DownyMildew/train_131_Downy Mildew_613.jpg,DownyMildew,Balanced_Final_Split/Balanced_Final_Split/test/DownyMildew/test_131_Downy Mildew_613.jpg,DownyMildew,false
7d86501ccbca15039013bea217c502e68b60639fe11d87ccae8ee6314bfdb7e1,Balanced_Final_Split/Balanced_Final_Split/train/DownyMildew/train_132_IMG20230107175326.jpg,DownyMildew,Balanced_Final_Split/Balanced_Final_Split/test/DownyMildew/test_132_IMG20230107175326.jpg,DownyMildew,false
187be02a6600db60691fc63752523441ea0455d7b205fc809dd36eee5aaa0bda,Balanced_Final_Split/Balanced_Final_Split/train/DownyMildew/train_133_Downey Mildew_376.jpg,DownyMildew,Balanced_Final_Split/Balanced_Final_Split/test/DownyMildew/test_133_Downey Mildew_376.jpg,DownyMildew,false
0aae0c77f31e6d4e88d2dcf5b81913859fda26f5f26db505388d5a38eb1a0fb0,Balanced_Final_Split/Balanced_Final_Split/train/DownyMildew/train_134_IMG20230107180249.jpg,DownyMildew,Balanced_Final_Split/Balanced_Final_Split/test/DownyMildew/test_134_IMG20230107180249.jpg,DownyMildew,false
34126362ad495bfe164708c3c735f7c03610bff501bfb9c42910a623ce1c5cbd,Balanced_Final_Split/Balanced_Final_Split/train/DownyMildew/train_135_264.jpg,DownyMildew,Balanced_Final_Split/Balanced_Final_Split/test/DownyMildew/test_135_264.jpg,DownyMildew,false
2ad7a38453e4cb0410fcddad3e26297cbdcda21fc8ee70a7c3d28bbaf7f1fbfe,Balanced_Final_Split/Balanced_Final_Split/train/DownyMildew/train_136_386.jpg,DownyMildew,Balanced_Final_Split/Balanced_Final_Split/test/DownyMildew/test_136_386.jpg,DownyMildew,false
be6b089346473819421a10302952298bc40d7a5985764b2837fa82685e88ea18,Balanced_Final_Split/Balanced_Final_Split/train/DownyMildew/train_137_Downy Mildew_749.jpg,DownyMildew,Balanced_Final_Split/Balanced_Final_Split/test/DownyMildew/test_137_Downy Mildew_749.jpg,DownyMildew,false
e2ba1ef2032604e01c04dd42543dec60d3bec13e99c082b88b9284465992c84d,Balanced_Final_Split/Balanced_Final_Split/train/DownyMildew/train_138_20.jpg,DownyMildew,Balanced_Final_Split/Balanced_Final_Split/test/DownyMildew/test_138_20.jpg,DownyMildew,false
c6ad78f7e74f7a665323f7c44be2644279c935e9da248ea97ccd061382eb97d2,Balanced_Final_Split/Balanced_Final_Split/train/DownyMildew/train_139_Downy Mildew_619.jpg,DownyMildew,Balanced_Final_Split/Balanced_Final_Split/test/DownyMildew/test_139_Downy Mildew_619.jpg,DownyMildew,false
b88cf89515a4023105acc2a065dc22f86020dd2440b08ceed856f3759399e24e,Balanced_Final_Split/Balanced_Final_Split/train/DownyMildew/train_13_224.jpg,DownyMildew,Balanced_Final_Split/Balanced_Final_Split/test/DownyMildew/test_13_224.jpg,DownyMildew,false
b44a6550725f3a0508571b420ce6502acd2b996012111806640e887e6013bacd,Balanced_Final_Split/Balanced_Final_Split/train/DownyMildew/train_140_Downy Mildew_339.jpg,DownyMildew,Balanced_Final_Split/Balanced_Final_Split/test/DownyMildew/test_140_Downy Mildew_339.jpg,DownyMildew,false
c3bef5c2b1f3b97a7d64314130559d879ae0ca44438c50e97c2610f57d92df56,Balanced_Final_Split/Balanced_Final_Split/train/DownyMildew/train_141_IMG20230107180045.jpg,DownyMildew,Balanced_Final_Split/Balanced_Final_Split/test/DownyMildew/test_141_IMG20230107180045.jpg,DownyMildew,false
413d805b6d72200c875386f20acac4bef024369bff8e89f7a321a85400953cab,Balanced_Final_Split/Balanced_Final_Split/train/DownyMildew/train_142_Downey Mildew_231.jpg,DownyMildew,Balanced_Final_Split/Balanced_Final_Split/test/DownyMildew/test_142_Downey Mildew_231.jpg,DownyMildew,false
6d104a06302477d4654f23cb9974dca4791781374593f553c10334cad26ae41f,Balanced_Final_Split/Balanced_Final_Split/train/DownyMildew/train_143_IMG20230107180243.jpg,DownyMildew,Balanced_Final_Split/Balanced_Final_Split/test/DownyMildew/test_143_IMG20230107180243.jpg,DownyMildew,false
c93132ab6772023d7795e43cb273393487b9cb6fc9d483268005444790c51ca5,Balanced_Final_Split/Balanced_Final_Split/train/DownyMildew/train_144_Downy Mildew_930.jpg,DownyMildew,Balanced_Final_Split/Balanced_Final_Split/test/DownyMildew/test_144_Downy Mildew_930.jpg,DownyMildew,false
dad3896bed9ffcaa2b4519c19b10c89032118e6dc317670bad5572091268cedb,Balanced_Final_Split/Balanced_Final_Split/train/DownyMildew/train_145_IMG20230107174558.jpg,DownyMildew,Balanced_Final_Split/Balanced_Final_Split/test/DownyMildew/test_145_IMG20230107174558.jpg,DownyMildew,false
ca60c53b6a1fa5be3c95dac31ea71d7ddcb2ce681de6fee2eb685c9fd9be60f0,Balanced_Final_Split/Balanced_Final_Split/train/DownyMildew/train_146_497.jpg,DownyMildew,Balanced_Final_Split/Balanced_Final_Split/test/DownyMildew/test_146_497.jpg,DownyMildew,false
023abc7f40fa83b7a1b298dbc33ef41d1d8b80acb458063433baf6b8e26e2b93,Balanced_Final_Split/Balanced_Final_Split/train/DownyMildew/train_147_Downy Mildew_383.jpg,DownyMildew,Balanced_Final_Split/Balanced_Final_Split/test/DownyMildew/test_147_Downy Mildew_383.jpg,DownyMildew,false
8ad08f87e86b85974abdca6402894b7d7d05d8ee6793a7457b754fac4a34f3ce,Balanced_Final_Split/Balanced_Final_Split/train/DownyMildew/train_148_Downy Mildew_401.jpg,DownyMildew,Balanced_Final_Split/Balanced_Final_Split/test/DownyMildew/test_148_Downy Mildew_401.jpg,DownyMildew,false
6cbec41e5fa9ff730c72082271f154220db1eaabd1fd66c0f6d2877b69e20fc0,Balanced_Final_Split/Balanced_Final_Split/train/DownyMildew/train_149_Downey Mildew_295.jpg,DownyMildew,Balanced_Final_Split/Balanced_Final_Split/test/DownyMildew/test_149_Downey Mildew_295.jpg,DownyMildew,false
f08f5fe9560828163d94f5693622132bed18698aa725d34ba2bdcfea79856b6c,Balanced_Final_Split/Balanced_Final_Split/train/DownyMildew/train_14_IMG20230107174753.jpg,DownyMildew,Balanced_Final_Split/Balanced_Final_Split/test/DownyMildew/test_14_IMG20230107174753.jpg,DownyMildew,false
eb7091b900c068cdc3301249393e55ddffe6926adbea3f965b1ca334bac00446,Balanced_Final_Split/Balanced_Final_Split/train/DownyMildew/train_150_Downy Mildew_310.jpg,DownyMildew,Balanced_Final_Split/Balanced_Final_Split/test/DownyMildew/test_150_Downy Mildew_310.jpg,DownyMildew,false
2a2cfc07c78e1e57630e72428b46d96dcab525314b3c45e4456f06171f795fee,Balanced_Final_Split/Balanced_Final_Split/train/DownyMildew/train_151_Downy Mildew_354.jpg,DownyMildew,Balanced_Final_Split/Balanced_Final_Split/test/DownyMildew/test_151_Downy Mildew_354.jpg,DownyMildew,false
6c7459d0077926f6187de89955f6fa2a25cdc35e19b90681c599811fec1bead5,Balanced_Final_Split/Balanced_Final_Split/train/DownyMildew/train_152_Downey Mildew_31.jpg,DownyMildew,Balanced_Final_Split/Balanced_Final_Split/test/DownyMildew/test_152_Downey Mildew_31.jpg,DownyMildew,false
b3256f84e3d2c6e293dead98840a90b4474fce788c8bfb657eeb2d7183188e22,Balanced_Final_Split/Balanced_Final_Split/train/DownyMildew/train_153_Downy Mildew_375.jpg,DownyMildew,Balanced_Final_Split/Balanced_Final_Split/test/DownyMildew/test_153_Downy Mildew_375.jpg,DownyMildew,false
f5276bad078e1decbd471c77ed60b919dac137135e3b8e3af0af70f7c6afa65f,Balanced_Final_Split/Balanced_Final_Split/train/DownyMildew/train_154_IMG20230107174233.jpg,DownyMildew,Balanced_Final_Split/Balanced_Final_Split/test/DownyMildew/test_154_IMG20230107174233.jpg,DownyMildew,false
636d168f05da8e698cedd38491679be3f9ada0d280a6d7dc1e95434dce6696b1,Balanced_Final_Split/Balanced_Final_Split/train/DownyMildew/train_155_IMG20230107175436.jpg,DownyMildew,Balanced_Final_Split/Balanced_Final_Split/test/DownyMildew/test_155_IMG20230107175436.jpg,DownyMildew,false
f5636bd0e2843edd28f6f7b1ce9cc88fbd5169d5e99cda99098f4b10a7eef8be,Balanced_Final_Split/Balanced_Final_Split/train/DownyMildew/train_156_IMG20230107180400.jpg,DownyMildew,Balanced_Final_Split/Balanced_Final_Split/test/DownyMildew/test_156_IMG20230107180400.jpg,DownyMildew,false
129d5e443e4819f2ae8f0a88499e643292831fed6c4a42f584c7b3ba5e08e1cd,Balanced_Final_Split/Balanced_Final_Split/train/DownyMildew/train_157_Downey Mildew_118.jpg,DownyMildew,Balanced_Final_Split/Balanced_Final_Split/test/DownyMildew/test_157_Downey Mildew_118.jpg,DownyMildew,false
f66df76686051fdc8b34bead25c430d8f750de5ce680e0c432f8031ed828c090,Balanced_Final_Split/Balanced_Final_Split/train/DownyMildew/train_158_IMG20230104114231.jpg,DownyMildew,Balanced_Final_Split/Balanced_Final_Split/test/DownyMildew/test_158_IMG20230104114231.jpg,DownyMildew,false
a87a724e2af2e41ae8f33e8cf8962e933fa0755135166be991d76a1a7a13c5b9,Balanced_Final_Split/Balanced_Final_Split/train/DownyMildew/train_159_615.jpg,DownyMildew,Balanced_Final_Split/Balanced_Final_Split/test/DownyMildew/test_159_615.jpg,DownyMildew,false
29af573b44d2dacd973e35e82bd79b4cd80f0f6381ad4c9f31fefba008605ed9,Balanced_Final_Split/Balanced_Final_Split/train/DownyMildew/train_15_Downy Mildew_574.jpg,DownyMildew,Balanced_Final_Split/Balanced_Final_Split/test/DownyMildew/test_15_Downy Mildew_574.jpg,DownyMildew,false
ba9b9a0e2c86ad9f22052a5056c198e9f50d7321145fa85005a36da82b932eb5,Balanced_Final_Split/Balanced_Final_Split/train/DownyMildew/train_160_Downy Mildew_392.jpg,DownyMildew,Balanced_Final_Split/Balanced_Final_Split/test/DownyMildew/test_160_Downy Mildew_392.jpg,DownyMildew,false
91cdc208a6e33d1c3817e1c69215cf94cab729dc1a4ec92eaf7ca487b3534d8b,Balanced_Final_Split/Balanced_Final_Split/train/DownyMildew/train_161_418.jpg,DownyMildew,Balanced_Final_Split/Balanced_Final_Split/test/DownyMildew/test_161_418.jpg,DownyMildew,false
7ff6e1830b4b3bf140aec78a5345f2ea0cc7553525358a216095799f5f91e478,Balanced_Final_Split/Balanced_Final_Split/train/DownyMildew/train_162_Downey Mildew_72.jpg,DownyMildew,Balanced_Final_Split/Balanced_Final_Split/test/DownyMildew/test_162_Downey Mildew_72.jpg,DownyMildew,false
a989bea56e34dd385fcbefc01f6bf41b154a757e73ee0f759b8cc40fb186c1bc,Balanced_Final_Split/Balanced_Final_Split/train/DownyMildew/train_163_102.jpg,DownyMildew,Balanced_Final_Split/Balanced_Final_Split/test/DownyMildew/test_163_102.jpg,DownyMildew,false
c30643d502a16158528c0827358771d73518f32f184d0b15d6f580fe3aca953e,Balanced_Final_Split/Balanced_Final_Split/train/DownyMildew/train_164_IMG20230107173013.jpg,DownyMildew,Balanced_Final_Split/Balanced_Final_Split/test/DownyMildew/test_164_IMG20230107173013.jpg,DownyMildew,false
882956cff38294929806b4f5015516a23d258ea68f8e3673fb6ad1da1265b7f8,Balanced_Final_Split/Balanced_Final_Split/train/DownyMildew/train_165_255.jpg,DownyMildew,Balanced_Final_Split/Balanced_Final_Split/test/DownyMildew/test_165_255.jpg,DownyMildew,false
34a171b6c88cb458fb8ed885cc13def68d30aca8c23bca3a642ad83769c4a342,Balanced_Final_Split/Balanced_Final_Split/train/DownyMildew/train_166_Downy Mildew_630.jpg,DownyMildew,Balanced_Final_Split/Balanced_Final_Split/test/DownyMildew/test_166_Downy Mildew_630.jpg,DownyMildew,false
dced2ee668f85d18308bdb2b65c5e2a02bc246ece4e80eb0908568bd92d83786,Balanced_Final_Split/Balanced_Final_Split/train/DownyMildew/train_167_IMG20230107173457.jpg,DownyMildew,Balanced_Final_Split/Balanced_Final_Split/test/DownyMildew/test_167_IMG20230107173457.jpg,DownyMildew,false
71b21c60b66c6bf283565ac330d7399dad4bdaab104f222b7878885c348215d2,Balanced_Final_Split/Balanced_Final_Split/train/DownyMildew/train_168_546.jpg,DownyMildew,Balanced_Final_Split/Balanced_Final_Split/test/DownyMildew/test_168_546.jpg,DownyMildew,false
b28dae91b746523b07888394e548124181dd484d458eed168bc848b399651872,Balanced_Final_Split/Balanced_Final_Split/train/DownyMildew/train_169_Downey Mildew_253.jpg,DownyMildew,Balanced_Final_Split/Balanced_Final_Split/test/DownyMildew/test_169_Downey Mildew_253.jpg,DownyMildew,false
35b4c85cc287c953f1e470ddfd0bff0b39f7e05014bff5f878061ac5e66a75f4,Balanced_Final_Split/Balanced_Final_Split/train/DownyMildew/train_16_Downy Mildew_821.jpg,DownyMildew,Balanced_Final_Split/Balanced_Final_Split/test/DownyMildew/test_16_Downy Mildew_821.jpg,DownyMildew,false
5e1d364834cd6d8d05e4195fb8077c603ddca7c5bae6ee50b7028538199c1d99,Balanced_Final_Split/Balanced_Final_Split/train/DownyMildew/train_170_295.jpg,DownyMildew,Balanced_Final_Split/Balanced_Final_Split/test/DownyMildew/test_170_295.jpg,DownyMildew,false
6ec1e95d7a00a6ec6db3854fc001352c6a2bb958a6abe2956286da06dfc23cee,Balanced_Final_Split/Balanced_Final_Split/train/DownyMildew/train_171_IMG20230107180028.jpg,DownyMildew,Balanced_Final_Split/Balanced_Final_Split/test/DownyMildew/test_171_IMG20230107180028.jpg,DownyMildew,false
d537707ef4611b6d8216798667db0cb90aebf78e14faba163f34491ad8de9d4a,Balanced_Final_Split/Balanced_Final_Split/train/DownyMildew/train_172_Downy Mildew_68.jpg,DownyMildew,Balanced_Final_Split/Balanced_Final_Split/test/DownyMildew/test_172_Downy Mildew_68.jpg,DownyMildew,false
d556223def20a2800add826ad94944b96f59f444d1edda275559884cf42a52bd,Balanced_Final_Split/Balanced_Final_Split/train/DownyMildew/train_173_Downy Mildew_617.jpg,DownyMildew,Balanced_Final_Split/Balanced_Final_Split/test/DownyMildew/test_173_Downy Mildew_617.jpg,DownyMildew,false
1a9a0887a2ab125f69661d2b59f5ef93db43b2ed11dc291b2015f67210b30e6f,Balanced_Final_Split/Balanced_Final_Split/train/DownyMildew/train_174_Downy Mildew_496.jpg,DownyMildew,Balanced_Final_Split/Balanced_Final_Split/test/DownyMildew/test_174_Downy Mildew_496.jpg,DownyMildew,false
2b0da1b54ffe3c3c2a343158df6da2c840e072619f3ce4a2cc421742f6f9f67b,Balanced_Final_Split/Balanced_Final_Split/train/DownyMildew/train_175_IMG20230107180354.jpg,DownyMildew,Balanced_Final_Split/Balanced_Final_Split/test/DownyMildew/test_175_IMG20230107180354.jpg,DownyMildew,false
70ddf1c798349ab445bf65ac98730089fcb32725e645d7f15c3d402a77e52b96,Balanced_Final_Split/Balanced_Final_Split/train/DownyMildew/train_176_Downey Mildew_63.jpg,DownyMildew,Balanced_Final_Split/Balanced_Final_Split/test/DownyMildew/test_176_Downey Mildew_63.jpg,DownyMildew,false
e9b98edc4ca9a49c7e808d70742b43606f36a0fbe083fc35ac950e4cef8bb1c7,Balanced_Final_Split/Balanced_Final_Split/train/DownyMildew/train_177_Downey Mildew_267.jpg,DownyMildew,Balanced_Final_Split/Balanced_Final_Split/test/DownyMildew/test_177_Downey Mildew_267.jpg,DownyMildew,false
57c6e957610ac5a27f590508a669a85dac0b7c98da2e73d4c73fca1f6d06dbd7,Balanced_Final_Split/Balanced_Final_Split/train/DownyMildew/train_178_IMG20230104113844.jpg,DownyMildew,Balanced_Final_Split/Balanced_Final_Split/test/DownyMildew/test_178_IMG20230104113844.jpg,DownyMildew,false
4b7235fe09ac99b01b1879070502367854166ca01e34fb3b94f28c04b41d687c,Balanced_Final_Split/Balanced_Final_Split/train/DownyMildew/train_179_IMG20230107172800.jpg,DownyMildew,Balanced_Final_Split/Balanced_Final_Split/test/DownyMildew/test_179_IMG20230107172800.jpg,DownyMildew,false
97e77f47b931b3487b2a349dd9baee0ea7f85d452c4bc29330da02dabf70e6c9,Balanced_Final_Split/Balanced_Final_Split/train/DownyMildew/train_17_IMG20230107173405.jpg,DownyMildew,Balanced_Final_Split/Balanced_Final_Split/test/DownyMildew/test_17_IMG20230107173405.jpg,DownyMildew,false
5266908721de94db48b969ead349419d8a3ad88bd94cef714e136e7d6f8b30f3,Balanced_Final_Split/Balanced_Final_Split/train/DownyMildew/train_180_Downy Mildew_380.jpg,DownyMildew,Balanced_Final_Split/Balanced_Final_Split/test/DownyMildew/test_180_Downy Mildew_380.jpg,DownyMildew,false
2931cf9eabfa0f02894c27d4dd21f83d17e4ac9eeeefff69250dc55b12cbde4f,Balanced_Final_Split/Balanced_Final_Split/train/DownyMildew/train_181_IMG20230107175417.jpg,DownyMildew,Balanced_Final_Split/Balanced_Final_Split/test/DownyMildew/test_181_IMG20230107175417.jpg,DownyMildew,false
ad6de961660ddb398ffefff27593ad6633c9ffdb16722ddc08b3d1cfcfa7562d,Balanced_Final_Split/Balanced_Final_Split/train/DownyMildew/train_182_Downy Mildew_870.jpg,DownyMildew,Balanced_Final_Split/Balanced_Final_Split/test/DownyMildew/test_182_Downy Mildew_870.jpg,DownyMildew,false
2e48727a9ace1657ceef9ad6d19bf52377a3f161127619a6ba69a43bc1590be1,Balanced_Final_Split/Balanced_Final_Split/train/DownyMildew/train_183_Downy Mildew_192.jpg,DownyMildew,Balanced_Final_Split/Balanced_Final_Split/test/DownyMildew/test_183_Downy Mildew_192.jpg,DownyMildew,false
6584efd33dc46a9264740dda841e789b0fc69272e7a620d42306b4eb93500658,Balanced_Final_Split/Balanced_Final_Split/train/DownyMildew/train_184_Downy Mildew_668.jpg,DownyMildew,Balanced_Final_Split/Balanced_Final_Split/test/DownyMildew/test_184_Downy Mildew_668.jpg,DownyMildew,false
c3636407283259acb03fbea45844833cc2d781994fdcdb43ae6ddf925a603ab1,Balanced_Final_Split/Balanced_Final_Split/train/DownyMildew/train_185_Downy Mildew_215.jpg,DownyMildew,Balanced_Final_Split/Balanced_Final_Split/test/DownyMildew/test_185_Downy Mildew_215.jpg,DownyMildew,false
76619f60c543779ddb220165be4ea8fcedba577b5d0a9d48fe8c19590958c746,Balanced_Final_Split/Balanced_Final_Split/train/DownyMildew/train_186_IMG20230107174454.jpg,DownyMildew,Balanced_Final_Split/Balanced_Final_Split/test/DownyMildew/test_186_IMG20230107174454.jpg,DownyMildew,false
b836edf55db1cb8000155195cf5dd6d457d49c0b2e1f9afb71eecaf376783ed7,Balanced_Final_Split/Balanced_Final_Split/train/DownyMildew/train_187_IMG20230104113905.jpg,DownyMildew,Balanced_Final_Split/Balanced_Final_Split/test/DownyMildew/test_187_IMG20230104113905.jpg,DownyMildew,false
cf345917db670d1f598d9388a1b63a9a2c0e126296cf94a7e0d482ba96d9bd5f,Balanced_Final_Split/Balanced_Final_Split/train/DownyMildew/train_188_263.jpg,DownyMildew,Balanced_Final_Split/Balanced_Final_Split/test/DownyMildew/test_188_263.jpg,DownyMildew,false
d62fb70c4533fb9c9d7e6d1e99f1b4a4af52abcbe365bfd561b286bc259ecdec,Balanced_Final_Split/Balanced_Final_Split/train/DownyMildew/train_189_IMG20230107175359.jpg,DownyMildew,Balanced_Final_Split/Balanced_Final_Split/test/DownyMildew/test_189_IMG20230107175359.jpg,DownyMildew,false
4c73726e284d4df4148855652c2d0580af83d9eeac0a94f5e880d0520d00dbae,Balanced_Final_Split/Balanced_Final_Split/train/DownyMildew/train_18_205.jpg,DownyMildew,Balanced_Final_Split/Balanced_Final_Split/test/DownyMildew/test_18_205.jpg,DownyMildew,false
f17eea0352c0740002a2f944baabd786e5118cc4ca902c495476b119a58f0f50,Balanced_Final_Split/Balanced_Final_Split/train/DownyMildew/train_190_107.jpg,DownyMildew,Balanced_Final_Split/Balanced_Final_Split/test/DownyMildew/test_190_107.jpg,DownyMildew,false
251b3f4eb31f7dbb066575269c125d98b8d214c09d424a75bfe5b83b292bc654,Balanced_Final_Split/Balanced_Final_Split/train/DownyMildew/train_191_493.jpg,DownyMildew,Balanced_Final_Split/Balanced_Final_Split/test/DownyMildew/test_191_493.jpg,DownyMildew,false
104c21f7b76eadceba810db83d4c65e26717abf0d68df0ce7e4bb354dacf2970,Balanced_Final_Split/Balanced_Final_Split/train/DownyMildew/train_192_108.jpg,DownyMildew,Balanced_Final_Split/Balanced_Final_Split/test/DownyMildew/test_192_108.jpg,DownyMildew,false
a4311cae1ee71c974576b4cf28fdb9742b8a0f419eb0ee3fb0f0f1a9d50f7082,Balanced_Final_Split/Balanced_Final_Split/train/DownyMildew/train_193_IMG20230107172808.jpg,DownyMildew,Balanced_Final_Split/Balanced_Final_Split/test/DownyMildew/test_193_IMG20230107172808.jpg,DownyMildew,false
b934bcf799e9156dc5b55cd796cfbf2fb2da165bef01496d48c335159f45b13b,Balanced_Final_Split/Balanced_Final_Split/train/DownyMildew/train_194_Downey Mildew_374.jpg,DownyMildew,Balanced_Final_Split/Balanced_Final_Split/test/DownyMildew/test_194_Downey Mildew_374.jpg,DownyMildew,false
5cf669cf95f0452fb1f458d198e76bb94fb62c599ca8ebc0f3a25418dbee13c9,Balanced_Final_Split/Balanced_Final_Split/train/DownyMildew/train_195_Downy Mildew_69.jpg,DownyMildew,Balanced_Final_Split/Balanced_Final_Split/test/DownyMildew/test_195_Downy Mildew_69.jpg,DownyMildew,false
2918c2eeed7408eaec3ab78e45313de7a46ff7f1909874232eb8ac6b77d44a97,Balanced_Final_Split/Balanced_Final_Split/train/DownyMildew/train_196_Downy Mildew_109.jpg,DownyMildew,Balanced_Final_Split/Balanced_Final_Split/test/DownyMildew/test_196_Downy Mildew_109.jpg,DownyMildew,false
1db15e98a806051ce1ce7dde1ee5809d44711bd82b6dd2843f9b397e16630ec2,Balanced_Final_Split/Balanced_Final_Split/train/DownyMildew/train_197_IMG20230107180425.jpg,DownyMildew,Balanced_Final_Split/Balanced_Final_Split/test/DownyMildew/test_197_IMG20230107180425.jpg,DownyMildew,false
be0e92a02821a4287bbe5917f2c499b34e6806c12e6198927b1fd22cf51e9877,Balanced_Final_Split/Balanced_Final_Split/train/DownyMildew/train_198_131.jpg,DownyMildew,Balanced_Final_Split/Balanced_Final_Split/test/DownyMildew/test_198_131.jpg,DownyMildew,false
9711e61e334592168a23354fefcf953396aaf53a1c8918a83a776621645d7ee3,Balanced_Final_Split/Balanced_Final_Split/train/DownyMildew/train_199_273.jpg,DownyMildew,Balanced_Final_Split/Balanced_Final_Split/test/DownyMildew/test_199_273.jpg,DownyMildew,false
143c79da32f1bcf367ffc8eee2908695f093a750d8e2f23381986edb632630d4,Balanced_Final_Split/Balanced_Final_Split/train/DownyMildew/train_19_166.jpg,DownyMildew,Balanced_Final_Split/Balanced_Final_Split/test/DownyMildew/test_19_166.jpg,DownyMildew,false
ad3942d43b4b8462f3d8d96133fbadcd126a12795cb67ccf342cd38fd3149eb3,Balanced_Final_Split/Balanced_Final_Split/train/DownyMildew/train_1_Downy Mildew_235.jpg,DownyMildew,Balanced_Final_Split/Balanced_Final_Split/test/DownyMildew/test_1_Downy Mildew_235.jpg,DownyMildew,false
3aaa5f200a1ecad2581635815125d0129230d223ffbae64d5c7fdc2ad45d64cc,Balanced_Final_Split/Balanced_Final_Split/train/DownyMildew/train_200_IMG20230107174756.jpg,DownyMildew,Balanced_Final_Split/Balanced_Final_Split/test/DownyMildew/test_200_IMG20230107174756.jpg,DownyMildew,false
9b79699ce6d11d433fadf550a939f7a6b2011d00fc48f1f9edb4a40fa83a8c57,Balanced_Final_Split/Balanced_Final_Split/train/DownyMildew/train_201_Downy Mildew_299.jpg,DownyMildew,Balanced_Final_Split/Balanced_Final_Split/test/DownyMildew/test_201_Downy Mildew_299.jpg,DownyMildew,false
e4b393f8d06ae8f02434e0dec81cee1a793097880474fb80849d7b0f2f77e83f,Balanced_Final_Split/Balanced_Final_Split/train/DownyMildew/train_202_4.jpg,DownyMildew,Balanced_Final_Split/Balanced_Final_Split/test/DownyMildew/test_202_4.jpg,DownyMildew,false
468e29f8907aa308314a6e02d263bb5f2eeb399aedc8c1c1459debc775c4478b,Balanced_Final_Split/Balanced_Final_Split/train/DownyMildew/train_203_Downy Mildew_177.jpg,DownyMildew,Balanced_Final_Split/Balanced_Final_Split/test/DownyMildew/test_203_Downy Mildew_177.jpg,DownyMildew,false
848e8ef7a9307a811b4295bfe230406d00bef1ad7ec6af668c026bf8b132a411,Balanced_Final_Split/Balanced_Final_Split/train/DownyMildew/train_204_Downey Mildew_351.jpg,DownyMildew,Balanced_Final_Split/Balanced_Final_Split/test/DownyMildew/test_204_Downey Mildew_351.jpg,DownyMildew,false
07beb0709d8db295c8f7c2b5dcde190ea2f7292cb13f4195185cbbfc042b2f95,Balanced_Final_Split/Balanced_Final_Split/train/DownyMildew/train_205_41.jpg,DownyMildew,Balanced_Final_Split/Balanced_Final_Split/test/DownyMildew/test_205_41.jpg,DownyMildew,false
5bd58c99bd1eefb392a53f9df01a0f83af44c1e6e1c5407850abbcaf7198598c,Balanced_Final_Split/Balanced_Final_Split/train/DownyMildew/train_206_120.jpg,DownyMildew,Balanced_Final_Split/Balanced_Final_Split/test/DownyMildew/test_206_120.jpg,DownyMildew,false
3021908e566a4d50b33b8173e213eb21d72ec4df7d08787819cbf94ef0c3fa76,Balanced_Final_Split/Balanced_Final_Split/train/DownyMildew/train_207_IMG20230104111102.jpg,DownyMildew,Balanced_Final_Split/Balanced_Final_Split/test/DownyMildew/test_207_IMG20230104111102.jpg,DownyMildew,false
e97b9feb00d716977339d20bf4eea88eb68ef74e1111397a8e3f3788e35d7d43,Balanced_Final_Split/Balanced_Final_Split/train/DownyMildew/train_208_Downy Mildew_798.jpg,DownyMildew,Balanced_Final_Split/Balanced_Final_Split/test/DownyMildew/test_208_Downy Mildew_798.jpg,DownyMildew,false
7f9bd92acabec33eaa5cd74e3414084850570de7d86eca36c9ebe24ec00645da,Balanced_Final_Split/Balanced_Final_Split/train/DownyMildew/train_209_Downy Mildew_322.jpg,DownyMildew,Balanced_Final_Split/Balanced_Final_Split/test/DownyMildew/test_209_Downy Mildew_322.jpg,DownyMildew,false
24528e8b69683a493a1bf312ace3d7c15cbab76ab3caebf4a8c62926f0508eaf,Balanced_Final_Split/Balanced_Final_Split/train/DownyMildew/train_20_250.jpg,DownyMildew,Balanced_Final_Split/Balanced_Final_Split/test/DownyMildew/test_20_250.jpg,DownyMildew,false
4facfe770f4aae5a04314ab43a6204c0d96f4c437f3ec7580701e8615fdc7d10,Balanced_Final_Split/Balanced_Final_Split/train/DownyMildew/train_210_398.jpg,DownyMildew,Balanced_Final_Split/Balanced_Final_Split/test/DownyMildew/test_210_398.jpg,DownyMildew,false
01da61d9006168c443bce6381cdea480595490583534bf309b3b592099fd39ca,Balanced_Final_Split/Balanced_Final_Split/train/DownyMildew/train_211_Downy Mildew_884.jpg,DownyMildew,Balanced_Final_Split/Balanced_Final_Split/test/DownyMildew/test_211_Downy Mildew_884.jpg,DownyMildew,false
8b7ad337f498562dbdaa4e18fc163b5a3f11222786678692f40a7a468dfb5ffe,Balanced_Final_Split/Balanced_Final_Split/train/DownyMildew/train_212_29.jpg,DownyMildew,Balanced_Final_Split/Balanced_Final_Split/test/DownyMildew/test_212_29.jpg,DownyMildew,false
9ca5b798fef5e3d22ac2cff7b799e60cf54412c315effc1d78777fb0c488f93b,Balanced_Final_Split/Balanced_Final_Split/train/DownyMildew/train_213_624.jpg,DownyMildew,Balanced_Final_Split/Balanced_Final_Split/test/DownyMildew/test_213_624.jpg,DownyMildew,false
99c361141a7b80a8f7ae5883b94880e752bc706ba6ff124c69b2375488f47d89,Balanced_Final_Split/Balanced_Final_Split/train/DownyMildew/train_214_IMG20230104114250.jpg,DownyMildew,Balanced_Final_Split/Balanced_Final_Split/test/DownyMildew/test_214_IMG20230104114250.jpg,DownyMildew,false
0816f3cbb0625507ccab1d10d6d6e52bd09c0ebdf60932b9b8c6e67689ba8cb8,Balanced_Final_Split/Balanced_Final_Split/train/DownyMildew/train_215_Downy Mildew_371.jpg,DownyMildew,Balanced_Final_Split/Balanced_Final_Split/test/DownyMildew/test_215_Downy Mildew_371.jpg,DownyMildew,false
3738a67b27a16282702fb590bcd4728ca1f3abeeccbd2ca1dde0e64544f01115,Balanced_Final_Split/Balanced_Final_Split/train/DownyMildew/train_216_Downy Mildew_260.jpg,DownyMildew,Balanced_Final_Split/Balanced_Final_Split/test/DownyMildew/test_216_Downy Mildew_260.jpg,DownyMildew,false
150462a258e0e73cad8bf8878061730e2a3a9495f7421f1a2010e14cbf48e910,Balanced_Final_Split/Balanced_Final_Split/train/DownyMildew/train_217_Downy Mildew_623.jpg,DownyMildew,Balanced_Final_Split/Balanced_Final_Split/test/DownyMildew/test_217_Downy Mildew_623.jpg,DownyMildew,false
ce6e29afce6fbeb8c502bdab0abfa275b06b11f4aba9407affa05a93be5eb75d,Balanced_Final_Split/Balanced_Final_Split/train/DownyMildew/train_218_188.jpg,DownyMildew,Balanced_Final_Split/Balanced_Final_Split/test/DownyMildew/test_218_188.jpg,DownyMildew,false
cc763658152748227ae768cf7d5e1cfc7c6490cf0a599e00d4cb384313ce1c05,Balanced_Final_Split/Balanced_Final_Split/train/DownyMildew/train_219_Downy Mildew_560.jpg,DownyMildew,Balanced_Final_Split/Balanced_Final_Split/test/DownyMildew/test_219_Downy Mildew_560.jpg,DownyMildew,false
940b405613869294eb693cf2868951c790d1e9e7c42bfcf597b19365c89f446e,Balanced_Final_Split/Balanced_Final_Split/train/DownyMildew/train_21_Downy Mildew_536.jpg,DownyMildew,Balanced_Final_Split/Balanced_Final_Split/test/DownyMildew/test_21_Downy Mildew_536.jpg,DownyMildew,false
0f7c14fc6c51915acb1e1235d2c5d76b7950ac9a75c07f26ec91258a322cd7b0,Balanced_Final_Split/Balanced_Final_Split/train/DownyMildew/train_220_IMG20230107172846.jpg,DownyMildew,Balanced_Final_Split/Balanced_Final_Split/test/DownyMildew/test_220_IMG20230107172846.jpg,DownyMildew,false
e59abc48ca12c120fababd2a0c91ab59749974897fcc1723a583e6c589d53414,Balanced_Final_Split/Balanced_Final_Split/train/DownyMildew/train_221_Downey Mildew_55.jpg,DownyMildew,Balanced_Final_Split/Balanced_Final_Split/test/DownyMildew/test_221_Downey Mildew_55.jpg,DownyMildew,false
901647fc04bc9358d0cb560adccafffae54ff565aa575de2cf3a645fb5c4f48e,Balanced_Final_Split/Balanced_Final_Split/train/DownyMildew/train_222_Downy Mildew_281.jpg,DownyMildew,Balanced_Final_Split/Balanced_Final_Split/test/DownyMildew/test_222_Downy Mildew_281.jpg,DownyMildew,false
08dabb9e1cc40a8098991b26e4d852a1a4ecc40eca140015a7ba40e643e5aba4,Balanced_Final_Split/Balanced_Final_Split/train/DownyMildew/train_223_IMG20230104114255.jpg,DownyMildew,Balanced_Final_Split/Balanced_Final_Split/test/DownyMildew/test_223_IMG20230104114255.jpg,DownyMildew,false
2dae33765f4bb73bbe4b03fc6be0f9c51197edb29aa2edac1f85cce36a5526ee,Balanced_Final_Split/Balanced_Final_Split/train/DownyMildew/train_224_228.jpg,DownyMildew,Balanced_Final_Split/Balanced_Final_Split/test/DownyMildew/test_224_228.jpg,DownyMildew,false
a4038d11b190d12afb1a6db40c4a7047447226d16ac5d2926984922c6a0d2c05,Balanced_Final_Split/Balanced_Final_Split/train/DownyMildew/train_225_Downy Mildew_591.jpg,DownyMildew,Balanced_Final_Split/Balanced_Final_Split/test/DownyMildew/test_225_Downy Mildew_591.jpg,DownyMildew,false
a63304f896ac00027731d25924063178c1fd85745a75d99bdf3f2a57b790bf9c,Balanced_Final_Split/Balanced_Final_Split/train/DownyMildew/train_226_IMG20230104112802.jpg,DownyMildew,Balanced_Final_Split/Balanced_Final_Split/test/DownyMildew/test_226_IMG20230104112802.jpg,DownyMildew,false
e6914d1080efaada0942914f3f5473346261ac3beb8a6d5f03d6b13226cf9f9f,Balanced_Final_Split/Balanced_Final_Split/train/DownyMildew/train_227_IMG20230107174921.jpg,DownyMildew,Balanced_Final_Split/Balanced_Final_Split/test/DownyMildew/test_227_IMG20230107174921.jpg,DownyMildew,false
80dc3bb02df55937fbe3837134dbd6050df47a867eef16d546c2be81fa5d2d8d,Balanced_Final_Split/Balanced_Final_Split/train/DownyMildew/train_228_Downy Mildew_906.jpg,DownyMildew,Balanced_Final_Split/Balanced_Final_Split/test/DownyMildew/test_228_Downy Mildew_906.jpg,DownyMildew,false
d5ff51053a664daf05151a404077c7729253a528f0e237793f6805a1d0860ad4,Balanced_Final_Split/Balanced_Final_Split/train/DownyMildew/train_229_375.jpg,DownyMildew,Balanced_Final_Split/Balanced_Final_Split/test/DownyMildew/test_229_375.jpg,DownyMildew,false
1518bd08094f38f0cae70f94285c7b46f679e9a805e52946f7559ca315fbad1b,Balanced_Final_Split/Balanced_Final_Split/train/DownyMildew/train_22_IMG20230107174800.jpg,DownyMildew,Balanced_Final_Split/Balanced_Final_Split/test/DownyMildew/test_22_IMG20230107174800.jpg,DownyMildew,false
5ed8122aad2f10114bcd34dcdd0b0cd876f99a6d3ea8819451292926f08c8dee,Balanced_Final_Split/Balanced_Final_Split/train/DownyMildew/train_230_IMG20230107173345.jpg,DownyMildew,Balanced_Final_Split/Balanced_Final_Split/test/DownyMildew/test_230_IMG20230107173345.jpg,DownyMildew,false
d8a599ca7c5a02913fbcecbe20afff47872fd46634deb3c9cd4633eda3200299,Balanced_Final_Split/Balanced_Final_Split/train/DownyMildew/train_231_Downy Mildew_649.jpg,DownyMildew,Balanced_Final_Split/Balanced_Final_Split/test/DownyMildew/test_231_Downy Mildew_649.jpg,DownyMildew,false
c380b61fa8a55f753453c5d2a04379730d6052940255e36b4c9442ab0dd18322,Balanced_Final_Split/Balanced_Final_Split/train/DownyMildew/train_232_583.jpg,DownyMildew,Balanced_Final_Split/Balanced_Final_Split/test/DownyMildew/test_232_583.jpg,DownyMildew,false
e48563b448ee3964986a49dfc451ffeb8ed32e0a37ccf8ae4b07427dc2676261,Balanced_Final_Split/Balanced_Final_Split/train/DownyMildew/train_233_Downy Mildew_715.jpg,DownyMildew,Balanced_Final_Split/Balanced_Final_Split/test/DownyMildew/test_233_Downy Mildew_715.jpg,DownyMildew,false
28e3d0b2afdd8f6a37a9b56be2e27db404147ce53fac7ae906372541b6670938,Balanced_Final_Split/Balanced_Final_Split/train/DownyMildew/train_234_IMG20230107173305.jpg,DownyMildew,Balanced_Final_Split/Balanced_Final_Split/test/DownyMildew/test_234_IMG20230107173305.jpg,DownyMildew,false
5abc74a5cea371283a67c05c5322d04ee3f5780d4dc973c10bd158bd44c6d0a2,Balanced_Final_Split/Balanced_Final_Split/train/DownyMildew/train_235_Downy Mildew_96.jpg,DownyMildew,Balanced_Final_Split/Balanced_Final_Split/test/DownyMildew/test_235_Downy Mildew_96.jpg,DownyMildew,false
6d86ffb870558fddb5f776cfe0bf9b37e2e40d5f5321b934a7371d1bd37cddff,Balanced_Final_Split/Balanced_Final_Split/train/DownyMildew/train_236_Downy Mildew_573.jpg,DownyMildew,Balanced_Final_Split/Balanced_Final_Split/test/DownyMildew/test_236_Downy Mildew_573.jpg,DownyMildew,false
cc728592588ad7144ac67361c021cf0b874a9817d44f2fcd1bc8de737cb6f68b,Balanced_Final_Split/Balanced_Final_Split/train/DownyMildew/train_237_70.jpg,DownyMildew,Balanced_Final_Split/Balanced_Final_Split/test/DownyMildew/test_237_70.jpg,DownyMildew,false
d77f0005ebef3d328b368ac834a38cd07dc03f40d2d323b29d425cbd647085b2,Balanced_Final_Split/Balanced_Final_Split/train/DownyMildew/train_238_IMG20230107175453.jpg,DownyMildew,Balanced_Final_Split/Balanced_Final_Split/test/DownyMildew/test_238_IMG20230107175453.jpg,DownyMildew,false
a0f3360111a50488817efaa306ae7dbe06c6856bd19c52cffe9898d260474971,Balanced_Final_Split/Balanced_Final_Split/train/DownyMildew/train_239_Downy Mildew_818.jpg,DownyMildew,Balanced_Final_Split/Balanced_Final_Split/test/DownyMildew/test_239_Downy Mildew_818.jpg,DownyMildew,false
8f4b0d3b9751949367df97e4ced568b77e775ca4012c6def3fbede2e8474b621,Balanced_Final_Split/Balanced_Final_Split/train/DownyMildew/train_23_Downy Mildew_114.jpg,DownyMildew,Balanced_Final_Split/Balanced_Final_Split/test/DownyMildew/test_23_Downy Mildew_114.jpg,DownyMildew,false
3a7a3fdc864cef5c616b712be440bdb523aa9638a95e64e19b83035dd6fcb3a1,Balanced_Final_Split/Balanced_Final_Split/train/DownyMildew/train_240_Downy Mildew_86.jpg,DownyMildew,Balanced_Final_Split/Balanced_Final_Split/test/DownyMildew/test_240_Downy Mildew_86.jpg,DownyMildew,false
a2241ade415aad113e93e3c61bdc254f53ddf4bdb8a1d481bbc55da097fd7efe,Balanced_Final_Split/Balanced_Final_Split/train/DownyMildew/train_241_Downy Mildew_501.jpg,DownyMildew,Balanced_Final_Split/Balanced_Final_Split/test/DownyMildew/test_241_Downy Mildew_501.jpg,DownyMildew,false
77d983b92aaaa3bfc049686dd52761a070e58915aaf9c3af55f668941e1b320d,Balanced_Final_Split/Balanced_Final_Split/train/DownyMildew/train_242_Downy Mildew_704.jpg,DownyMildew,Balanced_Final_Split/Balanced_Final_Split/test/DownyMildew/test_242_Downy Mildew_704.jpg,DownyMildew,false
10ea2e42ff7aef7ab91bc2e307b974cf1c6e9974b52a43667007d10a1926c8de,Balanced_Final_Split/Balanced_Final_Split/train/DownyMildew/train_243_528.jpg,DownyMildew,Balanced_Final_Split/Balanced_Final_Split/test/DownyMildew/test_243_528.jpg,DownyMildew,false
3f77b293b8b4c2333eaa334f085f2e634f205ebfa342b1f6f75a0f52520d6012,Balanced_Final_Split/Balanced_Final_Split/train/DownyMildew/train_244_Downey Mildew_170.jpg,DownyMildew,Balanced_Final_Split/Balanced_Final_Split/test/DownyMildew/test_244_Downey Mildew_170.jpg,DownyMildew,false
3086d5a5cfe4bf874dd38f20bbc6f90902b0ce428ce22714bc8ba80accfcf9a8,Balanced_Final_Split/Balanced_Final_Split/train/DownyMildew/train_245_Downy Mildew_479.jpg,DownyMildew,Balanced_Final_Split/Balanced_Final_Split/test/DownyMildew/test_245_Downy Mildew_479.jpg,DownyMildew,false
c2c6052fbc47faaaee342d2c25f380353a2cf5eced6c1eef6fe8a0275b33fd6a,Balanced_Final_Split/Balanced_Final_Split/train/DownyMildew/train_246_293.jpg,DownyMildew,Balanced_Final_Split/Balanced_Final_Split/test/DownyMildew/test_246_293.jpg,DownyMildew,false
1030094286d06bbf307d17bf0f90faceb4984ff3db68ecf3c20faaa82ebc98b5,Balanced_Final_Split/Balanced_Final_Split/train/DownyMildew/train_247_566.jpg,DownyMildew,Balanced_Final_Split/Balanced_Final_Split/test/DownyMildew/test_247_566.jpg,DownyMildew,false
21fb5880f6e69a32e772c958b3c89222e485946c18e95b64b26b186006f851b3,Balanced_Final_Split/Balanced_Final_Split/train/DownyMildew/train_248_376.jpg,DownyMildew,Balanced_Final_Split/Balanced_Final_Split/test/DownyMildew/test_248_376.jpg,DownyMildew,false
d537707ef4611b6d8216798667db0cb90aebf78e14faba163f34491ad8de9d4a,Balanced_Final_Split/Balanced_Final_Split/train/DownyMildew/train_172_Downy Mildew_68.jpg,DownyMildew,Balanced_Final_Split/Balanced_Final_Split/test/DownyMildew/test_249_Downey Mildew_68.jpg,DownyMildew,false
cd452848b754f4caa040224c27b839453b7e98c7d8c46ba7a7c28b6c8d87d94a,Balanced_Final_Split/Balanced_Final_Split/train/DownyMildew/train_24_Downy Mildew_73.jpg,DownyMildew,Balanced_Final_Split/Balanced_Final_Split/test/DownyMildew/test_24_Downy Mildew_73.jpg,DownyMildew,false
c4ed21f0a4cb5ec9501ed6d2b6661b6fafea2f8c0c43b9c7ef4c6d60d7085f93,Balanced_Final_Split/Balanced_Final_Split/train/DownyMildew/train_25_181.jpg,DownyMildew,Balanced_Final_Split/Balanced_Final_Split/test/DownyMildew/test_25_181.jpg,DownyMildew,false
e97e078ba5924fd9a8f32034362bd3f9a38fb01f06447892e5a903fba6bec97c,Balanced_Final_Split/Balanced_Final_Split/train/DownyMildew/train_26_Downy Mildew_960.png,DownyMildew,Balanced_Final_Split/Balanced_Final_Split/test/DownyMildew/test_26_Downy Mildew_960.png,DownyMildew,false
218e12af717c07820eaf626d8d3a6d8323607eb977ff90e99fb6f4d6f561bc0d,Balanced_Final_Split/Balanced_Final_Split/train/DownyMildew/train_27_Downey Mildew_396.jpg,DownyMildew,Balanced_Final_Split/Balanced_Final_Split/test/DownyMildew/test_27_Downey Mildew_396.jpg,DownyMildew,false
c305c615766d9f0ca6227e69ffd8dc671827237dbdd992ae92f421465a3ba7f4,Balanced_Final_Split/Balanced_Final_Split/train/DownyMildew/train_28_IMG20230107180157.jpg,DownyMildew,Balanced_Final_Split/Balanced_Final_Split/test/DownyMildew/test_28_IMG20230107180157.jpg,DownyMildew,false
aa32415ca27909ae6cd2507fb69c178f7b9ea07bd67d664a4483e6c21ee4090f,Balanced_Final_Split/Balanced_Final_Split/train/DownyMildew/train_29_IMG20230107175047.jpg,DownyMildew,Balanced_Final_Split/Balanced_Final_Split/test/DownyMildew/test_29_IMG20230107175047.jpg,DownyMildew,false
3036d6fca6751e375dc175ca36752b66702d2521f3a2b50e43bbf9b8ff2c220f,Balanced_Final_Split/Balanced_Final_Split/train/DownyMildew/train_2_79.jpg,DownyMildew,Balanced_Final_Split/Balanced_Final_Split/test/DownyMildew/test_2_79.jpg,DownyMildew,false
0c7045ae4964a729b97ad931a3726e840f264e7081678ab475d5c4ccb6cdb182,Balanced_Final_Split/Balanced_Final_Split/train/DownyMildew/train_30_Downy Mildew_854.jpg,DownyMildew,Balanced_Final_Split/Balanced_Final_Split/test/DownyMildew/test_30_Downy Mildew_854.jpg,DownyMildew,false
804173088353da86294716196ea0ef8ce2d4e1eb209a0f6d2009a2fa7924a44c,Balanced_Final_Split/Balanced_Final_Split/train/DownyMildew/train_31_Downy Mildew_70.jpg,DownyMildew,Balanced_Final_Split/Balanced_Final_Split/test/DownyMildew/test_31_Downy Mildew_70.jpg,DownyMildew,false
69c1315ff9e7ea2fe8d0c52885ece2fbef21a7d52b45af71d9d4e6975d9031ef,Balanced_Final_Split/Balanced_Final_Split/train/DownyMildew/train_32_Downy Mildew_627.jpg,DownyMildew,Balanced_Final_Split/Balanced_Final_Split/test/DownyMildew/test_32_Downy Mildew_627.jpg,DownyMildew,false
a02b937f0e91c5a0b047dee372a124104d126bfc3383a03434cf7093cdfd94af,Balanced_Final_Split/Balanced_Final_Split/train/DownyMildew/train_33_621.jpg,DownyMildew,Balanced_Final_Split/Balanced_Final_Split/test/DownyMildew/test_33_621.jpg,DownyMildew,false
be01b08f183c87911baae263b118ea57002438de6b66ff4ddaf529b68d5d21c1,Balanced_Final_Split/Balanced_Final_Split/train/DownyMildew/train_34_Downey Mildew_3.jpg,DownyMildew,Balanced_Final_Split/Balanced_Final_Split/test/DownyMildew/test_34_Downey Mildew_3.jpg,DownyMildew,false
cff156f42478f4c93434c9c539292ee6a8f1374cf5fa8f395e7a334b588b8ab1,Balanced_Final_Split/Balanced_Final_Split/train/DownyMildew/train_35_IMG20230107172920.jpg,DownyMildew,Balanced_Final_Split/Balanced_Final_Split/test/DownyMildew/test_35_IMG20230107172920.jpg,DownyMildew,false
0f20e847958e3e473f431d6f5665a2dde6f1692013a3975ccab2131b243b1680,Balanced_Final_Split/Balanced_Final_Split/train/DownyMildew/train_36_Downy Mildew_964.jpg,DownyMildew,Balanced_Final_Split/Balanced_Final_Split/test/DownyMildew/test_36_Downy Mildew_964.jpg,DownyMildew,false
dc561f32011e2a858d0f9ce0f13847381e75d4b669092a4e3f3ed6a8bf91b295,Balanced_Final_Split/Balanced_Final_Split/train/DownyMildew/train_37_Downy Mildew_234.jpg,DownyMildew,Balanced_Final_Split/Balanced_Final_Split/test/DownyMildew/test_37_Downy Mildew_234.jpg,DownyMildew,false
43699c433baa0a723337dfb1060904c191342c0beb4856a5cc2ce2cffca91c2d,Balanced_Final_Split/Balanced_Final_Split/train/DownyMildew/train_38_Downey Mildew_28.jpg,DownyMildew,Balanced_Final_Split/Balanced_Final_Split/test/DownyMildew/test_38_Downey Mildew_28.jpg,DownyMildew,false
0092244c7419a0b324351f568c0c16b075fe43ec1d3a87d63f8dcff677dc2fd2,Balanced_Final_Split/Balanced_Final_Split/train/DownyMildew/train_39_Downy Mildew_546.jpg,DownyMildew,Balanced_Final_Split/Balanced_Final_Split/test/DownyMildew/test_39_Downy Mildew_546.jpg,DownyMildew,false
7cbb150fd2efac1f53caaba61548455e676acac1eea26f4159e11d1c00c03a1a,Balanced_Final_Split/Balanced_Final_Split/train/DownyMildew/train_3_Downey Mildew_146.JPG,DownyMildew,Balanced_Final_Split/Balanced_Final_Split/test/DownyMildew/test_3_Downey Mildew_146.JPG,DownyMildew,false
9a24fec9e30b8c82247de77f6131bb345cadc6feb6dab95a7056746b5cd3c810,Balanced_Final_Split/Balanced_Final_Split/train/DownyMildew/train_40_Downy Mildew_597.jpg,DownyMildew,Balanced_Final_Split/Balanced_Final_Split/test/DownyMildew/test_40_Downy Mildew_597.jpg,DownyMildew,false
5ddf820b07400296508275ef48a5783dd1ba131362f93630b7035994908c8721,Balanced_Final_Split/Balanced_Final_Split/train/DownyMildew/train_286_Downey Mildew_258.jpg,DownyMildew,Balanced_Final_Split/Balanced_Final_Split/test/DownyMildew/test_41_Downy Mildew_258.jpg,DownyMildew,false
d8477426f3beb04f46b0b75e11b2b4ef6365d91e1a9cdff704d6af4fba7657a4,Balanced_Final_Split/Balanced_Final_Split/train/DownyMildew/train_42_1.jpg,DownyMildew,Balanced_Final_Split/Balanced_Final_Split/test/DownyMildew/test_42_1.jpg,DownyMildew,false
c51b87da5343296897876589de3710aa91f71225bc0a978a3e794f4fa4840ceb,Balanced_Final_Split/Balanced_Final_Split/train/DownyMildew/train_43_IMG20230107175245.jpg,DownyMildew,Balanced_Final_Split/Balanced_Final_Split/test/DownyMildew/test_43_IMG20230107175245.jpg,DownyMildew,false
575b4537b71f59e65c71a81575c1fabc7853dd0fc73afe0881b9189dfa3862c3,Balanced_Final_Split/Balanced_Final_Split/train/DownyMildew/train_44_Downey Mildew_132.jpg,DownyMildew,Balanced_Final_Split/Balanced_Final_Split/test/DownyMildew/test_44_Downey Mildew_132.jpg,DownyMildew,false
9657f8509aa10de9a1898150de7bd526db2b9d073d7d1774a3d1f3315e9978a4,Balanced_Final_Split/Balanced_Final_Split/train/DownyMildew/train_45_Downy Mildew_188.jpg,DownyMildew,Balanced_Final_Split/Balanced_Final_Split/test/DownyMildew/test_45_Downy Mildew_188.jpg,DownyMildew,false
a9c72e5763d0a063132e4d2bb9c84efc5934e9f0b84f079955905ee465628bc4,Balanced_Final_Split/Balanced_Final_Split/train/DownyMildew/train_46_IMG20230107174554.jpg,DownyMildew,Balanced_Final_Split/Balanced_Final_Split/test/DownyMildew/test_46_IMG20230107174554.jpg,DownyMildew,false
0566ecd0ad7cd218ca037546cce9f32e66a9f5d7bb1790cf4f262db205f02bbd,Balanced_Final_Split/Balanced_Final_Split/train/DownyMildew/train_47_Downy Mildew_911.jpg,DownyMildew,Balanced_Final_Split/Balanced_Final_Split/test/DownyMildew/test_47_Downy Mildew_911.jpg,DownyMildew,false
b8e127c78e767af9de734bbe51973801feb5be7f615184a3dea7d0230be5296d,Balanced_Final_Split/Balanced_Final_Split/train/DownyMildew/train_48_Downy Mildew_835.jpg,DownyMildew,Balanced_Final_Split/Balanced_Final_Split/test/DownyMildew/test_48_Downy Mildew_835.jpg,DownyMildew,false
fd7dd2981072be76fdd4b1931374046bc45dcc4d7fa7e8c33d678bf306da65f0,Balanced_Final_Split/Balanced_Final_Split/train/DownyMildew/train_49_28.jpg,DownyMildew,Balanced_Final_Split/Balanced_Final_Split/test/DownyMildew/test_49_28.jpg,DownyMildew,false
eb73458ff596772f7c16a2c6bd01bb2999f4931741ece074cb0d18a4ab243bb1,Balanced_Final_Split/Balanced_Final_Split/train/DownyMildew/train_4_Downey Mildew_62.jpg,DownyMildew,Balanced_Final_Split/Balanced_Final_Split/test/DownyMildew/test_4_Downey Mildew_62.jpg,DownyMildew,false
9d43d90039d1e3dce5425b567f230e5e8b2674f7885f2a5a341fec1e5bdf7ac8,Balanced_Final_Split/Balanced_Final_Split/train/DownyMildew/train_50_26.jpg,DownyMildew,Balanced_Final_Split/Balanced_Final_Split/test/DownyMildew/test_50_26.jpg,DownyMildew,false
8c0ce601ed134ab33b435b1ee944c5120b90d8fb584d18b4bc6469853f3f261d,Balanced_Final_Split/Balanced_Final_Split/train/DownyMildew/train_51_Downy Mildew_763.jpg,DownyMildew,Balanced_Final_Split/Balanced_Final_Split/test/DownyMildew/test_51_Downy Mildew_763.jpg,DownyMildew,false
7b89f95cb918e0ca61de102278e3a4c5d5548fac3a62a2a311a44b3111a01e24,Balanced_Final_Split/Balanced_Final_Split/train/DownyMildew/train_52_Downy Mildew_180.jpg,DownyMildew,Balanced_Final_Split/Balanced_Final_Split/test/DownyMildew/test_52_Downy Mildew_180.jpg,DownyMildew,false
80168ce1f7b032d94c56ab6ab193b01fa32ac9bb5c7277c445cd31026527c4e0,Balanced_Final_Split/Balanced_Final_Split/train/DownyMildew/train_53_Downey Mildew_37.jpg,DownyMildew,Balanced_Final_Split/Balanced_Final_Split/test/DownyMildew/test_53_Downey Mildew_37.jpg,DownyMildew,false
440e2a84baf0bd616ffc92dec2d9f75b9b1063a2c8f5103c589ff1e571563ca2,Balanced_Final_Split/Balanced_Final_Split/train/DownyMildew/train_109_Downy Mildew_268.jpg,DownyMildew,Balanced_Final_Split/Balanced_Final_Split/test/DownyMildew/test_54_Downey Mildew_268.jpg,DownyMildew,false
f7163f9e9f84da597b1c282b5fbba0f6f63eda26f0f4bbf9ca3cb3bd22d66d98,Balanced_Final_Split/Balanced_Final_Split/train/DownyMildew/train_55_IMG20230107180034.jpg,DownyMildew,Balanced_Final_Split/Balanced_Final_Split/test/DownyMildew/test_55_IMG20230107180034.jpg,DownyMildew,false
036555c07f99058b336643096f27f0a74aaa4db994db3c9c68d297a0dcb6d956,Balanced_Final_Split/Balanced_Final_Split/train/DownyMildew/train_56_Downey Mildew_265.jpg,DownyMildew,Balanced_Final_Split/Balanced_Final_Split/test/DownyMildew/test_56_Downey Mildew_265.jpg,DownyMildew,false
6ed296d9a6c1cfead890d03c91169fbec2cdec7d9a44fe9c283e44e982200922,Balanced_Final_Split/Balanced_Final_Split/train/DownyMildew/train_57_101.jpg,DownyMildew,Balanced_Final_Split/Balanced_Final_Split/test/DownyMildew/test_57_101.jpg,DownyMildew,false
77d38b2aa62cd94e620b4669398e131aebe5600859111fa8c1aa4ae8103f7415,Balanced_Final_Split/Balanced_Final_Split/train/DownyMildew/train_58_Downy Mildew_472.jpg,DownyMildew,Balanced_Final_Split/Balanced_Final_Split/test/DownyMildew/test_58_Downy Mildew_472.jpg,DownyMildew,false
1236d14401bfa6e87a60313821014abe5f39592b8470296554acc17db9af7cad,Balanced_Final_Split/Balanced_Final_Split/train/DownyMildew/train_59_IMG20230104113221.jpg,DownyMildew,Balanced_Final_Split/Balanced_Final_Split/test/DownyMildew/test_59_IMG20230104113221.jpg,DownyMildew,false
c9f1815470832bc1324e380fa6e92a1cb62598f2c6c478e2b9ca385a0db75d88,Balanced_Final_Split/Balanced_Final_Split/train/DownyMildew/train_5_IMG20230107175501.jpg,DownyMildew,Balanced_Final_Split/Balanced_Final_Split/test/DownyMildew/test_5_IMG20230107175501.jpg,DownyMildew,false
7bb7e367eebc04c48a4f216ec888cd5297fdf29bd6a92c295e4aa608c2a22452,Balanced_Final_Split/Balanced_Final_Split/train/DownyMildew/train_60_416.jpg,DownyMildew,Balanced_Final_Split/Balanced_Final_Split/test/DownyMildew/test_60_416.jpg,DownyMildew,false
8b255302ffafaa1bcefa3b180c0676a07c3881092d16647bc702b6198448aebb,Balanced_Final_Split/Balanced_Final_Split/train/DownyMildew/train_61_Downy Mildew_208.jpg,DownyMildew,Balanced_Final_Split/Balanced_Final_Split/test/DownyMildew/test_61_Downy Mildew_208.jpg,DownyMildew,false
a8c954e91995abf88a3dfa01bfc672549327f6972ef8d7118688f6867a2b0df6,Balanced_Final_Split/Balanced_Final_Split/train/DownyMildew/train_62_IMG20230107174351.jpg,DownyMildew,Balanced_Final_Split/Balanced_Final_Split/test/DownyMildew/test_62_IMG20230107174351.jpg,DownyMildew,false
8c966a7fb052344233fe78bd6ecdf10eef00c99016256294fd916055210b27e2,Balanced_Final_Split/Balanced_Final_Split/train/DownyMildew/train_63_Downy Mildew_788.jpg,DownyMildew,Balanced_Final_Split/Balanced_Final_Split/test/DownyMildew/test_63_Downy Mildew_788.jpg,DownyMildew,false
8c9ac99f3be272e6247db37783300eec27781ed17af3636c2edd0f8f3bde08b7,Balanced_Final_Split/Balanced_Final_Split/train/DownyMildew/train_64_530.jpg,DownyMildew,Balanced_Final_Split/Balanced_Final_Split/test/DownyMildew/test_64_530.jpg,DownyMildew,false
bce064ecdc0ba05f55a40975b5619f82a662c79789208a7d56f795a00e77bd53,Balanced_Final_Split/Balanced_Final_Split/train/DownyMildew/train_65_Downey Mildew_337.jpg,DownyMildew,Balanced_Final_Split/Balanced_Final_Split/test/DownyMildew/test_65_Downey Mildew_337.jpg,DownyMildew,false
16961f40cbc70a1fdf4da27ceef9c4ecba91fbf1cf0f9cbfee5463fc8cba8e69,Balanced_Final_Split/Balanced_Final_Split/train/DownyMildew/train_66_311.jpg,DownyMildew,Balanced_Final_Split/Balanced_Final_Split/test/DownyMildew/test_66_311.jpg,DownyMildew,false
9c1fd1bd9d375220af04afb812475d218b88753dda95a1dfaa7c46ae2bdd5ab1,Balanced_Final_Split/Balanced_Final_Split/train/DownyMildew/train_67_48.jpg,DownyMildew,Balanced_Final_Split/Balanced_Final_Split/test/DownyMildew/test_67_48.jpg,DownyMildew,false
5898e9674acfefb1380e8befdcaaacf200b0d257eda54ec39241b82d89e21e09,Balanced_Final_Split/Balanced_Final_Split/train/DownyMildew/train_631_Downy Mildew_104.jpg,DownyMildew,Balanced_Final_Split/Balanced_Final_Split/test/DownyMildew/test_68_Downey Mildew_104.jpg,DownyMildew,false
a286b7392f17dfe79b4d134124877c3508d44d67bb625e72b449e4e654b3f767,Balanced_Final_Split/Balanced_Final_Split/train/DownyMildew/train_69_369.jpg,DownyMildew,Balanced_Final_Split/Balanced_Final_Split/test/DownyMildew/test_69_369.jpg,DownyMildew,false
3c2ccd6f52ba027147150c2104178e037f1d2929e8d3a06dcfc2e420824cf458,Balanced_Final_Split/Balanced_Final_Split/train/DownyMildew/train_6_58.jpg,DownyMildew,Balanced_Final_Split/Balanced_Final_Split/test/DownyMildew/test_6_58.jpg,DownyMildew,false
e6f1704827d81b6286549c98a329418e414ffaef721d90dc39d7c116d4e3de71,Balanced_Final_Split/Balanced_Final_Split/train/DownyMildew/train_70_IMG20230104113130.jpg,DownyMildew,Balanced_Final_Split/Balanced_Final_Split/test/DownyMildew/test_70_IMG20230104113130.jpg,DownyMildew,false
015b56d1fd12ac7f41055ec8778f7d4a7a77bec90b40b7e84157c17b80cb7213,Balanced_Final_Split/Balanced_Final_Split/train/DownyMildew/train_71_IMG20230107175636.jpg,DownyMildew,Balanced_Final_Split/Balanced_Final_Split/test/DownyMildew/test_71_IMG20230107175636.jpg,DownyMildew,false
ec131cefae58319f4fed7267fcfc8da6f3540e44609e648d3b3e2eba0ee30a6b,Balanced_Final_Split/Balanced_Final_Split/train/DownyMildew/train_72_IMG20230107174912.jpg,DownyMildew,Balanced_Final_Split/Balanced_Final_Split/test/DownyMildew/test_72_IMG20230107174912.jpg,DownyMildew,false
f31feb45ccc2ac7a750a06edcf86200e5f147f6dbbfab9a0495d2af7df50619b,Balanced_Final_Split/Balanced_Final_Split/train/DownyMildew/train_73_IMG20230107174616.jpg,DownyMildew,Balanced_Final_Split/Balanced_Final_Split/test/DownyMildew/test_73_IMG20230107174616.jpg,DownyMildew,false
c3d2d033a44d77f5860ed8346fe3fd168b70a3769d4a19a5df6781a437cbdfc7,Balanced_Final_Split/Balanced_Final_Split/train/DownyMildew/train_74_Downey Mildew_106.jpg,DownyMildew,Balanced_Final_Split/Balanced_Final_Split/test/DownyMildew/test_74_Downey Mildew_106.jpg,DownyMildew,false
1436548711f2ace90fed36d95f11dbf1d41774c71dd14057f7cfbda7bc08ebe5,Balanced_Final_Split/Balanced_Final_Split/train/DownyMildew/train_75_Downy Mildew_105.jpg,DownyMildew,Balanced_Final_Split/Balanced_Final_Split/test/DownyMildew/test_75_Downy Mildew_105.jpg,DownyMildew,false
ee7ddfc8fc5c23121ee0e32b67486d0974809dfac53a3c7d3aca071058bb2b56,Balanced_Final_Split/Balanced_Final_Split/train/DownyMildew/train_523_Downey Mildew_175.jpg,DownyMildew,Balanced_Final_Split/Balanced_Final_Split/test/DownyMildew/test_76_Downy Mildew_175.jpg,DownyMildew,false
6ae28b48aef16c742b3c34f3dfecf8a3dd60488319cc78ae3c3057371720e966,Balanced_Final_Split/Balanced_Final_Split/train/DownyMildew/train_77_Downy Mildew_194.jpg,DownyMildew,Balanced_Final_Split/Balanced_Final_Split/test/DownyMildew/test_77_Downy Mildew_194.jpg,DownyMildew,false
57f10f509b83c69322f1ea4f93add52d1fab014a5acf0a25b1382aeb8e662e4a,Balanced_Final_Split/Balanced_Final_Split/train/DownyMildew/train_78_Downey Mildew_59.jpg,DownyMildew,Balanced_Final_Split/Balanced_Final_Split/test/DownyMildew/test_78_Downey Mildew_59.jpg,DownyMildew,false
9576cfd0054b2b3d4cdec6e18b37033c6478f75c17a452decf15d05ff11f53cf,Balanced_Final_Split/Balanced_Final_Split/train/DownyMildew/train_79_Downy Mildew_498.jpg,DownyMildew,Balanced_Final_Split/Balanced_Final_Split/test/DownyMildew/test_79_Downy Mildew_498.jpg,DownyMildew,false
c86622de8e2bec6be9ccbd919b3e4729051b2228e22240c5368162408416e05f,Balanced_Final_Split/Balanced_Final_Split/train/DownyMildew/train_7_IMG20230107172745.jpg,DownyMildew,Balanced_Final_Split/Balanced_Final_Split/test/DownyMildew/test_7_IMG20230107172745.jpg,DownyMildew,false
1a2d731fcaec6fec3f85f15a4dc33ae8f6382e0c71fd93045366783ab6345129,Balanced_Final_Split/Balanced_Final_Split/train/DownyMildew/train_80_347.jpg,DownyMildew,Balanced_Final_Split/Balanced_Final_Split/test/DownyMildew/test_80_347.jpg,DownyMildew,false
4b2f83e6f1feb8f8063cfd913870ad71cc6bcc478f96ca535f54c20dfb2aa567,Balanced_Final_Split/Balanced_Final_Split/train/DownyMildew/train_656_Downy Mildew_262.jpg,DownyMildew,Balanced_Final_Split/Balanced_Final_Split/test/DownyMildew/test_81_Downey Mildew_262.jpg,DownyMildew,false
50fa87b1949e422be2c5e5b91ecd199a95821e993c92dce68d2bd9d495ee6077,Balanced_Final_Split/Balanced_Final_Split/train/DownyMildew/train_82_Downey Mildew_78.jpg,DownyMildew,Balanced_Final_Split/Balanced_Final_Split/test/DownyMildew/test_82_Downey Mildew_78.jpg,DownyMildew,false
d2d3cc494f2c470903fad0a424d22b033d372f11008e09ad8b2acf7a7e247e09,Balanced_Final_Split/Balanced_Final_Split/train/DownyMildew/train_591_Downey Mildew_306.jpg,DownyMildew,Balanced_Final_Split/Balanced_Final_Split/test/DownyMildew/test_83_Downy Mildew_306.jpg,DownyMildew,false
fc0105da6be62b36d023e801a4854af1f140e8fa4fa00dca0e23b5b9a757acf6,Balanced_Final_Split/Balanced_Final_Split/train/DownyMildew/train_84_Downey Mildew_16.jpg,DownyMildew,Balanced_Final_Split/Balanced_Final_Split/test/DownyMildew/test_84_Downey Mildew_16.jpg,DownyMildew,false
d237160a244cf82a97719fd5f659ec96a16f4b36e55015ec844360900665e5b8,Balanced_Final_Split/Balanced_Final_Split/train/DownyMildew/train_85_IMG20230107180005.jpg,DownyMildew,Balanced_Final_Split/Balanced_Final_Split/test/DownyMildew/test_85_IMG20230107180005.jpg,DownyMildew,false
0934cbc9e7e4b0878d70993c8f4ec05abf431db77fbbdb85dc4902053eae2b2a,Balanced_Final_Split/Balanced_Final_Split/train/DownyMildew/train_86_189.jpg,DownyMildew,Balanced_Final_Split/Balanced_Final_Split/test/DownyMildew/test_86_189.jpg,DownyMildew,false
3d0f20cd30eb50aaee75a60e7d07e2fcc3db99643a946a504765dd168dd4f00e,Balanced_Final_Split/Balanced_Final_Split/train/DownyMildew/train_87_Downy Mildew_588.jpg,DownyMildew,Balanced_Final_Split/Balanced_Final_Split/test/DownyMildew/test_87_Downy Mildew_588.jpg,DownyMildew,false
9f0e8eebcf1c7e0e441284e25d8e6c7ffc5d4bcc947d4f3fd634fd21a1acacad,Balanced_Final_Split/Balanced_Final_Split/train/DownyMildew/train_88_473.jpg,DownyMildew,Balanced_Final_Split/Balanced_Final_Split/test/DownyMildew/test_88_473.jpg,DownyMildew,false
cecd9d922d3bacc3eedf69b604d723840e0fe7b5faf54a05ff3caf0db8721329,Balanced_Final_Split/Balanced_Final_Split/train/DownyMildew/train_552_Downey Mildew_172.jpg,DownyMildew,Balanced_Final_Split/Balanced_Final_Split/test/DownyMildew/test_89_Downy Mildew_172.jpg,DownyMildew,false
2e1afe628e501376871040869abd7e91ea1680112b0503171f5951ca35e76d67,Balanced_Final_Split/Balanced_Final_Split/train/DownyMildew/train_8_206.jpg,DownyMildew,Balanced_Final_Split/Balanced_Final_Split/test/DownyMildew/test_8_206.jpg,DownyMildew,false
841932da518c1727971247a1083727767e0d462900fb52c2a1dd695f05dc2360,Balanced_Final_Split/Balanced_Final_Split/train/DownyMildew/train_855_Downy Mildew_13.JPG,DownyMildew,Balanced_Final_Split/Balanced_Final_Split/test/DownyMildew/test_90_Downey Mildew_13.JPG,DownyMildew,false
1bf31a748fc46d6072f9dfa680716912f4d9a48f585d39ce803c72f03efce52e,Balanced_Final_Split/Balanced_Final_Split/train/DownyMildew/train_91_437.jpg,DownyMildew,Balanced_Final_Split/Balanced_Final_Split/test/DownyMildew/test_91_437.jpg,DownyMildew,false
e5cfdb47103d181aadf06681d13e9707295f93929e3a65cad8a09cc171e13057,Balanced_Final_Split/Balanced_Final_Split/train/DownyMildew/train_92_370.jpg,DownyMildew,Balanced_Final_Split/Balanced_Final_Split/test/DownyMildew/test_92_370.jpg,DownyMildew,false
b3256f84e3d2c6e293dead98840a90b4474fce788c8bfb657eeb2d7183188e22,Balanced_Final_Split/Balanced_Final_Split/train/DownyMildew/train_153_Downy Mildew_375.jpg,DownyMildew,Balanced_Final_Split/Balanced_Final_Split/test/DownyMildew/test_93_Downey Mildew_375.jpg,DownyMildew,false
bedbdd6c078ed3f1ce70e5c6fe6a475238519d7df1170b39ca9fcc83e42a5625,Balanced_Final_Split/Balanced_Final_Split/train/DownyMildew/train_94_IMG20230107175147.jpg,DownyMildew,Balanced_Final_Split/Balanced_Final_Split/test/DownyMildew/test_94_IMG20230107175147.jpg,DownyMildew,false
2a7066bac42b75f1a942367295b56cac2da629750b2e28a090111f13e238d902,Balanced_Final_Split/Balanced_Final_Split/train/DownyMildew/train_95_Downey Mildew_271.jpg,DownyMildew,Balanced_Final_Split/Balanced_Final_Split/test/DownyMildew/test_95_Downey Mildew_271.jpg,DownyMildew,false
b649b8daaafe1c86cd7a0cabbc4929b296c859118f06429deae633676c7d0592,Balanced_Final_Split/Balanced_Final_Split/train/DownyMildew/train_96_Downy Mildew_855.jpg,DownyMildew,Balanced_Final_Split/Balanced_Final_Split/test/DownyMildew/test_96_Downy Mildew_855.jpg,DownyMildew,false
34254603fb6f33c34792b7e417dd516c23c2178540d12611ad69acec33476efd,Balanced_Final_Split/Balanced_Final_Split/train/DownyMildew/train_97_77.jpg,DownyMildew,Balanced_Final_Split/Balanced_Final_Split/test/DownyMildew/test_97_77.jpg,DownyMildew,false
6d98d2fa34dab997b7fb8ef2fb79dcad3a65c382fa7c5a68d9faf25e4f32ca94,Balanced_Final_Split/Balanced_Final_Split/train/DownyMildew/train_98_40.jpg,DownyMildew,Balanced_Final_Split/Balanced_Final_Split/test/DownyMildew/test_98_40.jpg,DownyMildew,false
3d6601e4a92317341983275fe5a2e38cfdc0f6cb62dffbb7db1ffb24ec51660e,Balanced_Final_Split/Balanced_Final_Split/train/DownyMildew/train_609_Downey Mildew_356.jpg,DownyMildew,Balanced_Final_Split/Balanced_Final_Split/test/DownyMildew/test_99_Downy Mildew_356.jpg,DownyMildew,false
9f135064b2c970a2c9e2322f707da07294ba6a2d01619ab6a5472d57aaa49406,Balanced_Final_Split/Balanced_Final_Split/train/DownyMildew/train_9_Downy Mildew_523.jpg,DownyMildew,Balanced_Final_Split/Balanced_Final_Split/test/DownyMildew/test_9_Downy Mildew_523.jpg,DownyMildew,false
547ea7f40f1ffa0db946584aa44556b243666c8ff0d67a9f391a255738e12610,Balanced_Final_Split/Balanced_Final_Split/train/Esca/train_0_40b6121e-4a4b-42de-822f-f7f9886476c3___FAM_B.Msls 1033_flipLR.JPG,Esca,Balanced_Final_Split/Balanced_Final_Split/test/Esca/test_0_40b6121e-4a4b-42de-822f-f7f9886476c3___FAM_B.Msls 1033_flipLR.JPG,Esca,false
d23a82f8462325b6feea1199167c07747bba3640624261efd100ae44d6722360,Balanced_Final_Split/Balanced_Final_Split/train/Esca/train_100_99564e0c-86a3-4477-a7bc-35fe0ba7bf02___FAM_B.Msls 4329_flipLR.JPG,Esca,Balanced_Final_Split/Balanced_Final_Split/test/Esca/test_100_99564e0c-86a3-4477-a7bc-35fe0ba7bf02___FAM_B.Msls 4329_flipLR.JPG,Esca,false
448efef8687f6696b8704c4172f4a5431c22e821b04813b3486fc58cbb21887a,Balanced_Final_Split/Balanced_Final_Split/train/Esca/train_101_1160c835-3682-4c35-bbc7-f15c212cabda___FAM_B.Msls 1249.JPG,Esca,Balanced_Final_Split/Balanced_Final_Split/test/Esca/test_101_1160c835-3682-4c35-bbc7-f15c212cabda___FAM_B.Msls 1249.JPG,Esca,false
fef94cf29cf49e72b0d0417c7d2b6680654b3e38323ddb819fa1b9c39da723ef,Balanced_Final_Split/Balanced_Final_Split/train/Esca/train_102_b538f749-4eb9-4b3b-a55e-f5b293ac2d2a___FAM_B.Msls 1248_flipLR.JPG,Esca,Balanced_Final_Split/Balanced_Final_Split/test/Esca/test_102_b538f749-4eb9-4b3b-a55e-f5b293ac2d2a___FAM_B.Msls 1248_flipLR.JPG,Esca,false
c7fb87ce03c6050c850c9cf58575db0aa4d964fd20856cfd05326df35af332a7,Balanced_Final_Split/Balanced_Final_Split/train/Esca/train_103_74be2700-9949-4a16-9184-249d5868fafb___FAM_B.Msls 4448.JPG,Esca,Balanced_Final_Split/Balanced_Final_Split/test/Esca/test_103_74be2700-9949-4a16-9184-249d5868fafb___FAM_B.Msls 4448.JPG,Esca,false
899f25097863d48909501bb174606e969408625c3edefdaf1d769238dc999f2e,Balanced_Final_Split/Balanced_Final_Split/train/Esca/train_104_923dc9f8-a74e-4540-b52c-ec53bdbad7d9___FAM_B.Msls 0978.JPG,Esca,Balanced_Final_Split/Balanced_Final_Split/test/Esca/test_104_923dc9f8-a74e-4540-b52c-ec53bdbad7d9___FAM_B.Msls 0978.JPG,Esca,false
f03dcc76c5cc0c68a4f5941ed3ba57ff050bdaeb26597e66fb81006334915e6a,Balanced_Final_Split/Balanced_Final_Split/train/Esca/train_105_107e89fe-83c7-4505-80ba-7924abe13d91___FAM_B.Msls 0982_flipLR.JPG,Esca,Balanced_Final_Split/Balanced_Final_Split/test/Esca/test_105_107e89fe-83c7-4505-80ba-7924abe13d91___FAM_B.Msls 0982_flipLR.JPG,Esca,false
da0428c8ec686f355d44d8dacfb37563a36ca9d31cd8bd40c20eb4183eece66a,Balanced_Final_Split/Balanced_Final_Split/train/Esca/train_106_9c00d316-686b-4904-9496-ef0d3802f516___FAM_B.Msls 1823.JPG,Esca,Balanced_Final_Split/Balanced_Final_Split/test/Esca/test_106_9c00d316-686b-4904-9496-ef0d3802f516___FAM_B.Msls 1823.JPG,Esca,false
ed7d2de06c82b8a94f9723d5ec6345251bbd1980a9bb181f329f082f823047e7,Balanced_Final_Split/Balanced_Final_Split/train/Esca/train_107_c1015ba9-4629-43eb-90a2-accfed27b787___FAM_B.Msls 1830.JPG,Esca,Balanced_Final_Split/Balanced_Final_Split/test/Esca/test_107_c1015ba9-4629-43eb-90a2-accfed27b787___FAM_B.Msls 1830.JPG,Esca,false
89675fefcb67572a49850703d9b5e481e4542ccff38440fc74e3a43a19fd3667,Balanced_Final_Split/Balanced_Final_Split/train/Esca/train_108_fdf922fe-da7c-43a0-8e31-7c63ff8d5b2c___FAM_B.Msls 4284_flipLR.JPG,Esca,Balanced_Final_Split/Balanced_Final_Split/test/Esca/test_108_fdf922fe-da7c-43a0-8e31-7c63ff8d5b2c___FAM_B.Msls 4284_flipLR.JPG,Esca,false
f1694b404c03e86a1d3a23b5ec96dfe40049d45d083595cf3adb1c0132b37d2e,Balanced_Final_Split/Balanced_Final_Split/train/Esca/train_109_40518be1-a5c8-464e-b42e-5b23c9529383___FAM_B.Msls 1085_flipLR.JPG,Esca,Balanced_Final_Split/Balanced_Final_Split/test/Esca/test_109_40518be1-a5c8-464e-b42e-5b23c9529383___FAM_B.Msls 1085_flipLR.JPG,Esca,false
a9b3f950143e87344a750934f429f540d76a351fb0a9759e2e2845d0f9eda586,Balanced_Final_Split/Balanced_Final_Split/train/Esca/train_10_6a5edc74-e8d4-45f3-b5cf-00d7a841780f___FAM_B.Msls 3924.JPG,Esca,Balanced_Final_Split/Balanced_Final_Split/test/Esca/test_10_6a5edc74-e8d4-45f3-b5cf-00d7a841780f___FAM_B.Msls 3924.JPG,Esca,false
6c3b3cf36345fbfe7b0cd9dc2cfaca544b8ff8c493a17559aa331a875b48f3e7,Balanced_Final_Split/Balanced_Final_Split/train/Esca/train_110_9fe9e1f3-69b7-4798-b86a-fabc95ed4f01___FAM_B.Msls 4256.JPG,Esca,Balanced_Final_Split/Balanced_Final_Split/test/Esca/test_110_9fe9e1f3-69b7-4798-b86a-fabc95ed4f01___FAM_B.Msls 4256.JPG,Esca,false
e1778ecd52eba19fe67ded4ed2a95d17b451830f1e938d7efbaf2af80aa26d46,Balanced_Final_Split/Balanced_Final_Split/train/Esca/train_111_28a93822-184d-4d73-9fd1-1c3ebf1e72fc___FAM_B.Msls 0861_flipLR.JPG,Esca,Balanced_Final_Split/Balanced_Final_Split/test/Esca/test_111_28a93822-184d-4d73-9fd1-1c3ebf1e72fc___FAM_B.Msls 0861_flipLR.JPG,Esca,false
a2bc07d9c88bd93e7398d4331ad27476f588935756eafc625f8955802288e404,Balanced_Final_Split/Balanced_Final_Split/train/Esca/train_112_1dcab374-95d2-4c67-8a51-b5f8d5da7773___FAM_B.Msls 3807.JPG,Esca,Balanced_Final_Split/Balanced_Final_Split/test/Esca/test_112_1dcab374-95d2-4c67-8a51-b5f8d5da7773___FAM_B.Msls 3807.JPG,Esca,false
df97ab7dc2fc304a03ddbfca75f9d6f8366defdfbcdc82326e2a01869bb87071,Balanced_Final_Split/Balanced_Final_Split/train/Esca/train_113_908697c2-ccd6-4a5d-b4ef-24a3d387ff49___FAM_B.Msls 1794_flipLR.JPG,Esca,Balanced_Final_Split/Balanced_Final_Split/test/Esca/test_113_908697c2-ccd6-4a5d-b4ef-24a3d387ff49___FAM_B.Msls 1794_flipLR.JPG,Esca,false
faae93e7261f71dd36552ce7d451b9e7be48eba5865b6623e7d3d5156aea1f74,Balanced_Final_Split/Balanced_Final_Split/train/Esca/train_114_5609e627-47b2-4008-af43-c8103689a6a0___FAM_B.Msls 3922.JPG,Esca,Balanced_Final_Split/Balanced_Final_Split/test/Esca/test_114_5609e627-47b2-4008-af43-c8103689a6a0___FAM_B.Msls 3922.JPG,Esca,false
3e4313bead8675f11d79467de1fe861441935fb7d3cf46a68afbe78b3f337dd5,Balanced_Final_Split/Balanced_Final_Split/train/Esca/train_115_a8972cc7-cb8a-4544-b979-5ffd2eaa7dcd___FAM_B.Msls 0899_flipLR.JPG,Esca,Balanced_Final_Split/Balanced_Final_Split/test/Esca/test_115_a8972cc7-cb8a-4544-b979-5ffd2eaa7dcd___FAM_B.Msls 0899_flipLR.JPG,Esca,false
31a585cedb52ab518f3519bd2a0f4509cf564f89f8cf7b3fe9c5f0bd4fd6b15c,Balanced_Final_Split/Balanced_Final_Split/train/Esca/train_116_64857611-3383-4793-a5f2-d53f98a3195c___FAM_B.Msls 1044.JPG,Esca,Balanced_Final_Split/Balanced_Final_Split/test/Esca/test_116_64857611-3383-4793-a5f2-d53f98a3195c___FAM_B.Msls 1044.JPG,Esca,false
21862f8917c8c539a65b4bed4fcced3e56bbb976b82f37c8fdcf522cddae6b11,Balanced_Final_Split/Balanced_Final_Split/train/Esca/train_117_b8818e9a-b495-4868-8add-131344d1d2b2___FAM_B.Msls 1049_flipLR.JPG,Esca,Balanced_Final_Split/Balanced_Final_Split/test/Esca/test_117_b8818e9a-b495-4868-8add-131344d1d2b2___FAM_B.Msls 1049_flipLR.JPG,Esca,false
11d4af70b494044515be5962224651b853e49c878658dc31d81c3a4ca47627b8,Balanced_Final_Split/Balanced_Final_Split/train/Esca/train_118_887526c5-e0ce-4759-bfff-30b0d1cd3287___FAM_B.Msls 0870.JPG,Esca,Balanced_Final_Split/Balanced_Final_Split/test/Esca/test_118_887526c5-e0ce-4759-bfff-30b0d1cd3287___FAM_B.Msls 0870.JPG,Esca,false
12417fcb6b926a38d0d481a57c5789fdde0a5119da3e94e50102ef7b59a4c0af,Balanced_Final_Split/Balanced_Final_Split/train/Esca/train_119_bd315a9a-d19a-4813-bb4e-d0c18c87686e___FAM_B.Msls 4216_flipLR.JPG,Esca,Balanced_Final_Split/Balanced_Final_Split/test/Esca/test_119_bd315a9a-d19a-4813-bb4e-d0c18c87686e___FAM_B.Msls 4216_flipLR.JPG,Esca,false
31f3761023f0f87747ee19b963e6b3ff31ad2c90783b8c92db05b1c9d6285621,Balanced_Final_Split/Balanced_Final_Split/train/Esca/train_11_b150d3bf-0f76-4cb3-b6f5-461a9671b896___FAM_B.Msls 1238.JPG,Esca,Balanced_Final_Split/Balanced_Final_Split/test/Esca/test_11_b150d3bf-0f76-4cb3-b6f5-461a9671b896___FAM_B.Msls 1238.JPG,Esca,false
92635cdcc956008e186accd5493af32dc858ad77e990912c79d0f4d94e9c5a80,Balanced_Final_Split/Balanced_Final_Split/train/Esca/train_120_74049514-cc96-4e9d-9193-83908de2141e___FAM_B.Msls 4112.JPG,Esca,Balanced_Final_Split/Balanced_Final_Split/test/Esca/test_120_74049514-cc96-4e9d-9193-83908de2141e___FAM_B.Msls 4112.JPG,Esca,false
f6c81dc2a378d030c22813db14237c2c66e2bde64011af52fbf26f079d85091d,Balanced_Final_Split/Balanced_Final_Split/train/Esca/train_121_95ca0aa1-4fc4-4fbd-a8ad-c45015034704___FAM_B.Msls 4314_flipLR.JPG,Esca,Balanced_Final_Split/Balanced_Final_Split/test/Esca/test_121_95ca0aa1-4fc4-4fbd-a8ad-c45015034704___FAM_B.Msls 4314_flipLR.JPG,Esca,false
ed884b07302d2e067c730a2e37d52f5dc092b9d1aa91e845d4121d7718d6df5c,Balanced_Final_Split/Balanced_Final_Split/train/Esca/train_122_02af0429-46c1-444b-bf62-a4d0198141e8___FAM_B.Msls 1062.JPG,Esca,Balanced_Final_Split/Balanced_Final_Split/test/Esca/test_122_02af0429-46c1-444b-bf62-a4d0198141e8___FAM_B.Msls 1062.JPG,Esca,false
cece5bad1873cffda2f576a74bbfbee67f02bb3c3af0928086a375362c31b810,Balanced_Final_Split/Balanced_Final_Split/train/Esca/train_123_0560b081-3467-4f76-9c00-895eb436a902___FAM_B.Msls 1733_flipLR.JPG,Esca,Balanced_Final_Split/Balanced_Final_Split/test/Esca/test_123_0560b081-3467-4f76-9c00-895eb436a902___FAM_B.Msls 1733_flipLR.JPG,Esca,false
539f95a6ba9eda304c82d5f6e05b59f0d9f1c2b43b218ca9148613cef0987502,Balanced_Final_Split/Balanced_Final_Split/train/Esca/train_124_ed75f14d-3529-47f4-bacf-0afbe2542c55___FAM_B.Msls 4319_flipLR.JPG,Esca,Balanced_Final_Split/Balanced_Final_Split/test/Esca/test_124_ed75f14d-3529-47f4-bacf-0afbe2542c55___FAM_B.Msls 4319_flipLR.JPG,Esca,false
59e1a4d7121b7aa6e9f8e663e15251b5ff1284a3241a21529658ea133749e74d,Balanced_Final_Split/Balanced_Final_Split/train/Esca/train_125_74b8a767-7073-47e0-b30d-1c087d080fc0___FAM_B.Msls 3901_flipLR.JPG,Esca,Balanced_Final_Split/Balanced_Final_Split/test/Esca/test_125_74b8a767-7073-47e0-b30d-1c087d080fc0___FAM_B.Msls 3901_flipLR.JPG,Esca,false
a69e6f9e28ef5a6875c4c2abb434b086d8817b68d14017efdbebccc7fd686ff7,Balanced_Final_Split/Balanced_Final_Split/train/Esca/train_126_1461c5b3-2b6b-4cd2-947c-f2610257bde9___FAM_B.Msls 3899.JPG,Esca,Balanced_Final_Split/Balanced_Final_Split/test/Esca/test_126_1461c5b3-2b6b-4cd2-947c-f2610257bde9___FAM_B.Msls 3899.JPG,Esca,false
db8aba8e171d1eddb3f3f454f8fc7997b1fc79ac85467fc5bf3d3ea2e2a32379,Balanced_Final_Split/Balanced_Final_Split/train/Esca/train_127_f1714153-3c89-4109-9a89-e813c975ba9e___FAM_B.Msls 3942_flipLR.JPG,Esca,Balanced_Final_Split/Balanced_Final_Split/test/Esca/test_127_f1714153-3c89-4109-9a89-e813c975ba9e___FAM_B.Msls 3942_flipLR.JPG,Esca,false
8473308a91388ce878d582d85a2b97b57955cfbf28b4802e87c48d307e1a1b35,Balanced_Final_Split/Balanced_Final_Split/train/Esca/train_128_c1fdb0d9-6fac-4c64-b520-cb73709e6536___FAM_B.Msls 1224.JPG,Esca,Balanced_Final_Split/Balanced_Final_Split/test/Esca/test_128_c1fdb0d9-6fac-4c64-b520-cb73709e6536___FAM_B.Msls 1224.JPG,Esca,false
1d48e45e9ce8394fd9e892f737fda9073e3fe7ee40b91c52c25eda93d0fdd773,Balanced_Final_Split/Balanced_Final_Split/train/Esca/train_129_beab1f3f-2d0c-42bf-a2ad-9c8febc02bbc___FAM_B.Msls 3851_flipLR.JPG,Esca,Balanced_Final_Split/Balanced_Final_Split/test/Esca/test_129_beab1f3f-2d0c-42bf-a2ad-9c8febc02bbc___FAM_B.Msls 3851_flipLR.JPG,Esca,false
bf5401a6e37b5cb819ca5fab17aa5f2c41d98a6c056c737564f5428439e62527,Balanced_Final_Split/Balanced_Final_Split/train/Esca/train_12_81adb858-f7b1-4122-a00e-5f2f38581f03___FAM_B.Msls 3911_flipLR.JPG,Esca,Balanced_Final_Split/Balanced_Final_Split/test/Esca/test_12_81adb858-f7b1-4122-a00e-5f2f38581f03___FAM_B.Msls 3911_flipLR.JPG,Esca,false
6e1d8661657691c87c6aad0d8924c1b26c446e7fa81c34c181d84ee3f22d7a7a,Balanced_Final_Split/Balanced_Final_Split/train/Esca/train_130_cc40d22e-41ff-433f-a36f-57cd9dab83c3___FAM_B.Msls 4093.JPG,Esca,Balanced_Final_Split/Balanced_Final_Split/test/Esca/test_130_cc40d22e-41ff-433f-a36f-57cd9dab83c3___FAM_B.Msls 4093.JPG,Esca,false
ed99d406b57d780eba5f56f83d5c9324b43b4375f3746b51bd3c94a9aed12641,Balanced_Final_Split/Balanced_Final_Split/train/Esca/train_131_25e895e3-2443-4fb2-8e5f-6efec31483e1___FAM_B.Msls 0936_flipLR.JPG,Esca,Balanced_Final_Split/Balanced_Final_Split/test/Esca/test_131_25e895e3-2443-4fb2-8e5f-6efec31483e1___FAM_B.Msls 0936_flipLR.JPG,Esca,false
8796188bbbeb00561f2c454268b5f1c43cbc047fccd677d2f83bf44e0afa9f11,Balanced_Final_Split/Balanced_Final_Split/train/Esca/train_132_395ff3a0-926c-45f8-b44e-1f509e2f9e98___FAM_B.Msls 1811.JPG,Esca,Balanced_Final_Split/Balanced_Final_Split/test/Esca/test_132_395ff3a0-926c-45f8-b44e-1f509e2f9e98___FAM_B.Msls 1811.JPG,Esca,false
465215c8f52f994ecea212fc606868697e7d7c722f60e64271840a8b928450e7,Balanced_Final_Split/Balanced_Final_Split/train/Esca/train_133_5d6ab00e-8d19-464e-b8fa-720307aebff0___FAM_B.Msls 0855.JPG,Esca,Balanced_Final_Split/Balanced_Final_Split/test/Esca/test_133_5d6ab00e-8d19-464e-b8fa-720307aebff0___FAM_B.Msls 0855.JPG,Esca,false
c09277676adcc2cbfa62d9a1e88bb125bb171905c3dd138bf8aea947d8e0b6f4,Balanced_Final_Split/Balanced_Final_Split/train/Esca/train_134_7bcd5517-4745-49e4-93cf-5935f0ea9e3b___FAM_B.Msls 0896.JPG,Esca,Balanced_Final_Split/Balanced_Final_Split/test/Esca/test_134_7bcd5517-4745-49e4-93cf-5935f0ea9e3b___FAM_B.Msls 0896.JPG,Esca,false
a8685eccb7fa53dabde0b6a8b1b9309275314a85e0f339636692f9ad03ed5ea4,Balanced_Final_Split/Balanced_Final_Split/train/Esca/train_135_3d12dd3a-9ab4-461e-b2c6-643c132caf79___FAM_B.Msls 1159.JPG,Esca,Balanced_Final_Split/Balanced_Final_Split/test/Esca/test_135_3d12dd3a-9ab4-461e-b2c6-643c132caf79___FAM_B.Msls 1159.JPG,Esca,false
a6e06d4383f57b88bd8911feb0d7a6813762f5bf0bc25c7666253adfd0207e28,Balanced_Final_Split/Balanced_Final_Split/train/Esca/train_136_02223cc6-30d2-408d-a091-65257d044a50___FAM_B.Msls 0908_flipLR.JPG,Esca,Balanced_Final_Split/Balanced_Final_Split/test/Esca/test_136_02223cc6-30d2-408d-a091-65257d044a50___FAM_B.Msls 0908_flipLR.JPG,Esca,false
b7bd732aa363248df6fe7126ac61d01b669b8fc5158608c0d00c95428007153d,Balanced_Final_Split/Balanced_Final_Split/train/Esca/train_137_0e1c89b9-d289-471a-988f-850f4874621e___FAM_B.Msls 3950.JPG,Esca,Balanced_Final_Split/Balanced_Final_Split/test/Esca/test_137_0e1c89b9-d289-471a-988f-850f4874621e___FAM_B.Msls 3950.JPG,Esca,false
1ec501fc89adce38494466bdeead8aec7e27c2119c893400528ddcce127f6432,Balanced_Final_Split/Balanced_Final_Split/train/Esca/train_138_26796d1d-8d47-48da-93b7-26b4da73ab0a___FAM_B.Msls 3875.JPG,Esca,Balanced_Final_Split/Balanced_Final_Split/test/Esca/test_138_26796d1d-8d47-48da-93b7-26b4da73ab0a___FAM_B.Msls 3875.JPG,Esca,false
5868532ae306e07f83fd89be4dd14122a6af4caae8d82faa92271548b3a8bc9b,Balanced_Final_Split/Balanced_Final_Split/train/Esca/train_139_d91774fe-94c4-4f98-a4ad-106794907f27___FAM_B.Msls 4393.JPG,Esca,Balanced_Final_Split/Balanced_Final_Split/test/Esca/test_139_d91774fe-94c4-4f98-a4ad-106794907f27___FAM_B.Msls 4393.JPG,Esca,false
ab6e1d731f8ab4775311404e3992b3192dc16623db0ec3606abbb8aeba958b2d,Balanced_Final_Split/Balanced_Final_Split/train/Esca/train_13_01162551-b800-4df8-ac46-64d17d6ac5bf___FAM_B.Msls 1153_flipLR.JPG,Esca,Balanced_Final_Split/Balanced_Final_Split/test/Esca/test_13_01162551-b800-4df8-ac46-64d17d6ac5bf___FAM_B.Msls 1153_flipLR.JPG,Esca,false
10bab3c2d1f7ee8ecd401f60089f025c29ba587719e04d6abbfab2dc9173a485,Balanced_Final_Split/Balanced_Final_Split/train/Esca/train_140_419a7e1b-a8f5-4ef1-8ff3-4d680dcea8df___FAM_B.Msls 4301.JPG,Esca,Balanced_Final_Split/Balanced_Final_Split/test/Esca/test_140_419a7e1b-a8f5-4ef1-8ff3-4d680dcea8df___FAM_B.Msls 4301.JPG,Esca,false
916715765c81584f767857b20973a57a99fa74a88ccc310ac9d7924d600871b7,Balanced_Final_Split/Balanced_Final_Split/train/Esca/train_141_cc173e43-d13a-47aa-bb59-d4724d09e816___FAM_B.Msls 1842_flipLR.JPG,Esca,Balanced_Final_Split/Balanced_Final_Split/test/Esca/test_141_cc173e43-d13a-47aa-bb59-d4724d09e816___FAM_B.Msls 1842_flipLR.JPG,Esca,false
c4e0d555b103a891352bc488d06425253e936bc0d2f52afd103f84674f71ca06,Balanced_Final_Split/Balanced_Final_Split/train/Esca/train_142_a0bf543a-219b-42be-9b8f-ef93eb7b21c4___FAM_B.Msls 0997_flipLR.JPG,Esca,Balanced_Final_Split/Balanced_Final_Split/test/Esca/test_142_a0bf543a-219b-42be-9b8f-ef93eb7b21c4___FAM_B.Msls 0997_flipLR.JPG,Esca,false
024125cd28a9365afa89c9cb7c0af2cda7776b30b6e19617db96a6fd5d534cb1,Balanced_Final_Split/Balanced_Final_Split/train/Esca/train_143_81bc0139-c820-48c3-8a59-3fc08493b502___FAM_B.Msls 4227.JPG,Esca,Balanced_Final_Split/Balanced_Final_Split/test/Esca/test_143_81bc0139-c820-48c3-8a59-3fc08493b502___FAM_B.Msls 4227.JPG,Esca,false
1f73efb6b3675f6d97e5e281bb74b9cf5463b58df4864fc112305ee77c641f3c,Balanced_Final_Split/Balanced_Final_Split/train/Esca/train_144_bccb4e55-38e7-4162-81d2-a44045ead579___FAM_B.Msls 0881.JPG,Esca,Balanced_Final_Split/Balanced_Final_Split/test/Esca/test_144_bccb4e55-38e7-4162-81d2-a44045ead579___FAM_B.Msls 0881.JPG,Esca,false
93c750c2fc468a1dc7a7c746dade57fab87acaaeefa51b77de79fb47bdca58ae,Balanced_Final_Split/Balanced_Final_Split/train/Esca/train_145_ea4041b5-ba1e-4bba-9120-f880f1534cb6___FAM_B.Msls 4008.JPG,Esca,Balanced_Final_Split/Balanced_Final_Split/test/Esca/test_145_ea4041b5-ba1e-4bba-9120-f880f1534cb6___FAM_B.Msls 4008.JPG,Esca,false
95006e05bf84a6ee8aadb782bc236414f027d969e088bbc454135ccdf0ff96a7,Balanced_Final_Split/Balanced_Final_Split/train/Esca/train_146_76861df0-8ad1-439c-a2a7-8f58dbd54a37___FAM_B.Msls 1108.JPG,Esca,Balanced_Final_Split/Balanced_Final_Split/test/Esca/test_146_76861df0-8ad1-439c-a2a7-8f58dbd54a37___FAM_B.Msls 1108.JPG,Esca,false
b4d334267d2ad006c2655f05a51ec0549dfa453e595700e07756e9f60d9b776d,Balanced_Final_Split/Balanced_Final_Split/train/Esca/train_147_52d0164b-7040-4089-a64e-ac293d236be5___FAM_B.Msls 4454_flipLR.JPG,Esca,Balanced_Final_Split/Balanced_Final_Split/test/Esca/test_147_52d0164b-7040-4089-a64e-ac293d236be5___FAM_B.Msls 4454_flipLR.JPG,Esca,false
449ba2b9107fe655e1ac82523f2a103ab064bec18f4d9b2b77a9f682d79d41e4,Balanced_Final_Split/Balanced_Final_Split/train/Esca/train_148_2284b3b4-d74e-4fbe-9296-b04e39ae5acb___FAM_B.Msls 0882_flipLR.JPG,Esca,Balanced_Final_Split/Balanced_Final_Split/test/Esca/test_148_2284b3b4-d74e-4fbe-9296-b04e39ae5acb___FAM_B.Msls 0882_flipLR.JPG,Esca,false
2e7b8575d927b8c9ab8b40736b1810403a5aaea3a91ac5f4d1c473d07437305e,Balanced_Final_Split/Balanced_Final_Split/train/Esca/train_149_d30c83d7-b554-48e7-9c50-d7d844b409d4___FAM_B.Msls 4005_flipLR.JPG,Esca,Balanced_Final_Split/Balanced_Final_Split/test/Esca/test_149_d30c83d7-b554-48e7-9c50-d7d844b409d4___FAM_B.Msls 4005_flipLR.JPG,Esca,false
dee7e6a287d3a9a02467974a51fc61005003268e5b162affd8b19c9613c991dd,Balanced_Final_Split/Balanced_Final_Split/train/Esca/train_14_d21ba060-6f5e-49cc-a1b9-0aa63758e9db___FAM_B.Msls 1201.JPG,Esca,Balanced_Final_Split/Balanced_Final_Split/test/Esca/test_14_d21ba060-6f5e-49cc-a1b9-0aa63758e9db___FAM_B.Msls 1201.JPG,Esca,false
d52e7a7451a09bfe4a026e0fb917383ab4b67e686e05d9c5190fdba3918e6792,Balanced_Final_Split/Balanced_Final_Split/train/Esca/train_150_3520b3b3-750d-4aa5-849b-2a88f751979a___FAM_B.Msls 4211.JPG,Esca,Balanced_Final_Split/Balanced_Final_Split/test/Esca/test_150_3520b3b3-750d-4aa5-849b-2a88f751979a___FAM_B.Msls 4211.JPG,Esca,false
f29187b2257b4e9e77bd31d198c9369fcfe078eb2361499e7285cde3be432061,Balanced_Final_Split/Balanced_Final_Split/train/Esca/train_151_21325767-874e-4076-b279-6091eb07473c___FAM_B.Msls 4156.JPG,Esca,Balanced_Final_Split/Balanced_Final_Split/test/Esca/test_151_21325767-874e-4076-b279-6091eb07473c___FAM_B.Msls 4156.JPG,Esca,false
9e7eaf02b8e6ad7c49b42b7a2e02b4ece3ab100d8bdcc935bd1c68c03a7fcc74,Balanced_Final_Split/Balanced_Final_Split/train/Esca/train_152_cc91c0d9-dcc0-41fc-a264-140684c13beb___FAM_B.Msls 4250.JPG,Esca,Balanced_Final_Split/Balanced_Final_Split/test/Esca/test_152_cc91c0d9-dcc0-41fc-a264-140684c13beb___FAM_B.Msls 4250.JPG,Esca,false
2734d5a4d7021b1e43ff11ccff562c207e00d667f6c2cf3223087128919db888,Balanced_Final_Split/Balanced_Final_Split/train/Esca/train_153_3394d516-c118-4362-b159-da7a97bcde07___FAM_B.Msls 1120_flipLR.JPG,Esca,Balanced_Final_Split/Balanced_Final_Split/test/Esca/test_153_3394d516-c118-4362-b159-da7a97bcde07___FAM_B.Msls 1120_flipLR.JPG,Esca,false
05b508785c3313acc05cf658487b7e792dbe7c691d988c3c47c9822d2c36cbcb,Balanced_Final_Split/Balanced_Final_Split/train/Esca/train_154_f877753e-190c-4d15-a901-1367b34ff4b5___FAM_B.Msls 1819.JPG,Esca,Balanced_Final_Split/Balanced_Final_Split/test/Esca/test_154_f877753e-190c-4d15-a901-1367b34ff4b5___FAM_B.Msls 1819.JPG,Esca,false
56b7b0d3daeea32a273b2fac7b7c375c5a117b40c9ef60b75fa309b32d309361,Balanced_Final_Split/Balanced_Final_Split/train/Esca/train_155_22d149ed-9bb5-4c66-8f9f-2a504c3bc8aa___FAM_B.Msls 4067.JPG,Esca,Balanced_Final_Split/Balanced_Final_Split/test/Esca/test_155_22d149ed-9bb5-4c66-8f9f-2a504c3bc8aa___FAM_B.Msls 4067.JPG,Esca,false
9a46aee75188d30e7fd558a51886b35cecc96b13f80fbd86828de558b7ae4af0,Balanced_Final_Split/Balanced_Final_Split/train/Esca/train_156_5309771c-b262-437f-9f79-f02f3bcd979c___FAM_B.Msls 3895.JPG,Esca,Balanced_Final_Split/Balanced_Final_Split/test/Esca/test_156_5309771c-b262-437f-9f79-f02f3bcd979c___FAM_B.Msls 3895.JPG,Esca,false
fb823e7c5ed29fb142527236dccbb6b97cfe551498d247cc07011de580378cac,Balanced_Final_Split/Balanced_Final_Split/train/Esca/train_157_342908ce-8cad-40e9-a422-d7744e079292___FAM_B.Msls 0869_flipLR.JPG,Esca,Balanced_Final_Split/Balanced_Final_Split/test/Esca/test_157_342908ce-8cad-40e9-a422-d7744e079292___FAM_B.Msls 0869_flipLR.JPG,Esca,false
b65cec3cbe6bfde2de75e5c33aa1dad0e0b7da2b5999f50e004202d8099eedd0,Balanced_Final_Split/Balanced_Final_Split/train/Esca/train_158_3520b3b3-750d-4aa5-849b-2a88f751979a___FAM_B.Msls 4211_flipLR.JPG,Esca,Balanced_Final_Split/Balanced_Final_Split/test/Esca/test_158_3520b3b3-750d-4aa5-849b-2a88f751979a___FAM_B.Msls 4211_flipLR.JPG,Esca,false
0b2ac2b74ef54218346ee8792f11bde8a7334b184dfbbb9e798fd017a0973e20,Balanced_Final_Split/Balanced_Final_Split/train/Esca/train_159_d21ba060-6f5e-49cc-a1b9-0aa63758e9db___FAM_B.Msls 1201_flipLR.JPG,Esca,Balanced_Final_Split/Balanced_Final_Split/test/Esca/test_159_d21ba060-6f5e-49cc-a1b9-0aa63758e9db___FAM_B.Msls 1201_flipLR.JPG,Esca,false
20e6d3ee1bcc62709c758edb7395b0bcc149423e04d9d0747a5c4eebf0439b6e,Balanced_Final_Split/Balanced_Final_Split/train/Esca/train_15_2be6cf2c-439e-4db0-8331-48daf39cbe58___FAM_B.Msls 1133.JPG,Esca,Balanced_Final_Split/Balanced_Final_Split/test/Esca/test_15_2be6cf2c-439e-4db0-8331-48daf39cbe58___FAM_B.Msls 1133.JPG,Esca,false
f0dd4302489154a5153ad14f4b0a8c8b71de930ad390ecd892b73d2b8070fcb3,Balanced_Final_Split/Balanced_Final_Split/train/Esca/train_160_28a93822-184d-4d73-9fd1-1c3ebf1e72fc___FAM_B.Msls 0861.JPG,Esca,Balanced_Final_Split/Balanced_Final_Split/test/Esca/test_160_28a93822-184d-4d73-9fd1-1c3ebf1e72fc___FAM_B.Msls 0861.JPG,Esca,false
256fc89056a98a846215fec601cfb8743e4033eb123d8c19d26a5dd3653d79c1,Balanced_Final_Split/Balanced_Final_Split/train/Esca/train_161_c6ea6ac2-7fa7-4eaf-8e5d-7a1e34138cf3___FAM_B.Msls 1840.JPG,Esca,Balanced_Final_Split/Balanced_Final_Split/test/Esca/test_161_c6ea6ac2-7fa7-4eaf-8e5d-7a1e34138cf3___FAM_B.Msls 1840.JPG,Esca,false
d0347236c849325eb177b1b6852e72b0dab569637757b36dcee00065203472a8,Balanced_Final_Split/Balanced_Final_Split/train/Esca/train_162_20b52ff6-9a8b-4bdd-8d52-ff7e820bea22___FAM_B.Msls 3889_flipLR.JPG,Esca,Balanced_Final_Split/Balanced_Final_Split/test/Esca/test_162_20b52ff6-9a8b-4bdd-8d52-ff7e820bea22___FAM_B.Msls 3889_flipLR.JPG,Esca,false
f920154c0563c311c3ddff54c353bc916b12df05b8c7acecba525c3d3e04d36a,Balanced_Final_Split/Balanced_Final_Split/train/Esca/train_163_b150d3bf-0f76-4cb3-b6f5-461a9671b896___FAM_B.Msls 1238_flipLR.JPG,Esca,Balanced_Final_Split/Balanced_Final_Split/test/Esca/test_163_b150d3bf-0f76-4cb3-b6f5-461a9671b896___FAM_B.Msls 1238_flipLR.JPG,Esca,false
d1b64f4de58dc3d03e94da519af12ef6b3c71310872c3dadceab44292e9beaf2,Balanced_Final_Split/Balanced_Final_Split/train/Esca/train_164_166f355b-da44-426d-8660-6ed5cad6538d___FAM_B.Msls 0935_flipLR.JPG,Esca,Balanced_Final_Split/Balanced_Final_Split/test/Esca/test_164_166f355b-da44-426d-8660-6ed5cad6538d___FAM_B.Msls 0935_flipLR.JPG,Esca,false
c7d64a928702ebbe8d0d8a328468edf0965d90329b10316ecc0e348abb240e83,Balanced_Final_Split/Balanced_Final_Split/train/Esca/train_165_50555c5d-bb92-4113-9468-e51028c75633___FAM_B.Msls 4305_flipLR.JPG,Esca,Balanced_Final_Split/Balanced_Final_Split/test/Esca/test_165_50555c5d-bb92-4113-9468-e51028c75633___FAM_B.Msls 4305_flipLR.JPG,Esca,false
1dd2d80d0e9d03e919ea5b49bae035ad0588471e167043b786abe9e876c8ec5c,Balanced_Final_Split/Balanced_Final_Split/train/Esca/train_166_f9e452d3-c5a1-4670-907e-b1498c25a872___FAM_B.Msls 4456.JPG,Esca,Balanced_Final_Split/Balanced_Final_Split/test/Esca/test_166_f9e452d3-c5a1-4670-907e-b1498c25a872___FAM_B.Msls 4456.JPG,Esca,false
6de998130ea0a633a3202c341b11438d80923dda51e80ed7afaf13f7f79d1b83,Balanced_Final_Split/Balanced_Final_Split/train/Esca/train_167_94a61160-ffbb-4edf-8513-d244e82fa56e___FAM_B.Msls 0871.JPG,Esca,Balanced_Final_Split/Balanced_Final_Split/test/Esca/test_167_94a61160-ffbb-4edf-8513-d244e82fa56e___FAM_B.Msls 0871.JPG,Esca,false
7bfdaf0a87a0a9916923d1e154f10206a89fc586bcc70027be5e0cdb52a9f1ed,Balanced_Final_Split/Balanced_Final_Split/train/Esca/train_168_65d87861-592e-4bfb-bfa6-67374084a8eb___FAM_B.Msls 1281.JPG,Esca,Balanced_Final_Split/Balanced_Final_Split/test/Esca/test_168_65d87861-592e-4bfb-bfa6-67374084a8eb___FAM_B.Msls 1281.JPG,Esca,false
a813e352ba5c1c8334c0d916c9c9e52635716d84cc50eb3482fae64ab11f14e6,Balanced_Final_Split/Balanced_Final_Split/train/Esca/train_169_f055d7db-5efa-4f3e-aef2-2ad993a54afc___FAM_B.Msls 4266.JPG,Esca,Balanced_Final_Split/Balanced_Final_Split/test/Esca/test_169_f055d7db-5efa-4f3e-aef2-2ad993a54afc___FAM_B.Msls 4266.JPG,Esca,false
b4a885c9c30719f0642a4c70ed1c7f5316724d59bb7dcc5fa8a674b422c69d59,Balanced_Final_Split/Balanced_Final_Split/train/Esca/train_16_a15b25f3-d3d8-47cf-9d61-d34aa8032c96___FAM_B.Msls 1734_flipLR.JPG,Esca,Balanced_Final_Split/Balanced_Final_Split/test/Esca/test_16_a15b25f3-d3d8-47cf-9d61-d34aa8032c96___FAM_B.Msls 1734_flipLR.JPG,Esca,false
940c9541083485984fe933b38d6f462f9ddbf79ccd01a6dad4c7b6bb957530c5,Balanced_Final_Split/Balanced_Final_Split/train/Esca/train_170_e1f2cfa2-696a-4661-80ff-c85c50724181___FAM_B.Msls 0983_flipLR.JPG,Esca,Balanced_Final_Split/Balanced_Final_Split/test/Esca/test_170_e1f2cfa2-696a-4661-80ff-c85c50724181___FAM_B.Msls 0983_flipLR.JPG,Esca,false
1f5d7a94fad9cfbc03cca0f548d9cb68be733811896cdbb4fbacd47aa0f62c44,Balanced_Final_Split/Balanced_Final_Split/train/Esca/train_171_c33d39f6-5240-4e06-bd31-b497c978692b___FAM_B.Msls 4186.JPG,Esca,Balanced_Final_Split/Balanced_Final_Split/test/Esca/test_171_c33d39f6-5240-4e06-bd31-b497c978692b___FAM_B.Msls 4186.JPG,Esca,false
5a28cc68c72e75d3ee572ad3946dc2d322479e4b920b17ebb17678ba285e8c47,Balanced_Final_Split/Balanced_Final_Split/train/Esca/train_172_30cf68e1-9bef-4452-8a2c-222b9870c610___FAM_B.Msls 1031_flipLR.JPG,Esca,Balanced_Final_Split/Balanced_Final_Split/test/Esca/test_172_30cf68e1-9bef-4452-8a2c-222b9870c610___FAM_B.Msls 1031_flipLR.JPG,Esca,false
d73ef9e473c3b85ebbc10f44e811a8ebd2c6e36ba322d9d5a561d8a596be6f12,Balanced_Final_Split/Balanced_Final_Split/train/Esca/train_173_5c124bf5-c993-48a4-9e84-9c545324a57c___FAM_B.Msls 1795.JPG,Esca,Balanced_Final_Split/Balanced_Final_Split/test/Esca/test_173_5c124bf5-c993-48a4-9e84-9c545324a57c___FAM_B.Msls 1795.JPG,Esca,false
ce1851973e38357583033468705a4a721ff2fdb71d68cc5e6ad0524071a0243e,Balanced_Final_Split/Balanced_Final_Split/train/Esca/train_174_543eab62-9bb3-4b18-9602-21b7f19d82e0___FAM_B.Msls 0921_flipLR.JPG,Esca,Balanced_Final_Split/Balanced_Final_Split/test/Esca/test_174_543eab62-9bb3-4b18-9602-21b7f19d82e0___FAM_B.Msls 0921_flipLR.JPG,Esca,false
78b22738bb03520f5d7f6804c6094b5857982622437d7cbb1e7dd080341afde7,Balanced_Final_Split/Balanced_Final_Split/train/Esca/train_175_e4d0c633-6221-4cc1-ad74-5a3f6e4220d6___FAM_B.Msls 4218_flipLR.JPG,Esca,Balanced_Final_Split/Balanced_Final_Split/test/Esca/test_175_e4d0c633-6221-4cc1-ad74-5a3f6e4220d6___FAM_B.Msls 4218_flipLR.JPG,Esca,false
42b6c3fb710d7775395f68d38112f633c45e6765f63ed42a014143a62ffc92ca,Balanced_Final_Split/Balanced_Final_Split/train/Esca/train_176_cb89454d-f03c-424a-a006-b8049c685f86___FAM_B.Msls 0999.JPG,Esca,Balanced_Final_Split/Balanced_Final_Split/test/Esca/test_176_cb89454d-f03c-424a-a006-b8049c685f86___FAM_B.Msls 0999.JPG,Esca,false
9516841ea0e027716bd019228c09fa46fd5c88b98e39fef7218b4471ea782a87,Balanced_Final_Split/Balanced_Final_Split/train/Esca/train_177_f8435b35-e46f-4964-ba06-bb49ffd782e1___FAM_B.Msls 0964_flipLR.JPG,Esca,Balanced_Final_Split/Balanced_Final_Split/test/Esca/test_177_f8435b35-e46f-4964-ba06-bb49ffd782e1___FAM_B.Msls 0964_flipLR.JPG,Esca,false
7a81bb1f78ed3ec3bf0a233e58ee1eb180b1e05afd2a230679842dc2515a832a,Balanced_Final_Split/Balanced_Final_Split/train/Esca/train_178_bf607e80-310a-4111-8ca1-30ba05d06d47___FAM_B.Msls 3919.JPG,Esca,Balanced_Final_Split/Balanced_Final_Split/test/Esca/test_178_bf607e80-310a-4111-8ca1-30ba05d06d47___FAM_B.Msls 3919.JPG,Esca,false
ed886b512964f7fbddd3b2452607d4801d0b3ca1c59e01eca5344063394557af,Balanced_Final_Split/Balanced_Final_Split/train/Esca/train_179_0075b632-2e34-4e4f-9697-fe2b332b7ef8___FAM_B.Msls 4399_flipLR.JPG,Esca,Balanced_Final_Split/Balanced_Final_Split/test/Esca/test_179_0075b632-2e34-4e4f-9697-fe2b332b7ef8___FAM_B.Msls 4399_flipLR.JPG,Esca,false
e221e0ee1dd80d20e3e0ec587b5935011c2d70282fab7edc9b0a6ea6457fd01d,Balanced_Final_Split/Balanced_Final_Split/train/Esca/train_17_b448d442-4c7c-4c5d-a8e6-799c20a697e4___FAM_B.Msls 4320_flipLR.JPG,Esca,Balanced_Final_Split/Balanced_Final_Split/test/Esca/test_17_b448d442-4c7c-4c5d-a8e6-799c20a697e4___FAM_B.Msls 4320_flipLR.JPG,Esca,false
f57600572847a8df1f9c4a8c5479b489ff0c19dd0b95709fbf3614d70dc2ea7b,Balanced_Final_Split/Balanced_Final_Split/train/Esca/train_180_a75e0225-d002-4491-a20b-437970b49e19___FAM_B.Msls 1157.JPG,Esca,Balanced_Final_Split/Balanced_Final_Split/test/Esca/test_180_a75e0225-d002-4491-a20b-437970b49e19___FAM_B.Msls 1157.JPG,Esca,false
59312d2ae325fa2f33cae7bb6470abc43a3051badb758055f0107f7e7c6ba221,Balanced_Final_Split/Balanced_Final_Split/train/Esca/train_181_2846635f-28ec-400f-94de-b50c735f20e0___FAM_B.Msls 1216_flipLR.JPG,Esca,Balanced_Final_Split/Balanced_Final_Split/test/Esca/test_181_2846635f-28ec-400f-94de-b50c735f20e0___FAM_B.Msls 1216_flipLR.JPG,Esca,false
0de86bc3867f3952b442ded13ea988b293d7f31fc0c7200bf37d12299a0e7393,Balanced_Final_Split/Balanced_Final_Split/train/Esca/train_182_b32fb6c3-109e-447c-a117-798ba83abc38___FAM_B.Msls 3941.JPG,Esca,Balanced_Final_Split/Balanced_Final_Split/test/Esca/test_182_b32fb6c3-109e-447c-a117-798ba83abc38___FAM_B.Msls 3941.JPG,Esca,false
132fdda3ba7b227859d9568528f2d7195ed0eba863f4e7896f198c63e48037e0,Balanced_Final_Split/Balanced_Final_Split/train/Esca/train_183_a7d77dc1-c8d7-4105-8e9f-88dedb54c779___FAM_B.Msls 1305_flipLR.JPG,Esca,Balanced_Final_Split/Balanced_Final_Split/test/Esca/test_183_a7d77dc1-c8d7-4105-8e9f-88dedb54c779___FAM_B.Msls 1305_flipLR.JPG,Esca,false
333a6e8e822983c73032927a1f9a0115d38ecd4bd2a4a70b68534132d1954237,Balanced_Final_Split/Balanced_Final_Split/train/Esca/train_184_8e70f105-3e74-4b55-a2c0-3aba95a17583___FAM_B.Msls 4144.JPG,Esca,Balanced_Final_Split/Balanced_Final_Split/test/Esca/test_184_8e70f105-3e74-4b55-a2c0-3aba95a17583___FAM_B.Msls 4144.JPG,Esca,false
a2d8006ff02a27867f699317c5c42225fe1a4c6c4a766b17369b55ee703669d0,Balanced_Final_Split/Balanced_Final_Split/train/Esca/train_185_212b261f-2ed6-481e-8dc9-68a4e31772f8___FAM_B.Msls 1239.JPG,Esca,Balanced_Final_Split/Balanced_Final_Split/test/Esca/test_185_212b261f-2ed6-481e-8dc9-68a4e31772f8___FAM_B.Msls 1239.JPG,Esca,false
d6c89da527a1b3eb873897f1821227e317e516428fbe81bd51195706986ee980,Balanced_Final_Split/Balanced_Final_Split/train/Esca/train_186_46270bf8-4d82-4c7e-b1ce-b7abfe81b891___FAM_B.Msls 3854.JPG,Esca,Balanced_Final_Split/Balanced_Final_Split/test/Esca/test_186_46270bf8-4d82-4c7e-b1ce-b7abfe81b891___FAM_B.Msls 3854.JPG,Esca,false
b93f252d6617b5d4259489dabf6b916629a480b50b874002467236816d094dff,Balanced_Final_Split/Balanced_Final_Split/train/Esca/train_187_a4c5a74b-eb17-495c-bdae-b25268069139___FAM_B.Msls 1881_flipLR.JPG,Esca,Balanced_Final_Split/Balanced_Final_Split/test/Esca/test_187_a4c5a74b-eb17-495c-bdae-b25268069139___FAM_B.Msls 1881_flipLR.JPG,Esca,false
d108206272f4a9157f09dda8f9a87927559c471325e0efa877c9e8294070fec8,Balanced_Final_Split/Balanced_Final_Split/train/Esca/train_188_9f20a2e9-71bb-46fe-b016-136c2f14de38___FAM_B.Msls 0843.JPG,Esca,Balanced_Final_Split/Balanced_Final_Split/test/Esca/test_188_9f20a2e9-71bb-46fe-b016-136c2f14de38___FAM_B.Msls 0843.JPG,Esca,false
547e22230cf51e2ba40ed969322104896a6490f7a4593d8740dd51868f5fed3e,Balanced_Final_Split/Balanced_Final_Split/train/Esca/train_189_d6c1cc97-5246-4e49-bc59-e38459e83cdc___FAM_B.Msls 4361_flipLR.JPG,Esca,Balanced_Final_Split/Balanced_Final_Split/test/Esca/test_189_d6c1cc97-5246-4e49-bc59-e38459e83cdc___FAM_B.Msls 4361_flipLR.JPG,Esca,false
132ccbd0adfd93402dfa341f8b19266bd925788c469d97d6af9bc39567b5f77b,Balanced_Final_Split/Balanced_Final_Split/train/Esca/train_18_5715769e-6b32-44ab-82e3-5e3e90f1e584___FAM_B.Msls 1054.JPG,Esca,Balanced_Final_Split/Balanced_Final_Split/test/Esca/test_18_5715769e-6b32-44ab-82e3-5e3e90f1e584___FAM_B.Msls 1054.JPG,Esca,false
f647cd4f77a2820b6adb9276de5b2a524402be90cc0560d5f72ebddb656ace06,Balanced_Final_Split/Balanced_Final_Split/train/Esca/train_190_7ae8ced4-403d-402f-8035-1efa30ed9b2a___FAM_B.Msls 1797.JPG,Esca,Balanced_Final_Split/Balanced_Final_Split/test/Esca/test_190_7ae8ced4-403d-402f-8035-1efa30ed9b2a___FAM_B.Msls 1797.JPG,Esca,false
7385a30c1fe7b4a93c75ad931c7382fdb98e450ebc3132de88aefc4f8cd01928,Balanced_Final_Split/Balanced_Final_Split/train/Esca/train_191_71c85a06-efe2-43bd-aaff-34818eb95232___FAM_B.Msls 0900.JPG,Esca,Balanced_Final_Split/Balanced_Final_Split/test/Esca/test_191_71c85a06-efe2-43bd-aaff-34818eb95232___FAM_B.Msls 0900.JPG,Esca,false
a383b218a03321cbc08d4e2f72924413ab3b45afb0d85694c4a93d56717c94a5,Balanced_Final_Split/Balanced_Final_Split/train/Esca/train_192_79e261e6-ab89-4675-973c-bf55a6843e35___FAM_B.Msls 4335_flipLR.JPG,Esca,Balanced_Final_Split/Balanced_Final_Split/test/Esca/test_192_79e261e6-ab89-4675-973c-bf55a6843e35___FAM_B.Msls 4335_flipLR.JPG,Esca,false
b0f8dd3277fc74572180915bad5bb43096d5b092fd949cef44d63dff4443bc22,Balanced_Final_Split/Balanced_Final_Split/train/Esca/train_193_62bc65e0-1408-4a21-bde4-7766b2b98083___FAM_B.Msls 1791_flipLR.JPG,Esca,Balanced_Final_Split/Balanced_Final_Split/test/Esca/test_193_62bc65e0-1408-4a21-bde4-7766b2b98083___FAM_B.Msls 1791_flipLR.JPG,Esca,false
e5d2fa74b92159688761f2f2e5b859a2089b87b65efc18088fab908c60213367,Balanced_Final_Split/Balanced_Final_Split/train/Esca/train_194_e9ab2ee7-be8c-41c2-b239-05fe6bbbd591___FAM_B.Msls 4053.JPG,Esca,Balanced_Final_Split/Balanced_Final_Split/test/Esca/test_194_e9ab2ee7-be8c-41c2-b239-05fe6bbbd591___FAM_B.Msls 4053.JPG,Esca,false
75f16c40aac2e9c2ead1a4fb0e1f069fe54e8dff4a6343871d9328d47c74a36a,Balanced_Final_Split/Balanced_Final_Split/train/Esca/train_195_c6ff49e2-3f7d-454f-b170-c6e1bd1189cb___FAM_B.Msls 1156_flipLR.JPG,Esca,Balanced_Final_Split/Balanced_Final_Split/test/Esca/test_195_c6ff49e2-3f7d-454f-b170-c6e1bd1189cb___FAM_B.Msls 1156_flipLR.JPG,Esca,false
f269650b1466be0917c7d88495adf71e163fbfaf5cfc74a59497c168ee8ed350,Balanced_Final_Split/Balanced_Final_Split/train/Esca/train_196_3ede11c5-3bef-4c32-b6bd-4ccf9b574977___FAM_B.Msls 4294.JPG,Esca,Balanced_Final_Split/Balanced_Final_Split/test/Esca/test_196_3ede11c5-3bef-4c32-b6bd-4ccf9b574977___FAM_B.Msls 4294.JPG,Esca,false
a1811919719b0925c4aaf492a22e7be17b55c5129470aa1dca263a96d97c4fc0,Balanced_Final_Split/Balanced_Final_Split/train/Esca/train_197_c65bf67d-61a9-43ef-b218-ea0a383ffc96___FAM_B.Msls 4313_flipLR.JPG,Esca,Balanced_Final_Split/Balanced_Final_Split/test/Esca/test_197_c65bf67d-61a9-43ef-b218-ea0a383ffc96___FAM_B.Msls 4313_flipLR.JPG,Esca,false
2b7b90575ce83a29f9b9b9b0888fbae8857125e786579caf0e17e102cc3cc615,Balanced_Final_Split/Balanced_Final_Split/train/Esca/train_198_bb81a4ed-164a-4d21-b9dc-02656876f8b3___FAM_B.Msls 4280_flipLR.JPG,Esca,Balanced_Final_Split/Balanced_Final_Split/test/Esca/test_198_bb81a4ed-164a-4d21-b9dc-02656876f8b3___FAM_B.Msls 4280_flipLR.JPG,Esca,false
10c7dd3b2d9af0fc1edf4755e81220990b1e83ba392fd1bcb48a34d34854a47f,Balanced_Final_Split/Balanced_Final_Split/train/Esca/train_199_5715769e-6b32-44ab-82e3-5e3e90f1e584___FAM_B.Msls 1054_flipLR.JPG,Esca,Balanced_Final_Split/Balanced_Final_Split/test/Esca/test_199_5715769e-6b32-44ab-82e3-5e3e90f1e584___FAM_B.Msls 1054_flipLR.JPG,Esca,false
ad0c7a9cc1d10bd053772d0c2b286173b3fd1cd02f03dceba388df9ca7301362,Balanced_Final_Split/Balanced_Final_Split/train/Esca/train_19_18bac66a-6e2d-4e97-971a-feb14f9b7d77___FAM_B.Msls 3879_flipLR.JPG,Esca,Balanced_Final_Split/Balanced_Final_Split/test/Esca/test_19_18bac66a-6e2d-4e97-971a-feb14f9b7d77___FAM_B.Msls 3879_flipLR.JPG,Esca,false
d0e151b0139a663c6b3d89c2478df0e153eb011f730706fad997f15d86a7671b,Balanced_Final_Split/Balanced_Final_Split/train/Esca/train_1_6625dd3f-65b7-4eff-a24a-3e964fc793a1___FAM_B.Msls 1304_flipLR.JPG,Esca,Balanced_Final_Split/Balanced_Final_Split/test/Esca/test_1_6625dd3f-65b7-4eff-a24a-3e964fc793a1___FAM_B.Msls 1304_flipLR.JPG,Esca,false
a924aa24e1cceff96653bb60122330728265d226cd8dcfd46d572f6295532550,Balanced_Final_Split/Balanced_Final_Split/train/Esca/train_200_d9c89aa2-f97c-495a-a813-f7e12c5f98ad___FAM_B.Msls 4416.JPG,Esca,Balanced_Final_Split/Balanced_Final_Split/test/Esca/test_200_d9c89aa2-f97c-495a-a813-f7e12c5f98ad___FAM_B.Msls 4416.JPG,Esca,false
6a801cf95e03b84eb896212f86b9a48655728f8dc5c5366e7fcec2123bea6e09,Balanced_Final_Split/Balanced_Final_Split/train/Esca/train_201_d622bd90-0748-4a3a-b8f7-5228a8392eed___FAM_B.Msls 4435.JPG,Esca,Balanced_Final_Split/Balanced_Final_Split/test/Esca/test_201_d622bd90-0748-4a3a-b8f7-5228a8392eed___FAM_B.Msls 4435.JPG,Esca,false
d3e31937175a900d42fd1d5983416e44bd233b47a344211ba0637a850825c75e,Balanced_Final_Split/Balanced_Final_Split/train/Esca/train_202_38f657c3-2c3d-4fc9-b5d2-64fbbe46ab76___FAM_B.Msls 4194.JPG,Esca,Balanced_Final_Split/Balanced_Final_Split/test/Esca/test_202_38f657c3-2c3d-4fc9-b5d2-64fbbe46ab76___FAM_B.Msls 4194.JPG,Esca,false
fc114fe3e5b152746f4f0217b9d3462292ad78dbdd7b0c20c39e820ce9ed3452,Balanced_Final_Split/Balanced_Final_Split/train/Esca/train_203_80300739-9967-4a4e-8088-9e7ae84fc7b4___FAM_B.Msls 4122_flipLR.JPG,Esca,Balanced_Final_Split/Balanced_Final_Split/test/Esca/test_203_80300739-9967-4a4e-8088-9e7ae84fc7b4___FAM_B.Msls 4122_flipLR.JPG,Esca,false
e172301a8dc9dc2c68527f3ac80ff2cafe5d9b3c14e0f2989484f5213fb1a249,Balanced_Final_Split/Balanced_Final_Split/train/Esca/train_204_c128f37f-92ec-4624-bf70-8fa36bd285dd___FAM_B.Msls 1802.JPG,Esca,Balanced_Final_Split/Balanced_Final_Split/test/Esca/test_204_c128f37f-92ec-4624-bf70-8fa36bd285dd___FAM_B.Msls 1802.JPG,Esca,false
82a5efe0774d22a959c6c184b2ea0019cc85b4793260063dbbed6e2d86bf2347,Balanced_Final_Split/Balanced_Final_Split/train/Esca/train_205_5d67369a-2e23-415f-abb2-a4d0bdbc1bdc___FAM_B.Msls 1273.JPG,Esca,Balanced_Final_Split/Balanced_Final_Split/test/Esca/test_205_5d67369a-2e23-415f-abb2-a4d0bdbc1bdc___FAM_B.Msls 1273.JPG,Esca,false
1221468e179ca40ebff4ca42e2edce214b33f43f5c839f077265bcb124b534a4,Balanced_Final_Split/Balanced_Final_Split/train/Esca/train_206_f18ca6c7-365a-49a7-bea2-4b1928c1fedd___FAM_B.Msls 4470_flipLR.JPG,Esca,Balanced_Final_Split/Balanced_Final_Split/test/Esca/test_206_f18ca6c7-365a-49a7-bea2-4b1928c1fedd___FAM_B.Msls 4470_flipLR.JPG,Esca,false
002d59d1b99d116117bd130d0404faae1f27b402e5d813132e326056ae5defb8,Balanced_Final_Split/Balanced_Final_Split/train/Esca/train_207_83fe4f4e-1ee6-4fb1-b8c0-0bca55734d69___FAM_B.Msls 4438.JPG,Esca,Balanced_Final_Split/Balanced_Final_Split/test/Esca/test_207_83fe4f4e-1ee6-4fb1-b8c0-0bca55734d69___FAM_B.Msls 4438.JPG,Esca,false
e7dbe5ad64e37fcc50fd67fb409fa5fcc0a531b102b54c1d08496a8aeabd61f2,Balanced_Final_Split/Balanced_Final_Split/train/Esca/train_208_4083b0f5-17b3-4fe2-a707-16297641e893___FAM_B.Msls 1040_flipLR.JPG,Esca,Balanced_Final_Split/Balanced_Final_Split/test/Esca/test_208_4083b0f5-17b3-4fe2-a707-16297641e893___FAM_B.Msls 1040_flipLR.JPG,Esca,false
3b56f3e0ebc7224ef0b71ca1032709316f2900223130dcd81c6d0602e8e37e31,Balanced_Final_Split/Balanced_Final_Split/train/Esca/train_209_fb1fddab-023e-4dc5-aff7-5db33c755b50___FAM_B.Msls 0839_flipLR.JPG,Esca,Balanced_Final_Split/Balanced_Final_Split/test/Esca/test_209_fb1fddab-023e-4dc5-aff7-5db33c755b50___FAM_B.Msls 0839_flipLR.JPG,Esca,false
bc03aac4e4b5ba4dd10c27b522965e3f03c2bef5ae7e84bdd68063dc1f9e51d1,Balanced_Final_Split/Balanced_Final_Split/train/Esca/train_20_02223cc6-30d2-408d-a091-65257d044a50___FAM_B.Msls 0908.JPG,Esca,Balanced_Final_Split/Balanced_Final_Split/test/Esca/test_20_02223cc6-30d2-408d-a091-65257d044a50___FAM_B.Msls 0908.JPG,Esca,false
076bd743b3e8cc143b73877e50c4aaced2166cda3c5b7521531d2a32678e2a02,Balanced_Final_Split/Balanced_Final_Split/train/Esca/train_210_865e5fbb-cfb8-47e2-b879-74467379a261___FAM_B.Msls 3896.JPG,Esca,Balanced_Final_Split/Balanced_Final_Split/test/Esca/test_210_865e5fbb-cfb8-47e2-b879-74467379a261___FAM_B.Msls 3896.JPG,Esca,false
7c5acfb9dfa1216089e19057cd75b2d33d5375cdaf6bae165c5ae21afe677c1f,Balanced_Final_Split/Balanced_Final_Split/train/Esca/train_211_d06da1d8-67c0-44d5-b34d-ee74a4602138___FAM_B.Msls 1868.JPG,Esca,Balanced_Final_Split/Balanced_Final_Split/test/Esca/test_211_d06da1d8-67c0-44d5-b34d-ee74a4602138___FAM_B.Msls 1868.JPG,Esca,false
be94b0488b1e2c85f1bf29b3b3ec11b3299a7aa688bcb2a6666a1967d0fd98c7,Balanced_Final_Split/Balanced_Final_Split/train/Esca/train_212_3cc66447-eb13-46f0-a1bf-c2da568dfd88___FAM_B.Msls 3957.JPG,Esca,Balanced_Final_Split/Balanced_Final_Split/test/Esca/test_212_3cc66447-eb13-46f0-a1bf-c2da568dfd88___FAM_B.Msls 3957.JPG,Esca,false
3d91e33fa7ac688e672c411f7b19ff25a2bebebad7fc2e8d891af906694691eb,Balanced_Final_Split/Balanced_Final_Split/train/Esca/train_213_e9e2bf59-9c4f-4783-9a6c-dac742fb694c___FAM_B.Msls 3964.JPG,Esca,Balanced_Final_Split/Balanced_Final_Split/test/Esca/test_213_e9e2bf59-9c4f-4783-9a6c-dac742fb694c___FAM_B.Msls 3964.JPG,Esca,false
d3adecb14a4834c7f4ed3aecdfe343559ccc121a04ee34936de992b5e137d167,Balanced_Final_Split/Balanced_Final_Split/train/Esca/train_214_a3924405-5ec6-454a-81db-eaab34a96052___FAM_B.Msls 1184.JPG,Esca,Balanced_Final_Split/Balanced_Final_Split/test/Esca/test_214_a3924405-5ec6-454a-81db-eaab34a96052___FAM_B.Msls 1184.JPG,Esca,false
cbf358445f2e37efe851a1ccf26fff5a63aadfc9a6ef46d05099c4c6d0fae34c,Balanced_Final_Split/Balanced_Final_Split/train/Esca/train_215_1ea5a715-7822-4939-b059-3f7dcaff579f___FAM_B.Msls 3971.JPG,Esca,Balanced_Final_Split/Balanced_Final_Split/test/Esca/test_215_1ea5a715-7822-4939-b059-3f7dcaff579f___FAM_B.Msls 3971.JPG,Esca,false
df2154636f76748f5b3c7d02afb8ff1537224e8565949b5636e2f970a00d28cb,Balanced_Final_Split/Balanced_Final_Split/train/Esca/train_216_63f3535c-0927-442e-a4ee-ffce62296cb9___FAM_B.Msls 3811_flipLR.JPG,Esca,Balanced_Final_Split/Balanced_Final_Split/test/Esca/test_216_63f3535c-0927-442e-a4ee-ffce62296cb9___FAM_B.Msls 3811_flipLR.JPG,Esca,false
6b1afd23b7875ea6fe1cc43bdb2a4ea6f2c586ed761fd938a237b822cc486f57,Balanced_Final_Split/Balanced_Final_Split/train/Esca/train_217_6613b6b4-99c0-4e52-9dd2-317646885c87___FAM_B.Msls 1774_flipLR.JPG,Esca,Balanced_Final_Split/Balanced_Final_Split/test/Esca/test_217_6613b6b4-99c0-4e52-9dd2-317646885c87___FAM_B.Msls 1774_flipLR.JPG,Esca,false
57f8c45d86b525538cbc690c8e85ed0025bea471c2c83020bbb37eeaec8de8f0,Balanced_Final_Split/Balanced_Final_Split/train/Esca/train_218_820d1902-2893-4c08-b810-467daf17209f___FAM_B.Msls 4014_flipLR.JPG,Esca,Balanced_Final_Split/Balanced_Final_Split/test/Esca/test_218_820d1902-2893-4c08-b810-467daf17209f___FAM_B.Msls 4014_flipLR.JPG,Esca,false
225f7daa7c33d5dbea0b5ebb452507d91ffa93e89016e6ce87164b21e83e4292,Balanced_Final_Split/Balanced_Final_Split/train/Esca/train_219_495c4345-d46b-4058-b99b-d699ad24f481___FAM_B.Msls 1155_flipLR.JPG,Esca,Balanced_Final_Split/Balanced_Final_Split/test/Esca/test_219_495c4345-d46b-4058-b99b-d699ad24f481___FAM_B.Msls 1155_flipLR.JPG,Esca,false
04e37f65b25662be33cc36a65097b7957d9e4976ec5ae461e3efc8c30f6bc2af,Balanced_Final_Split/Balanced_Final_Split/train/Esca/train_21_25ace84d-3a4e-4c7c-a6c7-e18138e20ae5___FAM_B.Msls 3838_flipLR.JPG,Esca,Balanced_Final_Split/Balanced_Final_Split/test/Esca/test_21_25ace84d-3a4e-4c7c-a6c7-e18138e20ae5___FAM_B.Msls 3838_flipLR.JPG,Esca,false
97efa211604ccafb0d7ecc3122bee9f32e27a19ddcd0dc9f12a0f852284f27a9,Balanced_Final_Split/Balanced_Final_Split/train/Esca/train_220_f21538e8-7615-4629-9bcd-3ad47cc60c42___FAM_B.Msls 4465_flipLR.JPG,Esca,Balanced_Final_Split/Balanced_Final_Split/test/Esca/test_220_f21538e8-7615-4629-9bcd-3ad47cc60c42___FAM_B.Msls 4465_flipLR.JPG,Esca,false
551e84eac3231192bc48feb2d096c2b45e3a0a08b6779401c73b234b118a2e8f,Balanced_Final_Split/Balanced_Final_Split/train/Esca/train_221_a5c19696-e040-4864-941d-74b4cd774ee4___FAM_B.Msls 4363.JPG,Esca,Balanced_Final_Split/Balanced_Final_Split/test/Esca/test_221_a5c19696-e040-4864-941d-74b4cd774ee4___FAM_B.Msls 4363.JPG,Esca,false
b54b1132aa71c3d3baecaa9bfaf01ee849d089357ebce036b475613a78b62514,Balanced_Final_Split/Balanced_Final_Split/train/Esca/train_222_2f3f5ab8-b043-4906-a480-e908dbad8584___FAM_B.Msls 1191.JPG,Esca,Balanced_Final_Split/Balanced_Final_Split/test/Esca/test_222_2f3f5ab8-b043-4906-a480-e908dbad8584___FAM_B.Msls 1191.JPG,Esca,false
688a5a9fc0f342476310cde19e2317a89e9c04e597b79cda8345f5b0c63c8363,Balanced_Final_Split/Balanced_Final_Split/train/Esca/train_223_8a8426e9-ab65-4815-bfeb-c9fb18b1d4ca___FAM_B.Msls 1315.JPG,Esca,Balanced_Final_Split/Balanced_Final_Split/test/Esca/test_223_8a8426e9-ab65-4815-bfeb-c9fb18b1d4ca___FAM_B.Msls 1315.JPG,Esca,false
507b4caad072fcca7951e1bfaef169cdf0b8114e8b3778aec3bc67214a8b7900,Balanced_Final_Split/Balanced_Final_Split/train/Esca/train_224_3ac35d46-56c4-4137-b7a3-7023dc0beb41___FAM_B.Msls 1853.JPG,Esca,Balanced_Final_Split/Balanced_Final_Split/test/Esca/test_224_3ac35d46-56c4-4137-b7a3-7023dc0beb41___FAM_B.Msls 1853.JPG,Esca,false
fc563d1b03319a0bce16bf1777ddfc5758fd34dd7d36b2febbcfe5367186ad8f,Balanced_Final_Split/Balanced_Final_Split/train/Esca/train_225_dd342e05-90cd-4bb6-af98-909b22929d4c___FAM_B.Msls 1245.JPG,Esca,Balanced_Final_Split/Balanced_Final_Split/test/Esca/test_225_dd342e05-90cd-4bb6-af98-909b22929d4c___FAM_B.Msls 1245.JPG,Esca,false
8097118096cead86583bc48c93c910cc6d0eee18853db9ad4af27cb12443ec9d,Balanced_Final_Split/Balanced_Final_Split/train/Esca/train_226_c9940ace-0f1a-415c-a9ff-1147d3031b4f___FAM_B.Msls 0917.JPG,Esca,Balanced_Final_Split/Balanced_Final_Split/test/Esca/test_226_c9940ace-0f1a-415c-a9ff-1147d3031b4f___FAM_B.Msls 0917.JPG,Esca,false
fa7c8aca0c22bcebd448a6a02151216ccf958f038c2f91d6a550d550871ea2f0,Balanced_Final_Split/Balanced_Final_Split/train/Esca/train_227_c0028219-9ab3-4b5d-b825-0ae45eeb5551___FAM_B.Msls 4450_flipLR.JPG,Esca,Balanced_Final_Split/Balanced_Final_Split/test/Esca/test_227_c0028219-9ab3-4b5d-b825-0ae45eeb5551___FAM_B.Msls 4450_flipLR.JPG,Esca,false
e7c55200d43f50848b9093e77fb9b71f37450490f2a94dacfd20eac7477c6ad8,Balanced_Final_Split/Balanced_Final_Split/train/Esca/train_228_671a84ca-496c-4da3-bea9-b2bc732a4805___FAM_B.Msls 3943_flipLR.JPG,Esca,Balanced_Final_Split/Balanced_Final_Split/test/Esca/test_228_671a84ca-496c-4da3-bea9-b2bc732a4805___FAM_B.Msls 3943_flipLR.JPG,Esca,false
e24034449ce7fc3dd4f26073f2b198a78ddba46c9c60f997708be7c5815835ec,Balanced_Final_Split/Balanced_Final_Split/train/Esca/train_229_e7d466cb-8bc3-4b43-9f59-8eea814de5e8___FAM_B.Msls 0959.JPG,Esca,Balanced_Final_Split/Balanced_Final_Split/test/Esca/test_229_e7d466cb-8bc3-4b43-9f59-8eea814de5e8___FAM_B.Msls 0959.JPG,Esca,false
9b9fc9854efca6acf42a3870ea7c2b5ad6bba8e4d14acb091e4141131044af05,Balanced_Final_Split/Balanced_Final_Split/train/Esca/train_22_9c4e94f8-7f24-441c-a429-f0f068565cfb___FAM_B.Msls 4158.JPG,Esca,Balanced_Final_Split/Balanced_Final_Split/test/Esca/test_22_9c4e94f8-7f24-441c-a429-f0f068565cfb___FAM_B.Msls 4158.JPG,Esca,false
9bd6bf191ec60b3eb10b59016c5ea642a1fd177ab465fde03e26ccbc24b90304,Balanced_Final_Split/Balanced_Final_Split/train/Esca/train_230_32bb6f54-7655-406f-a60f-88767f8f8b83___FAM_B.Msls 3944.JPG,Esca,Balanced_Final_Split/Balanced_Final_Split/test/Esca/test_230_32bb6f54-7655-406f-a60f-88767f8f8b83___FAM_B.Msls 3944.JPG,Esca,false
e4c3d2093cdd86c3c9b445116116c721530fd843b33717e01b97f804d5e80f7c,Balanced_Final_Split/Balanced_Final_Split/train/Esca/train_231_a06a2e3c-1f79-47fd-9262-ac45d8f89efa___FAM_B.Msls 4249_flipLR.JPG,Esca,Balanced_Final_Split/Balanced_Final_Split/test/Esca/test_231_a06a2e3c-1f79-47fd-9262-ac45d8f89efa___FAM_B.Msls 4249_flipLR.JPG,Esca,false
a734b3b581b610ee1d33e1ccf61fd8f6269a9c4d3956538940649a15e3e591eb,Balanced_Final_Split/Balanced_Final_Split/train/Esca/train_232_61f9f562-a64b-4e80-82d6-1babe2cf1fa1___FAM_B.Msls 4229_flipLR.JPG,Esca,Balanced_Final_Split/Balanced_Final_Split/test/Esca/test_232_61f9f562-a64b-4e80-82d6-1babe2cf1fa1___FAM_B.Msls 4229_flipLR.JPG,Esca,false
bd883aee5aa0da09a9e009d6b04b7d13c4ccb0c0cc64ff6182d0b7cf92bdc634,Balanced_Final_Split/Balanced_Final_Split/train/Esca/train_233_7151917b-d251-4f0a-a6dc-a6f381f6ebe7___FAM_B.Msls 4354_flipLR.JPG,Esca,Balanced_Final_Split/Balanced_Final_Split/test/Esca/test_233_7151917b-d251-4f0a-a6dc-a6f381f6ebe7___FAM_B.Msls 4354_flipLR.JPG,Esca,false
9df0ece6eee4c088a9c9f1b6b79ffcd983ff1f74b80ccaaaf132acf04921ddde,Balanced_Final_Split/Balanced_Final_Split/train/Esca/train_234_d4ba1fc0-ac64-40d7-ad6d-febfb55c7eec___FAM_B.Msls 4391_flipLR.JPG,Esca,Balanced_Final_Split/Balanced_Final_Split/test/Esca/test_234_d4ba1fc0-ac64-40d7-ad6d-febfb55c7eec___FAM_B.Msls 4391_flipLR.JPG,Esca,false
d160b4cf47cae0e4cabc2e426c9eff62d0af65d314875929fb4deb60136195a0,Balanced_Final_Split/Balanced_Final_Split/train/Esca/train_235_75dc7357-a936-4f3b-b099-eaec6ad03527___FAM_B.Msls 1761.JPG,Esca,Balanced_Final_Split/Balanced_Final_Split/test/Esca/test_235_75dc7357-a936-4f3b-b099-eaec6ad03527___FAM_B.Msls 1761.JPG,Esca,false
ec387e848139c4183948d63b9c48ad1ee39d6571c1a8a3315cbc7be23c73805d,Balanced_Final_Split/Balanced_Final_Split/train/Esca/train_236_c8be8119-a208-4bef-897e-d4ece4f7ade2___FAM_B.Msls 4071_flipLR.JPG,Esca,Balanced_Final_Split/Balanced_Final_Split/test/Esca/test_236_c8be8119-a208-4bef-897e-d4ece4f7ade2___FAM_B.Msls 4071_flipLR.JPG,Esca,false
7f80ec8b031a1a856094963dfff763c2d3cf91f9d5d1bc3590a6074729564933,Balanced_Final_Split/Balanced_Final_Split/train/Esca/train_237_9df19a74-fa2e-4aaa-9bb2-239b20b0c48a___FAM_B.Msls 4178.JPG,Esca,Balanced_Final_Split/Balanced_Final_Split/test/Esca/test_237_9df19a74-fa2e-4aaa-9bb2-239b20b0c48a___FAM_B.Msls 4178.JPG,Esca,false
dea0a752986db039c531178be4d8cd3b14654ef3f272155b5524a3a76aaad2ed,Balanced_Final_Split/Balanced_Final_Split/train/Esca/train_238_cfb8bc8a-aa2e-4e56-a858-3c02cd20ff36___FAM_B.Msls 4269.JPG,Esca,Balanced_Final_Split/Balanced_Final_Split/test/Esca/test_238_cfb8bc8a-aa2e-4e56-a858-3c02cd20ff36___FAM_B.Msls 4269.JPG,Esca,false
450ffbca15a56b07620b9a457751454b9319a261a77212dcaafbfbffdfd08676,Balanced_Final_Split/Balanced_Final_Split/train/Esca/train_239_a21abb93-0bd0-4c29-ba04-6eb888a7d53b___FAM_B.Msls 1806_flipLR.JPG,Esca,Balanced_Final_Split/Balanced_Final_Split/test/Esca/test_239_a21abb93-0bd0-4c29-ba04-6eb888a7d53b___FAM_B.Msls 1806_flipLR.JPG,Esca,false
7005672ed0a50dfab255c61c41c9908d0334ba68778b86cc26b92e28792abb4a,Balanced_Final_Split/Balanced_Final_Split/train/Esca/train_23_d7400d00-8fa7-4f25-b7d7-a35c0bfe6d9c___FAM_B.Msls 1060.JPG,Esca,Balanced_Final_Split/Balanced_Final_Split/test/Esca/test_23_d7400d00-8fa7-4f25-b7d7-a35c0bfe6d9c___FAM_B.Msls 1060.JPG,Esca,false
7996a667006dad54b8e5a4c8c431f5bc88b0334945b777f443b51e7da710ec43,Balanced_Final_Split/Balanced_Final_Split/train/Esca/train_240_2c59c3a9-8bef-4c24-99be-2bb3563b8171___FAM_B.Msls 1178.JPG,Esca,Balanced_Final_Split/Balanced_Final_Split/test/Esca/test_240_2c59c3a9-8bef-4c24-99be-2bb3563b8171___FAM_B.Msls 1178.JPG,Esca,false
d0e151b0139a663c6b3d89c2478df0e153eb011f730706fad997f15d86a7671b,Balanced_Final_Split/Balanced_Final_Split/train/Esca/train_1_6625dd3f-65b7-4eff-a24a-3e964fc793a1___FAM_B.Msls 1304_flipLR.JPG,Esca,Balanced_Final_Split/Balanced_Final_Split/test/Esca/test_241_6625dd3f-65b7-4eff-a24a-3e964fc793a1___FAM_B.Msls 1304_flipLR.JPG,Esca,false
a212ada5c9a61297acb3b8ca485cf647469be0928f63988ab75eb05823632cac,Balanced_Final_Split/Balanced_Final_Split/train/Esca/train_242_306da002-f51a-46c7-89fe-8263a22837c9___FAM_B.Msls 1822_flipLR.JPG,Esca,Balanced_Final_Split/Balanced_Final_Split/test/Esca/test_242_306da002-f51a-46c7-89fe-8263a22837c9___FAM_B.Msls 1822_flipLR.JPG,Esca,false
b395e7b9d4725ca5d195df91b1d2fe91d4d1077ad7fe67817e4b12a809022a7f,Balanced_Final_Split/Balanced_Final_Split/train/Esca/train_243_978b6171-5d81-4c21-807b-667cea6314c0___FAM_B.Msls 4392.JPG,Esca,Balanced_Final_Split/Balanced_Final_Split/test/Esca/test_243_978b6171-5d81-4c21-807b-667cea6314c0___FAM_B.Msls 4392.JPG,Esca,false
dc193a3e2f1712ecbb1890c3147ee4b833f3b4b79fde14ca70d464653fdf2548,Balanced_Final_Split/Balanced_Final_Split/train/Esca/train_244_e518814c-da2c-40c0-856a-a3d43c1e404b___FAM_B.Msls 3980_flipLR.JPG,Esca,Balanced_Final_Split/Balanced_Final_Split/test/Esca/test_244_e518814c-da2c-40c0-856a-a3d43c1e404b___FAM_B.Msls 3980_flipLR.JPG,Esca,false
cdb6d8ac679444836102377431c72da56b1ff3acf7456ae25b7b848ade355fff,Balanced_Final_Split/Balanced_Final_Split/train/Esca/train_245_e7f1c789-431d-47bb-a223-fc58b3e734da___FAM_B.Msls 1755_flipLR.JPG,Esca,Balanced_Final_Split/Balanced_Final_Split/test/Esca/test_245_e7f1c789-431d-47bb-a223-fc58b3e734da___FAM_B.Msls 1755_flipLR.JPG,Esca,false
f90097dc9979e5222b7c543f9c4c4c3aba5f8c02d424a73b8d9a9259130c4148,Balanced_Final_Split/Balanced_Final_Split/train/Esca/train_246_3387b634-3a99-46f9-ab8c-a9ca7095e159___FAM_B.Msls 3804_flipLR.JPG,Esca,Balanced_Final_Split/Balanced_Final_Split/test/Esca/test_246_3387b634-3a99-46f9-ab8c-a9ca7095e159___FAM_B.Msls 3804_flipLR.JPG,Esca,false
34c4adfa3070704f8f0d4d137bfd6f90156f138555148ff28ff592cd2319e3c9,Balanced_Final_Split/Balanced_Final_Split/train/Esca/train_247_20ab9746-0822-4b1b-9785-759d35ffff95___FAM_B.Msls 1829_flipLR.JPG,Esca,Balanced_Final_Split/Balanced_Final_Split/test/Esca/test_247_20ab9746-0822-4b1b-9785-759d35ffff95___FAM_B.Msls 1829_flipLR.JPG,Esca,false
da91f08a3b0ab485d1cc02cbef6dc905195d80e0aad24fbe3fbf547dc356ad58,Balanced_Final_Split/Balanced_Final_Split/train/Esca/train_248_b5ddd088-e1c5-4bdd-8749-964e1bdbd108___FAM_B.Msls 3817_flipLR.JPG,Esca,Balanced_Final_Split/Balanced_Final_Split/test/Esca/test_248_b5ddd088-e1c5-4bdd-8749-964e1bdbd108___FAM_B.Msls 3817_flipLR.JPG,Esca,false
14f8f68240996ab5775c741bb4c8f2ae3677b8fe6d37de1fe87d952d4a90bd0d,Balanced_Final_Split/Balanced_Final_Split/train/Esca/train_249_cce29ba0-ca70-4a33-8e90-00e8ba515b7d___FAM_B.Msls 1859.JPG,Esca,Balanced_Final_Split/Balanced_Final_Split/test/Esca/test_249_cce29ba0-ca70-4a33-8e90-00e8ba515b7d___FAM_B.Msls 1859.JPG,Esca,false
d01386504e53b7f9e62cc48e1afcdf8b4d848b4f8313ae5c32d346f153a7706c,Balanced_Final_Split/Balanced_Final_Split/train/Esca/train_24_731b6dd5-c505-4c68-a4bf-6c1cf2aeeb22___FAM_B.Msls 1749_flipLR.JPG,Esca,Balanced_Final_Split/Balanced_Final_Split/test/Esca/test_24_731b6dd5-c505-4c68-a4bf-6c1cf2aeeb22___FAM_B.Msls 1749_flipLR.JPG,Esca,false
604da85567583bf9fbccd50c20b47d292eb93ebd6deb6af961609b35ed0584cf,Balanced_Final_Split/Balanced_Final_Split/train/Esca/train_25_ef14da71-69a6-40f4-b213-5bf86e58edf0___FAM_B.Msls 4239.JPG,Esca,Balanced_Final_Split/Balanced_Final_Split/test/Esca/test_25_ef14da71-69a6-40f4-b213-5bf86e58edf0___FAM_B.Msls 4239.JPG,Esca,false
ea0a90ba967f7933159edd1910a3e5d2f8e9cc75f40faff4895cbd19a20cc1e9,Balanced_Final_Split/Balanced_Final_Split/train/Esca/train_26_d7cc174f-080d-4587-943d-700429fb6dff___FAM_B.Msls 4225_flipLR.JPG,Esca,Balanced_Final_Split/Balanced_Final_Split/test/Esca/test_26_d7cc174f-080d-4587-943d-700429fb6dff___FAM_B.Msls 4225_flipLR.JPG,Esca,false
29b90cc4abe3e60945cb41df6551b724a86fa20f3f1857c24bf553a46b01d549,Balanced_Final_Split/Balanced_Final_Split/train/Esca/train_27_e8187940-f038-4d66-91d6-ba487eb2824f___FAM_B.Msls 3841.JPG,Esca,Balanced_Final_Split/Balanced_Final_Split/test/Esca/test_27_e8187940-f038-4d66-91d6-ba487eb2824f___FAM_B.Msls 3841.JPG,Esca,false
bd64df46bd55b3d039039cdef786ff8e7b558aa93dcf1469c1433f5cdd03a68c,Balanced_Final_Split/Balanced_Final_Split/train/Esca/train_28_08543f74-9c1d-415b-aca8-fbda007f0361___FAM_B.Msls 4343.JPG,Esca,Balanced_Final_Split/Balanced_Final_Split/test/Esca/test_28_08543f74-9c1d-415b-aca8-fbda007f0361___FAM_B.Msls 4343.JPG,Esca,false
6c3b3cf36345fbfe7b0cd9dc2cfaca544b8ff8c493a17559aa331a875b48f3e7,Balanced_Final_Split/Balanced_Final_Split/train/Esca/train_110_9fe9e1f3-69b7-4798-b86a-fabc95ed4f01___FAM_B.Msls 4256.JPG,Esca,Balanced_Final_Split/Balanced_Final_Split/test/Esca/test_29_9fe9e1f3-69b7-4798-b86a-fabc95ed4f01___FAM_B.Msls 4256.JPG,Esca,false
49dc8675d6e81d52c605f433872c34380a4293fd6236c50f6fc867df360da898,Balanced_Final_Split/Balanced_Final_Split/train/Esca/train_2_ad3b45fa-50b9-4abb-9e24-bcbbcb0f33d3___FAM_B.Msls 4419.JPG,Esca,Balanced_Final_Split/Balanced_Final_Split/test/Esca/test_2_ad3b45fa-50b9-4abb-9e24-bcbbcb0f33d3___FAM_B.Msls 4419.JPG,Esca,false
08ee0f4cd982a7b702e9377f3f89ff91763439fee3655421a5b2da6a8449f4fe,Balanced_Final_Split/Balanced_Final_Split/train/Esca/train_30_ae6df1cf-7135-4945-9a20-bf17a2519e7a___FAM_B.Msls 1759_flipLR.JPG,Esca,Balanced_Final_Split/Balanced_Final_Split/test/Esca/test_30_ae6df1cf-7135-4945-9a20-bf17a2519e7a___FAM_B.Msls 1759_flipLR.JPG,Esca,false
c9c6319da239c27477a5e81cd29554c04e8ab2868d0112d880f53f14597bbd62,Balanced_Final_Split/Balanced_Final_Split/train/Esca/train_31_97af59b0-ff69-4a55-9be3-bda181b789cd___FAM_B.Msls 4402_flipLR.JPG,Esca,Balanced_Final_Split/Balanced_Final_Split/test/Esca/test_31_97af59b0-ff69-4a55-9be3-bda181b789cd___FAM_B.Msls 4402_flipLR.JPG,Esca,false
1affb411b1b635d8b38625e7fd41ff4e46d5ada24082b11a6b65e158fa43c846,Balanced_Final_Split/Balanced_Final_Split/train/Esca/train_32_30efa3ae-f975-43c3-96f7-6eb22d65e07d___FAM_B.Msls 4367_flipLR.JPG,Esca,Balanced_Final_Split/Balanced_Final_Split/test/Esca/test_32_30efa3ae-f975-43c3-96f7-6eb22d65e07d___FAM_B.Msls 4367_flipLR.JPG,Esca,false
ce5ee454f70b7e1ad19107cec74cc119ee48738c3170522f9b18063097c7f571,Balanced_Final_Split/Balanced_Final_Split/train/Esca/train_33_c2b1ba42-7911-4013-93ed-111745171f0a___FAM_B.Msls 4386_flipLR.JPG,Esca,Balanced_Final_Split/Balanced_Final_Split/test/Esca/test_33_c2b1ba42-7911-4013-93ed-111745171f0a___FAM_B.Msls 4386_flipLR.JPG,Esca,false
21cc71749a86ee7712d15b19b92746c97ffd4d549e39a0249b3272ec80938d57,Balanced_Final_Split/Balanced_Final_Split/train/Esca/train_34_745e8ab5-e315-4357-9145-eec7c2fcf641___FAM_B.Msls 4176.JPG,Esca,Balanced_Final_Split/Balanced_Final_Split/test/Esca/test_34_745e8ab5-e315-4357-9145-eec7c2fcf641___FAM_B.Msls 4176.JPG,Esca,false
a734b3b581b610ee1d33e1ccf61fd8f6269a9c4d3956538940649a15e3e591eb,Balanced_Final_Split/Balanced_Final_Split/train/Esca/train_232_61f9f562-a64b-4e80-82d6-1babe2cf1fa1___FAM_B.Msls 4229_flipLR.JPG,Esca,Balanced_Final_Split/Balanced_Final_Split/test/Esca/test_35_61f9f562-a64b-4e80-82d6-1babe2cf1fa1___FAM_B.Msls 4229_flipLR.JPG,Esca,false
9176b052e76f394c8f3db872fb349bebb0f4c2b868837ca06d22c20db1de329b,Balanced_Final_Split/Balanced_Final_Split/train/Esca/train_36_8df2aacc-2426-433a-8fcc-f83d8ead0f94___FAM_B.Msls 1858.JPG,Esca,Balanced_Final_Split/Balanced_Final_Split/test/Esca/test_36_8df2aacc-2426-433a-8fcc-f83d8ead0f94___FAM_B.Msls 1858.JPG,Esca,false
7918b94b57f090014c47b2b52ac8fddfa2a0bef362ca34bdfb4ef163c4b537b4,Balanced_Final_Split/Balanced_Final_Split/train/Esca/train_37_584e36a1-75df-4581-afce-a14a9aa3cb16___FAM_B.Msls 3890_flipLR.JPG,Esca,Balanced_Final_Split/Balanced_Final_Split/test/Esca/test_37_584e36a1-75df-4581-afce-a14a9aa3cb16___FAM_B.Msls 3890_flipLR.JPG,Esca,false
fc32b0564a16eecf986b89793cecec7368c771c78e4969d240611de267c91d21,Balanced_Final_Split/Balanced_Final_Split/train/Esca/train_38_d2cb8221-a948-4c96-8cef-a4a1dfc3cdea___FAM_B.Msls 3902_flipLR.JPG,Esca,Balanced_Final_Split/Balanced_Final_Split/test/Esca/test_38_d2cb8221-a948-4c96-8cef-a4a1dfc3cdea___FAM_B.Msls 3902_flipLR.JPG,Esca,false
6f449f6e1c4bd59973f2d9405cbd3bc379b1bffa67963815c591f3fccf19d21c,Balanced_Final_Split/Balanced_Final_Split/train/Esca/train_39_1ba4a426-8082-4ced-a685-176c649c5cff___FAM_B.Msls 1808.JPG,Esca,Balanced_Final_Split/Balanced_Final_Split/test/Esca/test_39_1ba4a426-8082-4ced-a685-176c649c5cff___FAM_B.Msls 1808.JPG,Esca,false
4aae189f20e10dea833784ebb3290a5bfc07a7d977e06fe9bf8e08b29af18a97,Balanced_Final_Split/Balanced_Final_Split/train/Esca/train_3_1a40fd85-7ac0-4f48-9acc-c12664544683___FAM_B.Msls 1748.JPG,Esca,Balanced_Final_Split/Balanced_Final_Split/test/Esca/test_3_1a40fd85-7ac0-4f48-9acc-c12664544683___FAM_B.Msls 1748.JPG,Esca,false
70286f9bf7cc7f91bff42014e5401135700e335bfd63eb97b335c6d26f609e87,Balanced_Final_Split/Balanced_Final_Split/train/Esca/train_40_0aa51e44-85f6-4b04-a707-5fd4ae2fbfc2___FAM_B.Msls 1063.JPG,Esca,Balanced_Final_Split/Balanced_Final_Split/test/Esca/test_40_0aa51e44-85f6-4b04-a707-5fd4ae2fbfc2___FAM_B.Msls 1063.JPG,Esca,false
4e0068c8f60e0f658a1d5d21a10779908592b4f07452b516d14fe9655897c175,Balanced_Final_Split/Balanced_Final_Split/train/Esca/train_41_7cdad685-1757-4e00-9f39-4c45bf2ad4ec___FAM_B.Msls 1188.JPG,Esca,Balanced_Final_Split/Balanced_Final_Split/test/Esca/test_41_7cdad685-1757-4e00-9f39-4c45bf2ad4ec___FAM_B.Msls 1188.JPG,Esca,false
a08dc2ba9dfec7ae18777cdc86656efb56dcd6ad4b233dcfcd3fa56f37c3d3ce,Balanced_Final_Split/Balanced_Final_Split/train/Esca/train_42_df11f62e-738e-4879-b37c-8f6ba65cde0c___FAM_B.Msls 1129_flipLR.JPG,Esca,Balanced_Final_Split/Balanced_Final_Split/test/Esca/test_42_df11f62e-738e-4879-b37c-8f6ba65cde0c___FAM_B.Msls 1129_flipLR.JPG,Esca,false
134b153a19532b0ef2d5ef61b242f6815dd6b205bab6099d9a2886c947469e93,Balanced_Final_Split/Balanced_Final_Split/train/Esca/train_43_c2238ed4-ff8e-463a-9c7f-129195c9ec30___FAM_B.Msls 1162.JPG,Esca,Balanced_Final_Split/Balanced_Final_Split/test/Esca/test_43_c2238ed4-ff8e-463a-9c7f-129195c9ec30___FAM_B.Msls 1162.JPG,Esca,false
c0cffadeb7dcb1693c4d0ea16141427b58bd0523338d024c3944ff571bc832c9,Balanced_Final_Split/Balanced_Final_Split/train/Esca/train_44_afbec0b7-d8e5-40dd-b4c4-f602a94a336d___FAM_B.Msls 1332_flipLR.JPG,Esca,Balanced_Final_Split/Balanced_Final_Split/test/Esca/test_44_afbec0b7-d8e5-40dd-b4c4-f602a94a336d___FAM_B.Msls 1332_flipLR.JPG,Esca,false
bf694205e204dc41615ed91b6c05c9400054c72d50bfd6c45d46fee10765c2a3,Balanced_Final_Split/Balanced_Final_Split/train/Esca/train_45_e3790a78-91ad-4df1-a7c3-e24461aa5b03___FAM_B.Msls 0872.JPG,Esca,Balanced_Final_Split/Balanced_Final_Split/test/Esca/test_45_e3790a78-91ad-4df1-a7c3-e24461aa5b03___FAM_B.Msls 0872.JPG,Esca,false
62256515c50f29a27c500f61e97e45f239767677e4028c0ea3654637b89e7ae1,Balanced_Final_Split/Balanced_Final_Split/train/Esca/train_46_451b61e2-37d3-4c7f-a843-a2a7af7b2161___FAM_B.Msls 3806_flipLR.JPG,Esca,Balanced_Final_Split/Balanced_Final_Split/test/Esca/test_46_451b61e2-37d3-4c7f-a843-a2a7af7b2161___FAM_B.Msls 3806_flipLR.JPG,Esca,false
962db77ee8805e9a8669f3c3e68c95edcfd700f0bc98a4bfdf48cc2ca4df661c,Balanced_Final_Split/Balanced_Final_Split/train/Esca/train_47_d66bbc39-9511-4770-8890-46330e7c75a5___FAM_B.Msls 1185_flipLR.JPG,Esca,Balanced_Final_Split/Balanced_Final_Split/test/Esca/test_47_d66bbc39-9511-4770-8890-46330e7c75a5___FAM_B.Msls 1185_flipLR.JPG,Esca,false
d185737afd3033064ee3509edc5b2c35c78813dfef19fe8cdd0d5aed21ef17f6,Balanced_Final_Split/Balanced_Final_Split/train/Esca/train_48_3c7cac7d-a1f3-4534-854c-7ae924ac4a88___FAM_B.Msls 1043.JPG,Esca,Balanced_Final_Split/Balanced_Final_Split/test/Esca/test_48_3c7cac7d-a1f3-4534-854c-7ae924ac4a88___FAM_B.Msls 1043.JPG,Esca,false
0c6f94ef95054d13189d2d49bee2012f5eab22ac43255da150723fb93885cb1e,Balanced_Final_Split/Balanced_Final_Split/train/Esca/train_49_4ccb1d95-9211-4042-9237-6da530658378___FAM_B.Msls 0952.JPG,Esca,Balanced_Final_Split/Balanced_Final_Split/test/Esca/test_49_4ccb1d95-9211-4042-9237-6da530658378___FAM_B.Msls 0952.JPG,Esca,false
4a58c938fabf8f570bdb97b04873a05c4d77fb337b9fe41fe8b96e807c4b3659,Balanced_Final_Split/Balanced_Final_Split/train/Esca/train_4_143f0875-9844-410b-853c-cd8f6a918e63___FAM_B.Msls 3897_flipLR.JPG,Esca,Balanced_Final_Split/Balanced_Final_Split/test/Esca/test_4_143f0875-9844-410b-853c-cd8f6a918e63___FAM_B.Msls 3897_flipLR.JPG,Esca,false
192abe6d3269ddd3369a96ad9fc73d004e4bc8bf965dbc41297243a4322a96a1,Balanced_Final_Split/Balanced_Final_Split/train/Esca/train_50_e923c5ba-9751-49d2-bd83-c8caa16c3f26___FAM_B.Msls 4318.JPG,Esca,Balanced_Final_Split/Balanced_Final_Split/test/Esca/test_50_e923c5ba-9751-49d2-bd83-c8caa16c3f26___FAM_B.Msls 4318.JPG,Esca,false
7f36c30ba7a590a2c257581253f00834a15558b51e7c5153f35ace20f57bbf72,Balanced_Final_Split/Balanced_Final_Split/train/Esca/train_51_652b34a8-6a6d-4ebd-96d5-ec221683ca3f___FAM_B.Msls 0929.JPG,Esca,Balanced_Final_Split/Balanced_Final_Split/test/Esca/test_51_652b34a8-6a6d-4ebd-96d5-ec221683ca3f___FAM_B.Msls 0929.JPG,Esca,false
441dde1bca7d1fa647f82a393cbd1bccd0341befd4c443e570fdd9bf1dc4292a,Balanced_Final_Split/Balanced_Final_Split/train/Esca/train_52_cc7aef78-dc8b-4116-a0ba-e704667acece___FAM_B.Msls 1801.JPG,Esca,Balanced_Final_Split/Balanced_Final_Split/test/Esca/test_52_cc7aef78-dc8b-4116-a0ba-e704667acece___FAM_B.Msls 1801.JPG,Esca,false
e6bf5a43e10c0cee72717f31417e6b8e46bbd70b7ea05cbdeb061958e512dfa0,Balanced_Final_Split/Balanced_Final_Split/train/Esca/train_53_c6cd3552-c1c5-430b-a45c-7a6dfdacbac3___FAM_B.Msls 1736_flipLR.JPG,Esca,Balanced_Final_Split/Balanced_Final_Split/test/Esca/test_53_c6cd3552-c1c5-430b-a45c-7a6dfdacbac3___FAM_B.Msls 1736_flipLR.JPG,Esca,false
ef4c9c405610e174050af6b04a63f71ff4e064da16316375a55abd12d3b36d3f,Balanced_Final_Split/Balanced_Final_Split/train/Esca/train_54_5ce9d544-8dda-40f4-8b72-bca83a1cf82a___FAM_B.Msls 4131.JPG,Esca,Balanced_Final_Split/Balanced_Final_Split/test/Esca/test_54_5ce9d544-8dda-40f4-8b72-bca83a1cf82a___FAM_B.Msls 4131.JPG,Esca,false
138ab3061666bb8e4b0a98da9ae3ecacf505ac12dfbeab9f7e0cbc3fa0faa211,Balanced_Final_Split/Balanced_Final_Split/train/Esca/train_55_5d4d43c5-69b9-4494-b1ac-40522c66737c___FAM_B.Msls 1022.JPG,Esca,Balanced_Final_Split/Balanced_Final_Split/test/Esca/test_55_5d4d43c5-69b9-4494-b1ac-40522c66737c___FAM_B.Msls 1022.JPG,Esca,false
39d68ff64f5ffc88c18538d2417b3fadf03ffb79670d88084131b107b24ff1ca,Balanced_Final_Split/Balanced_Final_Split/train/Esca/train_56_dd0daa1c-d6cb-418c-87cb-0a810aca5b65___FAM_B.Msls 3797.JPG,Esca,Balanced_Final_Split/Balanced_Final_Split/test/Esca/test_56_dd0daa1c-d6cb-418c-87cb-0a810aca5b65___FAM_B.Msls 3797.JPG,Esca,false
67ad732f7798ba006c9adfaa707d65818697e1f01a76e213197656fc5003289f,Balanced_Final_Split/Balanced_Final_Split/train/Esca/train_57_1b8b4037-44c0-4609-9cff-929955889d37___FAM_B.Msls 1164.JPG,Esca,Balanced_Final_Split/Balanced_Final_Split/test/Esca/test_57_1b8b4037-44c0-4609-9cff-929955889d37___FAM_B.Msls 1164.JPG,Esca,false
8077c442755bbbfb5709cbf46e3001c3f3dc056de31572e72248856bbe04a7e7,Balanced_Final_Split/Balanced_Final_Split/train/Esca/train_58_5f68dbfb-4d28-4220-b24b-9014630d11e8___FAM_B.Msls 4364.JPG,Esca,Balanced_Final_Split/Balanced_Final_Split/test/Esca/test_58_5f68dbfb-4d28-4220-b24b-9014630d11e8___FAM_B.Msls 4364.JPG,Esca,false
968fc100341e894686d6f3fc9f4155029f3c718b1011eda9b161b5759cf2a726,Balanced_Final_Split/Balanced_Final_Split/train/Esca/train_59_a5162bb2-eee1-49ce-aa97-81b5453f7928___FAM_B.Msls 4244_flipLR.JPG,Esca,Balanced_Final_Split/Balanced_Final_Split/test/Esca/test_59_a5162bb2-eee1-49ce-aa97-81b5453f7928___FAM_B.Msls 4244_flipLR.JPG,Esca,false
1244c0cf3e1c3595c73552b821eec9e66290859b034d1763c8d37499f749cff4,Balanced_Final_Split/Balanced_Final_Split/train/Esca/train_5_1abf6a06-12f2-4266-97db-01b6291fc71d___FAM_B.Msls 3905.JPG,Esca,Balanced_Final_Split/Balanced_Final_Split/test/Esca/test_5_1abf6a06-12f2-4266-97db-01b6291fc71d___FAM_B.Msls 3905.JPG,Esca,false
56c4a233557ff56f2012839faae890d001919cce5b1f9815c4e37502aef45c46,Balanced_Final_Split/Balanced_Final_Split/train/Esca/train_60_dcb92793-7506-4373-a8ec-4abd4befc940___FAM_B.Msls 0930.JPG,Esca,Balanced_Final_Split/Balanced_Final_Split/test/Esca/test_60_dcb92793-7506-4373-a8ec-4abd4befc940___FAM_B.Msls 0930.JPG,Esca,false
ff83636d52bddbf4b98c34bb50bb2ea4ea39f484654e569bc20459f2d7833cc6,Balanced_Final_Split/Balanced_Final_Split/train/Esca/train_61_e9bba3ea-0e5c-46ff-85f1-d13256d05aa5___FAM_B.Msls 0860.JPG,Esca,Balanced_Final_Split/Balanced_Final_Split/test/Esca/test_61_e9bba3ea-0e5c-46ff-85f1-d13256d05aa5___FAM_B.Msls 0860.JPG,Esca,false
651d4547dbb1cada2ddc73a8def6328494e95f56db00eb2668d92fee17c2caf7,Balanced_Final_Split/Balanced_Final_Split/train/Esca/train_62_41f42bf8-8120-4535-be6b-a36b52978502___FAM_B.Msls 1329.JPG,Esca,Balanced_Final_Split/Balanced_Final_Split/test/Esca/test_62_41f42bf8-8120-4535-be6b-a36b52978502___FAM_B.Msls 1329.JPG,Esca,false
e2343d76925183f74eb96f6098bdc3d88fc0f210a00761655fcf716e02675d42,Balanced_Final_Split/Balanced_Final_Split/train/Esca/train_63_ae6df1cf-7135-4945-9a20-bf17a2519e7a___FAM_B.Msls 1759.JPG,Esca,Balanced_Final_Split/Balanced_Final_Split/test/Esca/test_63_ae6df1cf-7135-4945-9a20-bf17a2519e7a___FAM_B.Msls 1759.JPG,Esca,false
cd1dd49eca2b6ffef62c64f751081f844563d7073f9f8e28b15156e4303042b8,Balanced_Final_Split/Balanced_Final_Split/train/Esca/train_64_8497f666-2c75-4e10-b7cc-fb1ca767b681___FAM_B.Msls 1279.JPG,Esca,Balanced_Final_Split/Balanced_Final_Split/test/Esca/test_64_8497f666-2c75-4e10-b7cc-fb1ca767b681___FAM_B.Msls 1279.JPG,Esca,false
f137f70ec31bf72de8962b5c52a0573a6cd9ab8a4eede43616661fe34a90afdc,Balanced_Final_Split/Balanced_Final_Split/train/Esca/train_65_2058103c-82a0-49ef-9b88-68ff282de479___FAM_B.Msls 3909_flipLR.JPG,Esca,Balanced_Final_Split/Balanced_Final_Split/test/Esca/test_65_2058103c-82a0-49ef-9b88-68ff282de479___FAM_B.Msls 3909_flipLR.JPG,Esca,false
6ef1be70777f6feb0057614283978b0a91efa171d80bdcef562112d79b81f88d,Balanced_Final_Split/Balanced_Final_Split/train/Esca/train_66_c3209ea5-fcee-4a5f-8030-b7c1006dc4c4___FAM_B.Msls 1316.JPG,Esca,Balanced_Final_Split/Balanced_Final_Split/test/Esca/test_66_c3209ea5-fcee-4a5f-8030-b7c1006dc4c4___FAM_B.Msls 1316.JPG,Esca,false
093174dd8cc93d62a6817729747256ae1e9e3339c742d56f29a379ccf1e7c65b,Balanced_Final_Split/Balanced_Final_Split/train/Esca/train_67_217b815b-6f1f-414e-9e05-eb235dbb1efb___FAM_B.Msls 3818.JPG,Esca,Balanced_Final_Split/Balanced_Final_Split/test/Esca/test_67_217b815b-6f1f-414e-9e05-eb235dbb1efb___FAM_B.Msls 3818.JPG,Esca,false
859668f272c5dc3f678c299f3315fb0f48345f13b973cf70beef1ea2333f8296,Balanced_Final_Split/Balanced_Final_Split/train/Esca/train_68_a2223591-46e6-4018-9484-499ce63bb137___FAM_B.Msls 4078.JPG,Esca,Balanced_Final_Split/Balanced_Final_Split/test/Esca/test_68_a2223591-46e6-4018-9484-499ce63bb137___FAM_B.Msls 4078.JPG,Esca,false
98ed5c1176abe7ffe7a895c0e7ae55c26d70e52e2ad85eba57a7b5351ca8480d,Balanced_Final_Split/Balanced_Final_Split/train/Esca/train_69_cdef4811-264b-4e54-897b-18de8e0e88ca___FAM_B.Msls 3876.JPG,Esca,Balanced_Final_Split/Balanced_Final_Split/test/Esca/test_69_cdef4811-264b-4e54-897b-18de8e0e88ca___FAM_B.Msls 3876.JPG,Esca,false
7707f90c5b40e8fa0f6badcb889a6fe986be073a611f1d0f6c3fd9573a6852e7,Balanced_Final_Split/Balanced_Final_Split/train/Esca/train_676_b5cd7194-ba06-4fd5-a24c-4c384f49e65b___FAM_B.Msls 4232.JPG,Esca,Balanced_Final_Split/Balanced_Final_Split/test/Esca/test_6_b5cd7194-ba06-4fd5-a24c-4c384f49e65b___FAM_B.Msls 4232.JPG,Esca,false
f410d160aa9a5edb9e2bbdd3692208c65eecf6f8fb42910ccf019abef689d833,Balanced_Final_Split/Balanced_Final_Split/train/Esca/train_70_f8a5e6ae-2b97-41b7-8c0e-e1f97cf79fe6___FAM_B.Msls 4331_flipLR.JPG,Esca,Balanced_Final_Split/Balanced_Final_Split/test/Esca/test_70_f8a5e6ae-2b97-41b7-8c0e-e1f97cf79fe6___FAM_B.Msls 4331_flipLR.JPG,Esca,false
0cb297e9a0cbed3817c60e758a56dc920f795026f69445eadac858816b33db74,Balanced_Final_Split/Balanced_Final_Split/train/Esca/train_71_d8206850-807e-453c-9230-be4338a85f9d___FAM_B.Msls 4030_flipLR.JPG,Esca,Balanced_Final_Split/Balanced_Final_Split/test/Esca/test_71_d8206850-807e-453c-9230-be4338a85f9d___FAM_B.Msls 4030_flipLR.JPG,Esca,false
42f63a3113afddcc36f482a59e070e161f192335a81dadba2c4a5d144c10e601,Balanced_Final_Split/Balanced_Final_Split/train/Esca/train_72_bebffac8-f730-4ac8-9b74-0f9c84dd6cdb___FAM_B.Msls 4006_flipLR.JPG,Esca,Balanced_Final_Split/Balanced_Final_Split/test/Esca/test_72_bebffac8-f730-4ac8-9b74-0f9c84dd6cdb___FAM_B.Msls 4006_flipLR.JPG,Esca,false
259013bcf9e177ccb89fb0faea7b397af55c3b01eb84e3846edd71d94813d5af,Balanced_Final_Split/Balanced_Final_Split/train/Esca/train_73_31bd4f43-7895-46af-bead-3da25e5d650d___FAM_B.Msls 4459_flipLR.JPG,Esca,Balanced_Final_Split/Balanced_Final_Split/test/Esca/test_73_31bd4f43-7895-46af-bead-3da25e5d650d___FAM_B.Msls 4459_flipLR.JPG,Esca,false
b64401a57ef522ccd6aea07df8791d402d483f524ef01e16ab475a6f0f2e45d2,Balanced_Final_Split/Balanced_Final_Split/train/Esca/train_74_7272a251-7c94-4550-8b0d-9f948c1c49a2___FAM_B.Msls 4418.JPG,Esca,Balanced_Final_Split/Balanced_Final_Split/test/Esca/test_74_7272a251-7c94-4550-8b0d-9f948c1c49a2___FAM_B.Msls 4418.JPG,Esca,false
c32eef596fa1106479bf1bcf4cac2f3f721b653868443d6e4684a29a4724eaf4,Balanced_Final_Split/Balanced_Final_Split/train/Esca/train_75_071145e3-a14e-4024-ae43-60e6622e5c06___FAM_B.Msls 4411_flipLR.JPG,Esca,Balanced_Final_Split/Balanced_Final_Split/test/Esca/test_75_071145e3-a14e-4024-ae43-60e6622e5c06___FAM_B.Msls 4411_flipLR.JPG,Esca,false
cb8bf2b6faf149e001c8d690745efe974d9df3efe0905abe1c19b257d4a3487b,Balanced_Final_Split/Balanced_Final_Split/train/Esca/train_76_dfccf859-9e06-4331-9bf0-0c5a51dfe5ec___FAM_B.Msls 1293_flipLR.JPG,Esca,Balanced_Final_Split/Balanced_Final_Split/test/Esca/test_76_dfccf859-9e06-4331-9bf0-0c5a51dfe5ec___FAM_B.Msls 1293_flipLR.JPG,Esca,false
6d493fd944e41615aeca00c3bc5727c42d077935f6a90ecfb039603217ce04fe,Balanced_Final_Split/Balanced_Final_Split/train/Esca/train_77_ac7c985b-e1bb-48ec-970e-abe18934141a___FAM_B.Msls 4298.JPG,Esca,Balanced_Final_Split/Balanced_Final_Split/test/Esca/test_77_ac7c985b-e1bb-48ec-970e-abe18934141a___FAM_B.Msls 4298.JPG,Esca,false
d1bba587f3caa113246f4915c0c585cd4d3f14723749f10df2fdc9cf1b1695cf,Balanced_Final_Split/Balanced_Final_Split/train/Esca/train_78_588792a1-d220-41c4-a7b4-2dd582662ec0___FAM_B.Msls 4181_flipLR.JPG,Esca,Balanced_Final_Split/Balanced_Final_Split/test/Esca/test_78_588792a1-d220-41c4-a7b4-2dd582662ec0___FAM_B.Msls 4181_flipLR.JPG,Esca,false
5e25b4aa5c7d2644d8a9aacfebbe6d120341d857ec37ff678ad6ae75e380f5f5,Balanced_Final_Split/Balanced_Final_Split/train/Esca/train_79_ecb4cc57-0f87-4392-9810-dc5a3b05ed56___FAM_B.Msls 1194.JPG,Esca,Balanced_Final_Split/Balanced_Final_Split/test/Esca/test_79_ecb4cc57-0f87-4392-9810-dc5a3b05ed56___FAM_B.Msls 1194.JPG,Esca,false
a2c6611895196f12eb30683295413e9f7de5a366330d70bd8b914a64df5720b4,Balanced_Final_Split/Balanced_Final_Split/train/Esca/train_7_b61f255e-1433-4736-878f-6af21f2e6856___FAM_B.Msls 0934_flipLR.JPG,Esca,Balanced_Final_Split/Balanced_Final_Split/test/Esca/test_7_b61f255e-1433-4736-878f-6af21f2e6856___FAM_B.Msls 0934_flipLR.JPG,Esca,false
17ab94b82add633d8c104eabdd435fe429e20fa1f8df5752ba6c113217b5d051,Balanced_Final_Split/Balanced_Final_Split/train/Esca/train_80_25da5b3c-b105-4471-9ddc-aed768164424___FAM_B.Msls 3925.JPG,Esca,Balanced_Final_Split/Balanced_Final_Split/test/Esca/test_80_25da5b3c-b105-4471-9ddc-aed768164424___FAM_B.Msls 3925.JPG,Esca,false
9cf3481a635e67af2c43d08f35ec7a4f0793829607129cdef9a11cb7e26097f6,Balanced_Final_Split/Balanced_Final_Split/train/Esca/train_651_6b16600f-d675-4639-a387-24b38714b9dd___FAM_B.Msls 1208.JPG,Esca,Balanced_Final_Split/Balanced_Final_Split/test/Esca/test_81_6b16600f-d675-4639-a387-24b38714b9dd___FAM_B.Msls 1208.JPG,Esca,false
04bd62c4c5f5760d26aa1cfcbcbb10433aafbe6f420588f3b05427fdd806ba5b,Balanced_Final_Split/Balanced_Final_Split/train/Esca/train_82_c1fdb0d9-6fac-4c64-b520-cb73709e6536___FAM_B.Msls 1224_flipLR.JPG,Esca,Balanced_Final_Split/Balanced_Final_Split/test/Esca/test_82_c1fdb0d9-6fac-4c64-b520-cb73709e6536___FAM_B.Msls 1224_flipLR.JPG,Esca,false
2576243e801a1cd390ae4d6031d276165f472852c1ed59b3e5b31867490ba90e,Balanced_Final_Split/Balanced_Final_Split/train/Esca/train_83_5609e627-47b2-4008-af43-c8103689a6a0___FAM_B.Msls 3922_flipLR.JPG,Esca,Balanced_Final_Split/Balanced_Final_Split/test/Esca/test_83_5609e627-47b2-4008-af43-c8103689a6a0___FAM_B.Msls 3922_flipLR.JPG,Esca,false
b68724ce7011e0e25d45c21f5137e6fa86b2af4f1c8b5124ae71d7e888624186,Balanced_Final_Split/Balanced_Final_Split/train/Esca/train_84_fe707855-adf5-4a5f-ac65-6f8f977e97cc___FAM_B.Msls 1034_flipLR.JPG,Esca,Balanced_Final_Split/Balanced_Final_Split/test/Esca/test_84_fe707855-adf5-4a5f-ac65-6f8f977e97cc___FAM_B.Msls 1034_flipLR.JPG,Esca,false
07e375dca691313eb6e6a6c598f1cc904e9064d042696e33e9810d4decf3cc2d,Balanced_Final_Split/Balanced_Final_Split/train/Esca/train_85_ecbdc4dc-ee26-45d0-b1fb-144e8e8d998c___FAM_B.Msls 4404_flipLR.JPG,Esca,Balanced_Final_Split/Balanced_Final_Split/test/Esca/test_85_ecbdc4dc-ee26-45d0-b1fb-144e8e8d998c___FAM_B.Msls 4404_flipLR.JPG,Esca,false
c6316c79f87fb38b7616f874305b9009e6476392f0378f3ab7406e4bef4af585,Balanced_Final_Split/Balanced_Final_Split/train/Esca/train_86_019afd88-6645-44c4-a5d2-bd583b877a50___FAM_B.Msls 1744_flipLR.JPG,Esca,Balanced_Final_Split/Balanced_Final_Split/test/Esca/test_86_019afd88-6645-44c4-a5d2-bd583b877a50___FAM_B.Msls 1744_flipLR.JPG,Esca,false
1ded82feeabf555d3559d927125480576d9c8d5ca7707217a19c9561e23d41b1,Balanced_Final_Split/Balanced_Final_Split/train/Esca/train_87_3473ab58-5217-4ab7-bfda-8d8683c5700d___FAM_B.Msls 4262.JPG,Esca,Balanced_Final_Split/Balanced_Final_Split/test/Esca/test_87_3473ab58-5217-4ab7-bfda-8d8683c5700d___FAM_B.Msls 4262.JPG,Esca,false
c3346abb501f701265e1f835e047217e5b1e361d966baf839f7f27b912cbadfb,Balanced_Final_Split/Balanced_Final_Split/train/Esca/train_285_86fcf2a5-6964-4caa-aecf-9b42f14b75dc___FAM_B.Msls 3989.JPG,Esca,Balanced_Final_Split/Balanced_Final_Split/test/Esca/test_88_86fcf2a5-6964-4caa-aecf-9b42f14b75dc___FAM_B.Msls 3989.JPG,Esca,false
a0d03705ab5bed565e16dedcd911793edeb8e3e722731f4b3208254c95a1dbb0,Balanced_Final_Split/Balanced_Final_Split/train/Esca/train_89_24c03e78-b6d2-4c3a-a666-d93b3bc5d494___FAM_B.Msls 4325_flipLR.JPG,Esca,Balanced_Final_Split/Balanced_Final_Split/test/Esca/test_89_24c03e78-b6d2-4c3a-a666-d93b3bc5d494___FAM_B.Msls 4325_flipLR.JPG,Esca,false
1dfd1ea9c2bf7ce5ab70caa7f96dcf9f2678fcb887a04323c6e867a3ca8b879e,Balanced_Final_Split/Balanced_Final_Split/train/Esca/train_8_fba221e7-a216-434f-9d97-13b6e8cf2f7d___FAM_B.Msls 4332_flipLR.JPG,Esca,Balanced_Final_Split/Balanced_Final_Split/test/Esca/test_8_fba221e7-a216-434f-9d97-13b6e8cf2f7d___FAM_B.Msls 4332_flipLR.JPG,Esca,false
b1490ad20b3858358c5986eb8ab14e6097160792fcddefbe42c3382411aeef76,Balanced_Final_Split/Balanced_Final_Split/train/Esca/train_278_0598129d-b448-4576-9c66-650388302622___FAM_B.Msls 4097_flipLR.JPG,Esca,Balanced_Final_Split/Balanced_Final_Split/test/Esca/test_90_0598129d-b448-4576-9c66-650388302622___FAM_B.Msls 4097_flipLR.JPG,Esca,false
62ca9722fc5c8e8cee69bcdaa8e265d4fe7cf6c8b0398223237b7df6dc53869e,Balanced_Final_Split/Balanced_Final_Split/train/Esca/train_91_2850cff3-e262-49b1-af09-051e76e19fa8___FAM_B.Msls 1336_flipLR.JPG,Esca,Balanced_Final_Split/Balanced_Final_Split/test/Esca/test_91_2850cff3-e262-49b1-af09-051e76e19fa8___FAM_B.Msls 1336_flipLR.JPG,Esca,false
7815c3f9a01ebdf9ce60a80947526adcb2e48f2f7f6e5d8c7d1e3078d3b173d6,Balanced_Final_Split/Balanced_Final_Split/train/Esca/train_92_626b4979-d55d-409e-802d-64d3051e1726___FAM_B.Msls 1199_flipLR.JPG,Esca,Balanced_Final_Split/Balanced_Final_Split/test/Esca/test_92_626b4979-d55d-409e-802d-64d3051e1726___FAM_B.Msls 1199_flipLR.JPG,Esca,false
3abdbadd46a04d73f76caba0eddaae6aa17de1b7e8ccc0f2c72a7640cd00d2dd,Balanced_Final_Split/Balanced_Final_Split/train/Esca/train_93_08987956-340e-45ae-ad8e-dc09f6958638___FAM_B.Msls 1019_flipLR.JPG,Esca,Balanced_Final_Split/Balanced_Final_Split/test/Esca/test_93_08987956-340e-45ae-ad8e-dc09f6958638___FAM_B.Msls 1019_flipLR.JPG,Esca,false
9c5bfa41bc2f00d737f29dd5b08b82a6348a2d248a8cd86fbdaaab16a4c58d30,Balanced_Final_Split/Balanced_Final_Split/train/Esca/train_94_68508b25-aff4-4a35-959b-31acd9e42430___FAM_B.Msls 1810.JPG,Esca,Balanced_Final_Split/Balanced_Final_Split/test/Esca/test_94_68508b25-aff4-4a35-959b-31acd9e42430___FAM_B.Msls 1810.JPG,Esca,false
ddcf869aaaebca9a5b44f882b1074e4835131a10727d871623a03ec6f28bc49d,Balanced_Final_Split/Balanced_Final_Split/train/Esca/train_95_33880a34-ebaa-47df-916a-d65d4662a1c0___FAM_B.Msls 1790_flipLR.JPG,Esca,Balanced_Final_Split/Balanced_Final_Split/test/Esca/test_95_33880a34-ebaa-47df-916a-d65d4662a1c0___FAM_B.Msls 1790_flipLR.JPG,Esca,false
eb1ce45785f0783b07293672c511fef62721543b5b644a1bd9eb6d0637689c95,Balanced_Final_Split/Balanced_Final_Split/train/Esca/train_96_3a73587c-78e0-4cb4-b863-ef918ce0e77b___FAM_B.Msls 1010.JPG,Esca,Balanced_Final_Split/Balanced_Final_Split/test/Esca/test_96_3a73587c-78e0-4cb4-b863-ef918ce0e77b___FAM_B.Msls 1010.JPG,Esca,false
16b221a05455c13a67bec95e17efe5b6ff3ba919abd469826c596f69876b4b21,Balanced_Final_Split/Balanced_Final_Split/train/Esca/train_97_df2f4155-6e6e-46e3-8cef-2d3ab795e32f___FAM_B.Msls 4157_flipLR.JPG,Esca,Balanced_Final_Split/Balanced_Final_Split/test/Esca/test_97_df2f4155-6e6e-46e3-8cef-2d3ab795e32f___FAM_B.Msls 4157_flipLR.JPG,Esca,false
6761d1cf6f5f45f41bd7b4dbb3a066fc567d1680d77543c4da6c9812cd889d5f,Balanced_Final_Split/Balanced_Final_Split/train/Esca/train_98_7e4cf44f-02ec-4812-9afa-b19f45add835___FAM_B.Msls 4422.JPG,Esca,Balanced_Final_Split/Balanced_Final_Split/test/Esca/test_98_7e4cf44f-02ec-4812-9afa-b19f45add835___FAM_B.Msls 4422.JPG,Esca,false
e3e29d917deda00160466fea0a199982b57a97080730a952d5c9c8ac18c68e96,Balanced_Final_Split/Balanced_Final_Split/train/Esca/train_99_0075b632-2e34-4e4f-9697-fe2b332b7ef8___FAM_B.Msls 4399.JPG,Esca,Balanced_Final_Split/Balanced_Final_Split/test/Esca/test_99_0075b632-2e34-4e4f-9697-fe2b332b7ef8___FAM_B.Msls 4399.JPG,Esca,false
899f25097863d48909501bb174606e969408625c3edefdaf1d769238dc999f2e,Balanced_Final_Split/Balanced_Final_Split/train/Esca/train_104_923dc9f8-a74e-4540-b52c-ec53bdbad7d9___FAM_B.Msls 0978.JPG,Esca,Balanced_Final_Split/Balanced_Final_Split/test/Esca/test_9_923dc9f8-a74e-4540-b52c-ec53bdbad7d9___FAM_B.Msls 0978.JPG,Esca,false
d143ea6a511948eee07855c94da8cce1c3290073349591cee9b7b0c48cd2a856,Balanced_Final_Split/Balanced_Final_Split/train/Healthy/train_0_5385fa4e-cf2a-431e-8f30-459d7e05bd7a___Mt.N.V_HL 9005_270deg.JPG,Healthy,Balanced_Final_Split/Balanced_Final_Split/test/Healthy/test_0_5385fa4e-cf2a-431e-8f30-459d7e05bd7a___Mt.N.V_HL 9005_270deg.JPG,Healthy,false
20176c67cb4b75bc2678c1b34ef5576a88518d54d0f0684c14b583de1754f0d6,Balanced_Final_Split/Balanced_Final_Split/train/Healthy/train_100_bdc235ee-4947-46d3-aecf-3bb9274bb914___Mt.N.V_HL 8929_90deg.JPG,Healthy,Balanced_Final_Split/Balanced_Final_Split/test/Healthy/test_100_bdc235ee-4947-46d3-aecf-3bb9274bb914___Mt.N.V_HL 8929_90deg.JPG,Healthy,false
6a7387398b13501217f08e3be3201d7fb102f4ceddb7972d651bbfb638fe1188,Balanced_Final_Split/Balanced_Final_Split/train/Healthy/train_101_dcd949b9-297d-40aa-b4dd-7f347a599d4c___Mt.N.V_HL 6057_270deg.JPG,Healthy,Balanced_Final_Split/Balanced_Final_Split/test/Healthy/test_101_dcd949b9-297d-40aa-b4dd-7f347a599d4c___Mt.N.V_HL 6057_270deg.JPG,Healthy,false
ec2d7345f6a3ce7db2715781c1838c8d47610038bdbd9ae6c016a7206fc818ed,Balanced_Final_Split/Balanced_Final_Split/train/Healthy/train_102_Healthy Leaves_313.jpg,Healthy,Balanced_Final_Split/Balanced_Final_Split/test/Healthy/test_102_Healthy Leaves_313.jpg,Healthy,false
b8fec1e2303175a4b2088b606b896287fa880efed3cb14e0f606fb0206c2ea32,Balanced_Final_Split/Balanced_Final_Split/train/Healthy/train_103_7e72db84-6afb-408b-b0de-d1b16e9a48af___Mt.N.V_HL 6050_180deg.JPG,Healthy,Balanced_Final_Split/Balanced_Final_Split/test/Healthy/test_103_7e72db84-6afb-408b-b0de-d1b16e9a48af___Mt.N.V_HL 6050_180deg.JPG,Healthy,false
0599c0aaf42d9a08b024021a99bd8792bac2da7ef309527f057557f9ef3e68de,Balanced_Final_Split/Balanced_Final_Split/train/Healthy/train_104_Healthy Leaves_820.jpg,Healthy,Balanced_Final_Split/Balanced_Final_Split/test/Healthy/test_104_Healthy Leaves_820.jpg,Healthy,false
93648d9e71f8f625afcbb271e2d00b1ef54fb98667306ccac4f364fe1cca179e,Balanced_Final_Split/Balanced_Final_Split/train/Healthy/train_105_63a683df-44e9-410f-b04c-c07220e3b9a3___Mt.N.V_HL 9089_270deg.JPG,Healthy,Balanced_Final_Split/Balanced_Final_Split/test/Healthy/test_105_63a683df-44e9-410f-b04c-c07220e3b9a3___Mt.N.V_HL 9089_270deg.JPG,Healthy,false
9b97c8c952e35cac4a85aeb44aab2215167bb539743a10ba545a73da9f44b21b,Balanced_Final_Split/Balanced_Final_Split/train/Healthy/train_106_Healthy Leaves_864.jpg,Healthy,Balanced_Final_Split/Balanced_Final_Split/test/Healthy/test_106_Healthy Leaves_864.jpg,Healthy,false
3d5948d54aba915451b424e7c79312edf66057a88618b1a0ccf1e333806fa148,Balanced_Final_Split/Balanced_Final_Split/train/Healthy/train_107_Healthy Leaves_884.jpg,Healthy,Balanced_Final_Split/Balanced_Final_Split/test/Healthy/test_107_Healthy Leaves_884.jpg,Healthy,false
25587e9dc5a9a132e0ceb659587a262c46b3c51e8f2d0f2c1067fde3357c2683,Balanced_Final_Split/Balanced_Final_Split/train/Healthy/train_108_4e284d07-22f2-460c-b43e-53469538a8cb___Mt.N.V_HL 6146_90deg.JPG,Healthy,Balanced_Final_Split/Balanced_Final_Split/test/Healthy/test_108_4e284d07-22f2-460c-b43e-53469538a8cb___Mt.N.V_HL 6146_90deg.JPG,Healthy,false
0fff0d4e9283f3861d768d4b2517d9c820831f37be8f316bd400337fad2c624e,Balanced_Final_Split/Balanced_Final_Split/train/Healthy/train_109_ff99a93a-ec9b-4a6d-a5e1-1a015cada478___Mt.N.V_HL 9057_90deg.JPG,Healthy,Balanced_Final_Split/Balanced_Final_Split/test/Healthy/test_109_ff99a93a-ec9b-4a6d-a5e1-1a015cada478___Mt.N.V_HL 9057_90deg.JPG,Healthy,false
0c165cf6d0bad26f074257a4f38a3f466a1e7448f6ad66261bb29a51c263a986,Balanced_Final_Split/Balanced_Final_Split/train/Healthy/train_10_Healthy Leaves_1198.jpg,Healthy,Balanced_Final_Split/Balanced_Final_Split/test/Healthy/test_10_Healthy Leaves_1198.jpg,Healthy,false
eefea5d0fdf417171d21d530b1f88fc1bfcd014742b4c95611aa4dd76ab77e26,Balanced_Final_Split/Balanced_Final_Split/train/Healthy/train_110_8e026e59-ea04-4f21-832c-b7c4539dfe91___Mt.N.V_HL 6096.JPG,Healthy,Balanced_Final_Split/Balanced_Final_Split/test/Healthy/test_110_8e026e59-ea04-4f21-832c-b7c4539dfe91___Mt.N.V_HL 6096.JPG,Healthy,false
e8e47f4ecf5f6d4e1dddae78df7ff6ed8020934cd72998e1f735d6c8ec3a9964,Balanced_Final_Split/Balanced_Final_Split/train/Healthy/train_111_3c75e76c-2e1f-478f-aadc-f3decb68c9b0___Mt.N.V_HL 6108_180deg.JPG,Healthy,Balanced_Final_Split/Balanced_Final_Split/test/Healthy/test_111_3c75e76c-2e1f-478f-aadc-f3decb68c9b0___Mt.N.V_HL 6108_180deg.JPG,Healthy,false
1d2a831a3818b1967a4344d0fbb5ac6deeafd4294c0d54909f36adf310e73324,Balanced_Final_Split/Balanced_Final_Split/train/Healthy/train_112_5b2c9b7e-4f3a-4850-bd70-35230df9c794___Mt.N.V_HL 8933_new30degFlipLR.JPG,Healthy,Balanced_Final_Split/Balanced_Final_Split/test/Healthy/test_112_5b2c9b7e-4f3a-4850-bd70-35230df9c794___Mt.N.V_HL 8933_new30degFlipLR.JPG,Healthy,false
03f15dffcb30d5ce5532e024a35fe720156c7070dd3e4437506d78fa2aa5c059,Balanced_Final_Split/Balanced_Final_Split/train/Healthy/train_113_Healthy Leaves_275.jpg,Healthy,Balanced_Final_Split/Balanced_Final_Split/test/Healthy/test_113_Healthy Leaves_275.jpg,Healthy,false
31a6b5c2a5cfc6b26afb98fbf1a07b8b75a401202e51b604fbcf59436f8e8470,Balanced_Final_Split/Balanced_Final_Split/train/Healthy/train_114_4bd1e0f6-b69e-4936-83a2-235e6f8d7479___Mt.N.V_HL 6044_270deg.JPG,Healthy,Balanced_Final_Split/Balanced_Final_Split/test/Healthy/test_114_4bd1e0f6-b69e-4936-83a2-235e6f8d7479___Mt.N.V_HL 6044_270deg.JPG,Healthy,false
850bff7f78872d57b31dc2ddd9dca10b934de29515508c0524b598ff89afe0a6,Balanced_Final_Split/Balanced_Final_Split/train/Healthy/train_115_b4cbb49f-8418-4631-a151-e69fe1f35cea___Mt.N.V_HL 9074_180deg.JPG,Healthy,Balanced_Final_Split/Balanced_Final_Split/test/Healthy/test_115_b4cbb49f-8418-4631-a151-e69fe1f35cea___Mt.N.V_HL 9074_180deg.JPG,Healthy,false
9708b89b88423260ae11e120a344293d4da0479a2632323eb5f480db86420dfa,Balanced_Final_Split/Balanced_Final_Split/train/Healthy/train_116_69a50f71-f8ee-4280-ac3e-c1d68e950c2e___Mt.N.V_HL 6165_180deg.JPG,Healthy,Balanced_Final_Split/Balanced_Final_Split/test/Healthy/test_116_69a50f71-f8ee-4280-ac3e-c1d68e950c2e___Mt.N.V_HL 6165_180deg.JPG,Healthy,false
a2d69014e08ca7352d4b072bc63a32a65f3c85e2fa22865943b93ec14491b314,Balanced_Final_Split/Balanced_Final_Split/train/Healthy/train_117_9bca2bb8-b017-4d2b-ae0a-257916d55952___Mt.N.V_HL 8937.JPG,Healthy,Balanced_Final_Split/Balanced_Final_Split/test/Healthy/test_117_9bca2bb8-b017-4d2b-ae0a-257916d55952___Mt.N.V_HL 8937.JPG,Healthy,false
49fc2a7ed4d1372cf8896278af332679edfa37721eee1882ce4350092e12ce88,Balanced_Final_Split/Balanced_Final_Split/train/Healthy/train_118_Healthy Leaves_597.jpg,Healthy,Balanced_Final_Split/Balanced_Final_Split/test/Healthy/test_118_Healthy Leaves_597.jpg,Healthy,false
581ed6df322fd1aed3a3cf3367ce0b6f25970d7e4cf37e3b903c29d1de4159d0,Balanced_Final_Split/Balanced_Final_Split/train/Healthy/train_119_b2e93b6f-8a63-43f7-9305-dbad31dceda6___Mt.N.V_HL 9064.JPG,Healthy,Balanced_Final_Split/Balanced_Final_Split/test/Healthy/test_119_b2e93b6f-8a63-43f7-9305-dbad31dceda6___Mt.N.V_HL 9064.JPG,Healthy,false
59de8a0b1b1d7a53778be3bca3c3a6411fa24b9ec10b84e2c44958363128fcca,Balanced_Final_Split/Balanced_Final_Split/train/Healthy/train_11_f6bca207-2928-4753-b867-ec5f25361334___Mt.N.V_HL 9113_270deg.JPG,Healthy,Balanced_Final_Split/Balanced_Final_Split/test/Healthy/test_11_f6bca207-2928-4753-b867-ec5f25361334___Mt.N.V_HL 9113_270deg.JPG,Healthy,false
272b8358705b9d278b0ef1c96412a84531484b4e6ad0523870e26ecf5e446c67,Balanced_Final_Split/Balanced_Final_Split/train/Healthy/train_120_Healthy Leaves_1177.jpg,Healthy,Balanced_Final_Split/Balanced_Final_Split/test/Healthy/test_120_Healthy Leaves_1177.jpg,Healthy,false
0bb8f16a759be7062f59492305f332a91204c92346a275d400c981c05c545d9e,Balanced_Final_Split/Balanced_Final_Split/train/Healthy/train_121_452823c1-22d2-4bce-a4cc-8ad014421261___Mt.N.V_HL 6199_new30degFlipLR.JPG,Healthy,Balanced_Final_Split/Balanced_Final_Split/test/Healthy/test_121_452823c1-22d2-4bce-a4cc-8ad014421261___Mt.N.V_HL 6199_new30degFlipLR.JPG,Healthy,false
3b1adf62e204343e974e46c8c9fecf2e7ee2b581c9e945252cf0330298da3b82,Balanced_Final_Split/Balanced_Final_Split/train/Healthy/train_122_Healthy Leaves_1184.jpg,Healthy,Balanced_Final_Split/Balanced_Final_Split/test/Healthy/test_122_Healthy Leaves_1184.jpg,Healthy,false
57d961de6c0f4d656bfa70bfa8dea3d2d5baf219b173cb21259aecf1107abf2e,Balanced_Final_Split/Balanced_Final_Split/train/Healthy/train_123_Healthy Leaves_264.jpg,Healthy,Balanced_Final_Split/Balanced_Final_Split/test/Healthy/test_123_Healthy Leaves_264.jpg,Healthy,false
e7eb26189cf2254c69f97197a02c6b4e2d34f4510bc775ac451c31a809fa12b9,Balanced_Final_Split/Balanced_Final_Split/train/Healthy/train_124_345f02f4-0d5d-44cf-ab60-24dbd9243e2c___Mt.N.V_HL 6071_180deg.JPG,Healthy,Balanced_Final_Split/Balanced_Final_Split/test/Healthy/test_124_345f02f4-0d5d-44cf-ab60-24dbd9243e2c___Mt.N.V_HL 6071_180deg.JPG,Healthy,false
426d9dfd171477ee3cbb19728e76f8635c1cdc358c5a06e6e1dc521165285c59,Balanced_Final_Split/Balanced_Final_Split/train/Healthy/train_125_Healthy Leaves_942.jpg,Healthy,Balanced_Final_Split/Balanced_Final_Split/test/Healthy/test_125_Healthy Leaves_942.jpg,Healthy,false
265aa1099979949400783392e568ac1ce4fb31e7261b86818d31dfe1234ef1df,Balanced_Final_Split/Balanced_Final_Split/train/Healthy/train_126_Healthy Leaves_214.jpg,Healthy,Balanced_Final_Split/Balanced_Final_Split/test/Healthy/test_126_Healthy Leaves_214.jpg,Healthy,false
70f3266580d93daf27fd76c24930d2080814fcdfadec4613b2d6a41d145ee23c,Balanced_Final_Split/Balanced_Final_Split/train/Healthy/train_127_369f23fe-c093-4655-a9f2-0aae0918eb26___Mt.N.V_HL 6102.JPG,Healthy,Balanced_Final_Split/Balanced_Final_Split/test/Healthy/test_127_369f23fe-c093-4655-a9f2-0aae0918eb26___Mt.N.V_HL 6102.JPG,Healthy,false
9a19f1e680ab44fda5b6aeeb813354ea0fbcf928a8ed9c774f5a764cc98b3f8a,Balanced_Final_Split/Balanced_Final_Split/train/Healthy/train_128_215c8317-c0ca-4b35-9ac2-28e01712e367___Mt.N.V_HL 8914.JPG,Healthy,Balanced_Final_Split/Balanced_Final_Split/test/Healthy/test_128_215c8317-c0ca-4b35-9ac2-28e01712e367___Mt.N.V_HL 8914.JPG,Healthy,false
74fd6f2059265b821e98f7d3f6a5ed0cd738b65a728f0fe21f0dc7d8d076e39a,Balanced_Final_Split/Balanced_Final_Split/train/Healthy/train_129_Healthy Leaves_1001.jpg,Healthy,Balanced_Final_Split/Balanced_Final_Split/test/Healthy/test_129_Healthy Leaves_1001.jpg,Healthy,false
3774143009e6debc022a52e58b063133bc13e77edbb175087139fb25e0d4a50a,Balanced_Final_Split/Balanced_Final_Split/train/Healthy/train_12_6ca3ca86-ac9f-47a2-8cb7-be4956ffe7dc___Mt.N.V_HL 6022.JPG,Healthy,Balanced_Final_Split/Balanced_Final_Split/test/Healthy/test_12_6ca3ca86-ac9f-47a2-8cb7-be4956ffe7dc___Mt.N.V_HL 6022.JPG,Healthy,false
3dd0aa1fa2c09f833a3d2a4eca7a0cf9d949fc8683bde9725c4a30a6d5172d54,Balanced_Final_Split/Balanced_Final_Split/train/Healthy/train_130_9f569d96-a582-4c82-827a-b4467382cc64___Mt.N.V_HL 9067_90deg.JPG,Healthy,Balanced_Final_Split/Balanced_Final_Split/test/Healthy/test_130_9f569d96-a582-4c82-827a-b4467382cc64___Mt.N.V_HL 9067_90deg.JPG,Healthy,false
81d575a41505c8156d0e310d637b3a2f5802b1ab3cded022c3644cbf0b420ebe,Balanced_Final_Split/Balanced_Final_Split/train/Healthy/train_131_7dcbe0fa-4dc1-4234-97d4-9c19391fbe21___Mt.N.V_HL 9114_180deg.JPG,Healthy,Balanced_Final_Split/Balanced_Final_Split/test/Healthy/test_131_7dcbe0fa-4dc1-4234-97d4-9c19391fbe21___Mt.N.V_HL 9114_180deg.JPG,Healthy,false
719f4413b91f2818f7a4ba580a154ec25002b0f6e351a282457f54cf1252d09d,Balanced_Final_Split/Balanced_Final_Split/train/Healthy/train_132_7330e0f7-bc32-4297-95e6-a92c0cee1050___Mt.N.V_HL 6131.JPG,Healthy,Balanced_Final_Split/Balanced_Final_Split/test/Healthy/test_132_7330e0f7-bc32-4297-95e6-a92c0cee1050___Mt.N.V_HL 6131.JPG,Healthy,false
f4fa0e47b74448ac3a3887500c7f4c412525b1934145cdb315390271d76ca2c3,Balanced_Final_Split/Balanced_Final_Split/train/Healthy/train_133_Healthy Leaves_116.jpg,Healthy,Balanced_Final_Split/Balanced_Final_Split/test/Healthy/test_133_Healthy Leaves_116.jpg,Healthy,false
e4a5454f18336db551338f5fc913ad3f56c51ffb031940f1150c659fee27d5c4,Balanced_Final_Split/Balanced_Final_Split/train/Healthy/train_134_Healthy Leaves_1087.jpg,Healthy,Balanced_Final_Split/Balanced_Final_Split/test/Healthy/test_134_Healthy Leaves_1087.jpg,Healthy,false
c6c4a874046873aa3a4986b7a39efeb366ef1fcec3a425f81f06d53d9928b547,Balanced_Final_Split/Balanced_Final_Split/train/Healthy/train_135_Healthy Leaves_1043.png,Healthy,Balanced_Final_Split/Balanced_Final_Split/test/Healthy/test_135_Healthy Leaves_1043.png,Healthy,false
2b526ce7b20085bf83e54062ea08c9ba0bcbd435ec76961da6bfe7772179124a,Balanced_Final_Split/Balanced_Final_Split/train/Healthy/train_136_e554b5e2-8856-4e0e-be67-102f6845b1c9___Mt.N.V_HL 6089.JPG,Healthy,Balanced_Final_Split/Balanced_Final_Split/test/Healthy/test_136_e554b5e2-8856-4e0e-be67-102f6845b1c9___Mt.N.V_HL 6089.JPG,Healthy,false
58eac2ee56cdbf49ae397f5968b7d9241a335160f13b9b334bc312e324b319f5,Balanced_Final_Split/Balanced_Final_Split/train/Healthy/train_137_398.jpg,Healthy,Balanced_Final_Split/Balanced_Final_Split/test/Healthy/test_137_398.jpg,Healthy,false
56b447b7017582aa61dab1cac555a5cf6c70b957681b6ad9dcae0bf7afcfff3f,Balanced_Final_Split/Balanced_Final_Split/train/Healthy/train_138_3c593da4-e1df-460c-98a9-2bc71df670d5___Mt.N.V_HL 8970_90deg.JPG,Healthy,Balanced_Final_Split/Balanced_Final_Split/test/Healthy/test_138_3c593da4-e1df-460c-98a9-2bc71df670d5___Mt.N.V_HL 8970_90deg.JPG,Healthy,false
cbea18083e9720f74c44431535b68706eda5f59d2ecba219901929297c0887e7,Balanced_Final_Split/Balanced_Final_Split/train/Healthy/train_139_2d1327cf-7a91-4baf-b3b6-42517c795c9c___Mt.N.V_HL 6171.JPG,Healthy,Balanced_Final_Split/Balanced_Final_Split/test/Healthy/test_139_2d1327cf-7a91-4baf-b3b6-42517c795c9c___Mt.N.V_HL 6171.JPG,Healthy,false
4e191d5e29014989204c37a938b04e80497bba3f63574e68ae3ff2d3e5a8e4f1,Balanced_Final_Split/Balanced_Final_Split/train/Healthy/train_13_869e0f89-3cd1-4080-8789-7f13de41afac___Mt.N.V_HL 6144_new30degFlipLR.JPG,Healthy,Balanced_Final_Split/Balanced_Final_Split/test/Healthy/test_13_869e0f89-3cd1-4080-8789-7f13de41afac___Mt.N.V_HL 6144_new30degFlipLR.JPG,Healthy,false
d1794595f9a3f99fc6cfe9596a4768d52eb686894577fcb9ced718bc7c441f07,Balanced_Final_Split/Balanced_Final_Split/train/Healthy/train_140_Healthy Leaves_416.jpg,Healthy,Balanced_Final_Split/Balanced_Final_Split/test/Healthy/test_140_Healthy Leaves_416.jpg,Healthy,false
8dc5eafaaafb3f870fc5fdf78dfe77d68909fb0c8f7e595a77de5167374fdc07,Balanced_Final_Split/Balanced_Final_Split/train/Healthy/train_141_2ba70e62-f225-475a-9449-a7fe5f11a59c___Mt.N.V_HL 6074_new30degFlipLR.JPG,Healthy,Balanced_Final_Split/Balanced_Final_Split/test/Healthy/test_141_2ba70e62-f225-475a-9449-a7fe5f11a59c___Mt.N.V_HL 6074_new30degFlipLR.JPG,Healthy,false
b0a50c8c4821f8ef5d0c977b55e17b4d582c45f11b95746eed3dff8c58b92b36,Balanced_Final_Split/Balanced_Final_Split/train/Healthy/train_142_Healthy Leaves_48.jpg,Healthy,Balanced_Final_Split/Balanced_Final_Split/test/Healthy/test_142_Healthy Leaves_48.jpg,Healthy,false
62e9c8445749665fdaebe53954694722e2d29c724b985ccdcf84504ae7836e4c,Balanced_Final_Split/Balanced_Final_Split/train/Healthy/train_143_Healthy Leaves_801.jpg,Healthy,Balanced_Final_Split/Balanced_Final_Split/test/Healthy/test_143_Healthy Leaves_801.jpg,Healthy,false
da88ef40b110675c2e908e2fb5916e14057e9a73ac9d0f035ecc73360848c065,Balanced_Final_Split/Balanced_Final_Split/train/Healthy/train_144_c431d237-0d9a-42ea-b51c-953341859808___Mt.N.V_HL 9109_new30degFlipLR.JPG,Healthy,Balanced_Final_Split/Balanced_Final_Split/test/Healthy/test_144_c431d237-0d9a-42ea-b51c-953341859808___Mt.N.V_HL 9109_new30degFlipLR.JPG,Healthy,false
ccec77a868a52825a4d0a639c50a3bf98398af7f1c011bd86117c86ad1ce8559,Balanced_Final_Split/Balanced_Final_Split/train/Healthy/train_145_Healthy Leaves_720.jpg,Healthy,Balanced_Final_Split/Balanced_Final_Split/test/Healthy/test_145_Healthy Leaves_720.jpg,Healthy,false
a4f6c9f93ffffb93695dadba80cb98b388d806a0be7bcbc1b954de88d00e8491,Balanced_Final_Split/Balanced_Final_Split/train/Healthy/train_146_0294ca65-4c29-44be-af28-501df9f715e8___Mt.N.V_HL 6176.JPG,Healthy,Balanced_Final_Split/Balanced_Final_Split/test/Healthy/test_146_0294ca65-4c29-44be-af28-501df9f715e8___Mt.N.V_HL 6176.JPG,Healthy,false
dea77870ddfa15b6555167009c31ceaf40a77c4477311e1b8f4179f6791ce77a,Balanced_Final_Split/Balanced_Final_Split/train/Healthy/train_147_Healthy Leaves_85.jpg,Healthy,Balanced_Final_Split/Balanced_Final_Split/test/Healthy/test_147_Healthy Leaves_85.jpg,Healthy,false
8f3c0dc242d65eab260d7c14d62bec3cd83fc108c6be9ecc98077b95b909c182,Balanced_Final_Split/Balanced_Final_Split/train/Healthy/train_148_120e3a97-f879-4047-8811-077c723cb069___Mt.N.V_HL 9058.JPG,Healthy,Balanced_Final_Split/Balanced_Final_Split/test/Healthy/test_148_120e3a97-f879-4047-8811-077c723cb069___Mt.N.V_HL 9058.JPG,Healthy,false
29f9c10a4df3d480f807aa36b42c23cc5c8ef1e0ccb9f12fb895950df1837c53,Balanced_Final_Split/Balanced_Final_Split/train/Healthy/train_149_Healthy Leaves_590.jpg,Healthy,Balanced_Final_Split/Balanced_Final_Split/test/Healthy/test_149_Healthy Leaves_590.jpg,Healthy,false
76529dca018fa125ba4e70532b0c2c7125e96b1d015978f9e6aa80e9b131792b,Balanced_Final_Split/Balanced_Final_Split/train/Healthy/train_14_811f5365-f5a3-4659-8302-009fb5275541___Mt.N.V_HL 8946_90deg.JPG,Healthy,Balanced_Final_Split/Balanced_Final_Split/test/Healthy/test_14_811f5365-f5a3-4659-8302-009fb5275541___Mt.N.V_HL 8946_90deg.JPG,Healthy,false
9a0ace4eef89ce6f145869c873d605e67a289fb2c7ebff3bc7aaa8dc8093ce37,Balanced_Final_Split/Balanced_Final_Split/train/Healthy/train_150_f207869a-fff0-4339-9910-f381524c4599___Mt.N.V_HL 9125_270deg.JPG,Healthy,Balanced_Final_Split/Balanced_Final_Split/test/Healthy/test_150_f207869a-fff0-4339-9910-f381524c4599___Mt.N.V_HL 9125_270deg.JPG,Healthy,false
786d0486e6c70f3d34578a0cf42d0403ff249f4f1f21838b741e35ae2a24aa7d,Balanced_Final_Split/Balanced_Final_Split/train/Healthy/train_151_Healthy Leaves_867.jpg,Healthy,Balanced_Final_Split/Balanced_Final_Split/test/Healthy/test_151_Healthy Leaves_867.jpg,Healthy,false
00e79acbef06098bc96ed12549d25e58e68e9f9afcd845929d56ae5e450e7007,Balanced_Final_Split/Balanced_Final_Split/train/Healthy/train_152_Healthy Leaves_611.jpg,Healthy,Balanced_Final_Split/Balanced_Final_Split/test/Healthy/test_152_Healthy Leaves_611.jpg,Healthy,false
559665bcbe19e2cf4e449a06f98b2d65473b9886ea1cddd404e4b8e039d3a5da,Balanced_Final_Split/Balanced_Final_Split/train/Healthy/train_153_eaf9de03-6ec6-453b-9cd1-38d5d3337ea3___Mt.N.V_HL 8951_new30degFlipLR.JPG,Healthy,Balanced_Final_Split/Balanced_Final_Split/test/Healthy/test_153_eaf9de03-6ec6-453b-9cd1-38d5d3337ea3___Mt.N.V_HL 8951_new30degFlipLR.JPG,Healthy,false
a4464e66f92994b18f0562fc2ba4fc41447aec3b0807f8e46b0fc9f909b18037,Balanced_Final_Split/Balanced_Final_Split/train/Healthy/train_154_8c3e4fd0-4183-4a75-9e29-76851d08379c___Mt.N.V_HL 8965_new30degFlipLR.JPG,Healthy,Balanced_Final_Split/Balanced_Final_Split/test/Healthy/test_154_8c3e4fd0-4183-4a75-9e29-76851d08379c___Mt.N.V_HL 8965_new30degFlipLR.JPG,Healthy,false
6dd4d71f2184d27088ada5159b6f2d0f3898ee5e516c26b0547bb153c040323e,Balanced_Final_Split/Balanced_Final_Split/train/Healthy/train_155_8517d0e4-6251-4ada-80c7-656678f35084___Mt.N.V_HL 6139.JPG,Healthy,Balanced_Final_Split/Balanced_Final_Split/test/Healthy/test_155_8517d0e4-6251-4ada-80c7-656678f35084___Mt.N.V_HL 6139.JPG,Healthy,false
0e3cfd9aa7e882a0ad4c94e90cf19b663fb46c584daee61aa8804deabf2e0370,Balanced_Final_Split/Balanced_Final_Split/train/Healthy/train_156_44906155-2446-487e-8531-6c0d98e751dc___Mt.N.V_HL 8992_90deg.JPG,Healthy,Balanced_Final_Split/Balanced_Final_Split/test/Healthy/test_156_44906155-2446-487e-8531-6c0d98e751dc___Mt.N.V_HL 8992_90deg.JPG,Healthy,false
1c6615a0f806ed45e4ab55a2551322b388a29d601773c1faef8196ea49c6dc9b,Balanced_Final_Split/Balanced_Final_Split/train/Healthy/train_157_0ca59865-f0d2-4863-b4d1-a6690de53a5a___Mt.N.V_HL 6025_180deg.JPG,Healthy,Balanced_Final_Split/Balanced_Final_Split/test/Healthy/test_157_0ca59865-f0d2-4863-b4d1-a6690de53a5a___Mt.N.V_HL 6025_180deg.JPG,Healthy,false
90508db56a6a364126dd984e3e3ee9f03d80d1347465b5a6000d63c762742fa1,Balanced_Final_Split/Balanced_Final_Split/train/Healthy/train_158_cd71e97d-cc73-4fdd-b625-c735844c3ce7___Mt.N.V_HL 6185_90deg.JPG,Healthy,Balanced_Final_Split/Balanced_Final_Split/test/Healthy/test_158_cd71e97d-cc73-4fdd-b625-c735844c3ce7___Mt.N.V_HL 6185_90deg.JPG,Healthy,false
772e8ac0e55a2bade9a491c0954874f908019cb4c41bd3decda8334a0afe39fd,Balanced_Final_Split/Balanced_Final_Split/train/Healthy/train_159_2691980c-7324-49e2-85b3-dbfa0a283f2a___Mt.N.V_HL 9019_180deg.JPG,Healthy,Balanced_Final_Split/Balanced_Final_Split/test/Healthy/test_159_2691980c-7324-49e2-85b3-dbfa0a283f2a___Mt.N.V_HL 9019_180deg.JPG,Healthy,false
e6be86c3c01c6bbbfa3ed64b0bf460c7dc987eda32e74128c1fab04176c780a2,Balanced_Final_Split/Balanced_Final_Split/train/Healthy/train_15_Healthy Leaves_1008.jpg,Healthy,Balanced_Final_Split/Balanced_Final_Split/test/Healthy/test_15_Healthy Leaves_1008.jpg,Healthy,false
039a0226dae6c9b69bfcc32e23a10ec36db001e56b1d92630d7373fe664ba992,Balanced_Final_Split/Balanced_Final_Split/train/Healthy/train_160_Healthy Leaves_618.jpg,Healthy,Balanced_Final_Split/Balanced_Final_Split/test/Healthy/test_160_Healthy Leaves_618.jpg,Healthy,false
d4a170170d513909d4333df9b48a90230f71dd77f4d12dbbe7feba9cf4f38684,Balanced_Final_Split/Balanced_Final_Split/train/Healthy/train_161_f2c0965b-9c08-4e34-98e2-fbf310ae2ef8___Mt.N.V_HL 9038_new30degFlipLR.JPG,Healthy,Balanced_Final_Split/Balanced_Final_Split/test/Healthy/test_161_f2c0965b-9c08-4e34-98e2-fbf310ae2ef8___Mt.N.V_HL 9038_new30degFlipLR.JPG,Healthy,false
44f0fc71d249229784327e53687174f6a6d83e76cb5f2e31f3e1b1d179188354,Balanced_Final_Split/Balanced_Final_Split/train/Healthy/train_162_Healthy Leaves_119.jpg,Healthy,Balanced_Final_Split/Balanced_Final_Split/test/Healthy/test_162_Healthy Leaves_119.jpg,Healthy,false
6a4a2e058e1364dfb03e71cbec42e4e102bcb7dea13722128dbb52b230dcb97b,Balanced_Final_Split/Balanced_Final_Split/train/Healthy/train_163_Healthy Leaves_1166.jpg,Healthy,Balanced_Final_Split/Balanced_Final_Split/test/Healthy/test_163_Healthy Leaves_1166.jpg,Healthy,false
e94e1422a1357257b8b8819d08c3aea777200b3559b19162619f7903425f2a1a,Balanced_Final_Split/Balanced_Final_Split/train/Healthy/train_164_Healthy Leaves_774.jpg,Healthy,Balanced_Final_Split/Balanced_Final_Split/test/Healthy/test_164_Healthy Leaves_774.jpg,Healthy,false
0865145b192ec400d49faa5fcb85a937ae94621377e766e333ed2d48626ec133,Balanced_Final_Split/Balanced_Final_Split/train/Healthy/train_165_82d5e07a-a967-47b7-ad10-b8386b898230___Mt.N.V_HL 8927_180deg.JPG,Healthy,Balanced_Final_Split/Balanced_Final_Split/test/Healthy/test_165_82d5e07a-a967-47b7-ad10-b8386b898230___Mt.N.V_HL 8927_180deg.JPG,Healthy,false
8b5f93f559dfdd4ea9114af936d4621c44b58435c041b489ab1440ced518af37,Balanced_Final_Split/Balanced_Final_Split/train/Healthy/train_166_55b69a06-7f10-41b1-8033-cc9e6c2bea5c___Mt.N.V_HL 8949_270deg.JPG,Healthy,Balanced_Final_Split/Balanced_Final_Split/test/Healthy/test_166_55b69a06-7f10-41b1-8033-cc9e6c2bea5c___Mt.N.V_HL 8949_270deg.JPG,Healthy,false
81d575a41505c8156d0e310d637b3a2f5802b1ab3cded022c3644cbf0b420ebe,Balanced_Final_Split/Balanced_Final_Split/train/Healthy/train_131_7dcbe0fa-4dc1-4234-97d4-9c19391fbe21___Mt.N.V_HL 9114_180deg.JPG,Healthy,Balanced_Final_Split/Balanced_Final_Split/test/Healthy/test_167_7dcbe0fa-4dc1-4234-97d4-9c19391fbe21___Mt.N.V_HL 9114_180deg.JPG,Healthy,false
6bcabd67a43f24306fabcd8560d17a5c900cf9c63572dc1bfc6b50d0260948ef,Balanced_Final_Split/Balanced_Final_Split/train/Healthy/train_168_Healthy Leaves_1042.jpg,Healthy,Balanced_Final_Split/Balanced_Final_Split/test/Healthy/test_168_Healthy Leaves_1042.jpg,Healthy,false
e28fc1ee899e225f8da2a3d8f4d61ae615bd2056b6ca4e34824690cc5aefda44,Balanced_Final_Split/Balanced_Final_Split/train/Healthy/train_169_Healthy Leaves_441.jpg,Healthy,Balanced_Final_Split/Balanced_Final_Split/test/Healthy/test_169_Healthy Leaves_441.jpg,Healthy,false
3bd1b09d965202694451136a6f999d736e0ce27aa9a406b7b5f21d90ad2bb1c1,Balanced_Final_Split/Balanced_Final_Split/train/Healthy/train_16_Healthy Leaves_271.jpg,Healthy,Balanced_Final_Split/Balanced_Final_Split/test/Healthy/test_16_Healthy Leaves_271.jpg,Healthy,false
9322708d194f42d745a854100a3edba5a63cc7fb68148dcc4a7f064d4ab137e9,Balanced_Final_Split/Balanced_Final_Split/train/Healthy/train_170_Healthy Leaves_899.jpg,Healthy,Balanced_Final_Split/Balanced_Final_Split/test/Healthy/test_170_Healthy Leaves_899.jpg,Healthy,false
514e9174079813522d051aba0d35cdd88e46cd31c8305cf03687c23d8b03f6b6,Balanced_Final_Split/Balanced_Final_Split/train/Healthy/train_171_f8bb34c3-13a4-4762-a16d-79ec49823e3e___Mt.N.V_HL 8911.JPG,Healthy,Balanced_Final_Split/Balanced_Final_Split/test/Healthy/test_171_f8bb34c3-13a4-4762-a16d-79ec49823e3e___Mt.N.V_HL 8911.JPG,Healthy,false
a2900025729bf2e1a24892bf293a7a558de5b6f9c5133b103d9625f30ead589f,Balanced_Final_Split/Balanced_Final_Split/train/Healthy/train_172_1c3b3f51-d8c9-4bc5-899c-dd50e107f074___Mt.N.V_HL 6027_270deg.JPG,Healthy,Balanced_Final_Split/Balanced_Final_Split/test/Healthy/test_172_1c3b3f51-d8c9-4bc5-899c-dd50e107f074___Mt.N.V_HL 6027_270deg.JPG,Healthy,false
df64c78fbef1d8945eb6751b6e3dc994f280c15b19d9f7347088aebd1428c004,Balanced_Final_Split/Balanced_Final_Split/train/Healthy/train_173_0ec29818-c70e-4586-9481-3201a67b7910___Mt.N.V_HL 6175_180deg.JPG,Healthy,Balanced_Final_Split/Balanced_Final_Split/test/Healthy/test_173_0ec29818-c70e-4586-9481-3201a67b7910___Mt.N.V_HL 6175_180deg.JPG,Healthy,false
3fb005cb114d7988d21634fe89e018e3802c8eb887e4953af1224930860ec5e8,Balanced_Final_Split/Balanced_Final_Split/train/Healthy/train_174_Healthy Leaves_431.jpg,Healthy,Balanced_Final_Split/Balanced_Final_Split/test/Healthy/test_174_Healthy Leaves_431.jpg,Healthy,false
a37f799f08cae5571e2482c9db4e24cef64e1a903d5318e6d0db2ee7a505ed3b,Balanced_Final_Split/Balanced_Final_Split/train/Healthy/train_175_3c75e76c-2e1f-478f-aadc-f3decb68c9b0___Mt.N.V_HL 6108_270deg.JPG,Healthy,Balanced_Final_Split/Balanced_Final_Split/test/Healthy/test_175_3c75e76c-2e1f-478f-aadc-f3decb68c9b0___Mt.N.V_HL 6108_270deg.JPG,Healthy,false
f5fcc17ac467b595324a44115a6c0e95c53c5dcab7c805d362d82dd40dc4809d,Balanced_Final_Split/Balanced_Final_Split/train/Healthy/train_176_Healthy Leaves_1238.jpg,Healthy,Balanced_Final_Split/Balanced_Final_Split/test/Healthy/test_176_Healthy Leaves_1238.jpg,Healthy,false
608cd4411f1948a39ed2a11be45474c356a93f9f0f88cfe8dbb563ba9cf844b5,Balanced_Final_Split/Balanced_Final_Split/train/Healthy/train_177_Healthy Leaves_1058.jpg,Healthy,Balanced_Final_Split/Balanced_Final_Split/test/Healthy/test_177_Healthy Leaves_1058.jpg,Healthy,false
f09ca789ce5dd1c6b4608e68558a3fbcf12d89ac00149422715f80b03e6203d6,Balanced_Final_Split/Balanced_Final_Split/train/Healthy/train_178_944da534-67c1-4f04-8fa7-1e11492736ed___Mt.N.V_HL 6186_270deg.JPG,Healthy,Balanced_Final_Split/Balanced_Final_Split/test/Healthy/test_178_944da534-67c1-4f04-8fa7-1e11492736ed___Mt.N.V_HL 6186_270deg.JPG,Healthy,false
c6bcb9e44e6d6d88732417e85d3d8311db9408f7b957390bd272eb264f86f3c0,Balanced_Final_Split/Balanced_Final_Split/train/Healthy/train_179_Healthy Leaves_110.jpg,Healthy,Balanced_Final_Split/Balanced_Final_Split/test/Healthy/test_179_Healthy Leaves_110.jpg,Healthy,false
9f3a67814cfd298a84d376c3925c70b6ea6261b34b4506e41835381b8a94a96d,Balanced_Final_Split/Balanced_Final_Split/train/Healthy/train_17_fd3c8bea-70d4-4526-8a83-f89c567b65ed___Mt.N.V_HL 6059_new30degFlipLR.JPG,Healthy,Balanced_Final_Split/Balanced_Final_Split/test/Healthy/test_17_fd3c8bea-70d4-4526-8a83-f89c567b65ed___Mt.N.V_HL 6059_new30degFlipLR.JPG,Healthy,false
437fdee0e77fddc1c8a894d79bd9e3e1dcb1f95afdc76c55bf571f0becc35998,Balanced_Final_Split/Balanced_Final_Split/train/Healthy/train_180_40802018-54d4-4be9-8dd3-0856e6dac368___Mt.N.V_HL 9050_180deg.JPG,Healthy,Balanced_Final_Split/Balanced_Final_Split/test/Healthy/test_180_40802018-54d4-4be9-8dd3-0856e6dac368___Mt.N.V_HL 9050_180deg.JPG,Healthy,false
7536088012bf69af59bba45396627f0f3d70a53f63bf7e8ed827813d63a0e3f9,Balanced_Final_Split/Balanced_Final_Split/train/Healthy/train_181_Healthy Leaves_145.jpg,Healthy,Balanced_Final_Split/Balanced_Final_Split/test/Healthy/test_181_Healthy Leaves_145.jpg,Healthy,false
0b027617b67e8aa199c8f85b86e0ac636bd420c3f194714bf8a78536aa01fc2d,Balanced_Final_Split/Balanced_Final_Split/train/Healthy/train_182_9858eca1-78cb-4c9c-9286-ff52a27d7c2f___Mt.N.V_HL 9037_270deg.JPG,Healthy,Balanced_Final_Split/Balanced_Final_Split/test/Healthy/test_182_9858eca1-78cb-4c9c-9286-ff52a27d7c2f___Mt.N.V_HL 9037_270deg.JPG,Healthy,false
d450e0c4d59f10bcf53700ab1c6c247660f37e90d5591462c13c8cd090d9b440,Balanced_Final_Split/Balanced_Final_Split/train/Healthy/train_183_198fbad6-0192-4263-96c8-74c330667d61___Mt.N.V_HL 9032_90deg.JPG,Healthy,Balanced_Final_Split/Balanced_Final_Split/test/Healthy/test_183_198fbad6-0192-4263-96c8-74c330667d61___Mt.N.V_HL 9032_90deg.JPG,Healthy,false
dd132d29991a1aa8ad125753920025b45911956b4c09c2cf1683e69a09a066e8,Balanced_Final_Split/Balanced_Final_Split/train/Healthy/train_184_Healthy Leaves_1148.jpg,Healthy,Balanced_Final_Split/Balanced_Final_Split/test/Healthy/test_184_Healthy Leaves_1148.jpg,Healthy,false
16f53633b4256864f205c450c106c10de56ad038eaa5b1eadbfd27b3acfb3413,Balanced_Final_Split/Balanced_Final_Split/train/Healthy/train_185_4a31039d-54b1-4a0f-bc5f-2032f94c27af___Mt.N.V_HL 9040.JPG,Healthy,Balanced_Final_Split/Balanced_Final_Split/test/Healthy/test_185_4a31039d-54b1-4a0f-bc5f-2032f94c27af___Mt.N.V_HL 9040.JPG,Healthy,false
a87ac133c7bb9b9e42c4edec294475ab6ceceb4484b9e8506aac58bcd7ddf35b,Balanced_Final_Split/Balanced_Final_Split/train/Healthy/train_186_2ba70e62-f225-475a-9449-a7fe5f11a59c___Mt.N.V_HL 6074_180deg.JPG,Healthy,Balanced_Final_Split/Balanced_Final_Split/test/Healthy/test_186_2ba70e62-f225-475a-9449-a7fe5f11a59c___Mt.N.V_HL 6074_180deg.JPG,Healthy,false
890019e5441d1f5b654b35bc259c207cb1afb8b7ae3028fbd9d2c8c75ea128ca,Balanced_Final_Split/Balanced_Final_Split/train/Healthy/train_187_6f1cda60-ba09-4c3e-a54a-3f08cfd15d1e___Mt.N.V_HL 8975_180deg.JPG,Healthy,Balanced_Final_Split/Balanced_Final_Split/test/Healthy/test_187_6f1cda60-ba09-4c3e-a54a-3f08cfd15d1e___Mt.N.V_HL 8975_180deg.JPG,Healthy,false
c44637becdbe45939b07b3676bd991bf9c00f3cd35f748d3e9d350324fa2e726,Balanced_Final_Split/Balanced_Final_Split/train/Healthy/train_188_Healthy Leaves_164.jpg,Healthy,Balanced_Final_Split/Balanced_Final_Split/test/Healthy/test_188_Healthy Leaves_164.jpg,Healthy,false
7132c960a4062bd003d9129d5b4354c0719d9590475539ee8912de8c289b1908,Balanced_Final_Split/Balanced_Final_Split/train/Healthy/train_189_f8bb34c3-13a4-4762-a16d-79ec49823e3e___Mt.N.V_HL 8911_270deg.JPG,Healthy,Balanced_Final_Split/Balanced_Final_Split/test/Healthy/test_189_f8bb34c3-13a4-4762-a16d-79ec49823e3e___Mt.N.V_HL 8911_270deg.JPG,Healthy,false
4029e755ee4bfd1bcbc3aa713252a6347c637589ef679e4e99473f30b3168522,Balanced_Final_Split/Balanced_Final_Split/train/Healthy/train_18_Healthy Leaves_830.jpg,Healthy,Balanced_Final_Split/Balanced_Final_Split/test/Healthy/test_18_Healthy Leaves_830.jpg,Healthy,false
13528744cd2669a983fa1a5309abae58588b499496a03ee37b31de8ca9e7dd40,Balanced_Final_Split/Balanced_Final_Split/train/Healthy/train_190_30ef1555-5cbf-4516-a2ee-aa2f43343810___Mt.N.V_HL 9120_new30degFlipLR.JPG,Healthy,Balanced_Final_Split/Balanced_Final_Split/test/Healthy/test_190_30ef1555-5cbf-4516-a2ee-aa2f43343810___Mt.N.V_HL 9120_new30degFlipLR.JPG,Healthy,false
aaa59360ded73e93ad4997ef5c073f1dbe5b9cd8ff9ad684828aeec6ec3fa471,Balanced_Final_Split/Balanced_Final_Split/train/Healthy/train_191_21abfc5f-c711-4732-8049-b85fd60180a2___Mt.N.V_HL 9035_new30degFlipLR.JPG,Healthy,Balanced_Final_Split/Balanced_Final_Split/test/Healthy/test_191_21abfc5f-c711-4732-8049-b85fd60180a2___Mt.N.V_HL 9035_new30degFlipLR.JPG,Healthy,false
37726080fec6d62cfbc697048bfcd965e1fc5c01fad4f0ee7ff8c483dfa2a149,Balanced_Final_Split/Balanced_Final_Split/train/Healthy/train_192_9f569d96-a582-4c82-827a-b4467382cc64___Mt.N.V_HL 9067_new30degFlipLR.JPG,Healthy,Balanced_Final_Split/Balanced_Final_Split/test/Healthy/test_192_9f569d96-a582-4c82-827a-b4467382cc64___Mt.N.V_HL 9067_new30degFlipLR.JPG,Healthy,false
78d56b613ef2b31e8fdd8aaea55b5f16c8b583de3533144e1260217aab1764e7,Balanced_Final_Split/Balanced_Final_Split/train/Healthy/train_193_ca090e78-ff31-4715-82eb-b63e20b0e156___Mt.N.V_HL 9081_180deg.JPG,Healthy,Balanced_Final_Split/Balanced_Final_Split/test/Healthy/test_193_ca090e78-ff31-4715-82eb-b63e20b0e156___Mt.N.V_HL 9081_180deg.JPG,Healthy,false
7fd865112e909b1844867c8f3cf419a311267802d19b0882dfc46a82adb95cb1,Balanced_Final_Split/Balanced_Final_Split/train/Healthy/train_194_4dd8290b-03c6-4c67-972a-357c3de6e7cc___Mt.N.V_HL 6036_180deg.JPG,Healthy,Balanced_Final_Split/Balanced_Final_Split/test/Healthy/test_194_4dd8290b-03c6-4c67-972a-357c3de6e7cc___Mt.N.V_HL 6036_180deg.JPG,Healthy,false
9322708d194f42d745a854100a3edba5a63cc7fb68148dcc4a7f064d4ab137e9,Balanced_Final_Split/Balanced_Final_Split/train/Healthy/train_170_Healthy Leaves_899.jpg,Healthy,Balanced_Final_Split/Balanced_Final_Split/test/Healthy/test_195_Healthy Leaves_17.jpg,Healthy,false
41d215e1ab852b897144ceb735cedd9ac6ebc61db366c0ffa2b9946f08c1c34b,Balanced_Final_Split/Balanced_Final_Split/train/Healthy/train_196_Healthy Leaves_260.jpg,Healthy,Balanced_Final_Split/Balanced_Final_Split/test/Healthy/test_196_Healthy Leaves_260.jpg,Healthy,false
f1152d93c5865fddddacb5a6c425d401d24d32f16699cc0bd78913ec3435ae0c,Balanced_Final_Split/Balanced_Final_Split/train/Healthy/train_197_52bb5946-964f-4dce-a8b8-8c01bdd8737d___Mt.N.V_HL 6078_180deg.JPG,Healthy,Balanced_Final_Split/Balanced_Final_Split/test/Healthy/test_197_52bb5946-964f-4dce-a8b8-8c01bdd8737d___Mt.N.V_HL 6078_180deg.JPG,Healthy,false
a94fb96ae38dcabc9961873945c41e821df4e047e7fc0bae9effd54781938295,Balanced_Final_Split/Balanced_Final_Split/train/Healthy/train_198_24d55be0-9985-4ace-bb02-d3f5a2f2ce18___Mt.N.V_HL 6040_270deg.JPG,Healthy,Balanced_Final_Split/Balanced_Final_Split/test/Healthy/test_198_24d55be0-9985-4ace-bb02-d3f5a2f2ce18___Mt.N.V_HL 6040_270deg.JPG,Healthy,false
9ec6a14ce6c086870288e855761f8a1a0edf6c39f1f90014b2ce9a7d2d93456a,Balanced_Final_Split/Balanced_Final_Split/train/Healthy/train_199_Healthy Leaves_104.jpg,Healthy,Balanced_Final_Split/Balanced_Final_Split/test/Healthy/test_199_Healthy Leaves_104.jpg,Healthy,false
51874f47a2fbad5169773f6d092446843c1322ed5828b1da170f87042a8d4735,Balanced_Final_Split/Balanced_Final_Split/train/Healthy/train_19_Healthy Leaves_1100.jpg,Healthy,Balanced_Final_Split/Balanced_Final_Split/test/Healthy/test_19_Healthy Leaves_1100.jpg,Healthy,false
da5988f7bfc359e7243c3b6aaac7727fae701f3b22a7071dfa34d00242ac49a9,Balanced_Final_Split/Balanced_Final_Split/train/Healthy/train_1_509b9b28-8ecf-4713-a3b0-8b741212ab63___Mt.N.V_HL 8960_180deg.JPG,Healthy,Balanced_Final_Split/Balanced_Final_Split/test/Healthy/test_1_509b9b28-8ecf-4713-a3b0-8b741212ab63___Mt.N.V_HL 8960_180deg.JPG,Healthy,false
b9ce8c52dd36e3e58a53039e33e5045e4f52c317c5c2198e5c0a1e6b61e9f5de,Balanced_Final_Split/Balanced_Final_Split/train/Healthy/train_200_Healthy Leaves_466.jpg,Healthy,Balanced_Final_Split/Balanced_Final_Split/test/Healthy/test_200_Healthy Leaves_466.jpg,Healthy,false
bb430636d30b27ac21491e6936b6c7ab17b454f982f485d636d44ac518fd9726,Balanced_Final_Split/Balanced_Final_Split/train/Healthy/train_201_2dacf3f7-797b-4d4c-bf77-1d1a8f6d965d___Mt.N.V_HL 9117_180deg.JPG,Healthy,Balanced_Final_Split/Balanced_Final_Split/test/Healthy/test_201_2dacf3f7-797b-4d4c-bf77-1d1a8f6d965d___Mt.N.V_HL 9117_180deg.JPG,Healthy,false
b43e70724b088fefd776920ce747631294518402c85a657fbacda4097ec0a297,Balanced_Final_Split/Balanced_Final_Split/train/Healthy/train_202_39016e16-a571-46db-8dd9-7c3c165b1f5d___Mt.N.V_HL 8985_180deg.JPG,Healthy,Balanced_Final_Split/Balanced_Final_Split/test/Healthy/test_202_39016e16-a571-46db-8dd9-7c3c165b1f5d___Mt.N.V_HL 8985_180deg.JPG,Healthy,false
1dfe3f701e32ab343768f7dc9bc09e973347a78d96613424c505087c4e7544ab,Balanced_Final_Split/Balanced_Final_Split/train/Healthy/train_203_9d298426-9f1f-4d43-a568-f38790eaff75___Mt.N.V_HL 9025_270deg.JPG,Healthy,Balanced_Final_Split/Balanced_Final_Split/test/Healthy/test_203_9d298426-9f1f-4d43-a568-f38790eaff75___Mt.N.V_HL 9025_270deg.JPG,Healthy,false
d8b4a3a63c24bf22d58f9fd6c9ab842e4f44cb3dabcb3582b5d4b9a4cde17b03,Balanced_Final_Split/Balanced_Final_Split/train/Healthy/train_204_811f5365-f5a3-4659-8302-009fb5275541___Mt.N.V_HL 8946_new30degFlipLR.JPG,Healthy,Balanced_Final_Split/Balanced_Final_Split/test/Healthy/test_204_811f5365-f5a3-4659-8302-009fb5275541___Mt.N.V_HL 8946_new30degFlipLR.JPG,Healthy,false
f02dd4a336e745000fa58acea9f2f3050f026dc8edf89a7a57fe7c890b04f19e,Balanced_Final_Split/Balanced_Final_Split/train/Healthy/train_205_Healthy Leaves_1246.jpg,Healthy,Balanced_Final_Split/Balanced_Final_Split/test/Healthy/test_205_Healthy Leaves_1246.jpg,Healthy,false
cca3ca4823744391a663882242ab4ee22d76334dc1766c7b2d490ef04a1d0b9d,Balanced_Final_Split/Balanced_Final_Split/train/Healthy/train_206_2ad9b06e-ad3f-4da1-999b-fefe59ebf9e1___Mt.N.V_HL 6148.JPG,Healthy,Balanced_Final_Split/Balanced_Final_Split/test/Healthy/test_206_2ad9b06e-ad3f-4da1-999b-fefe59ebf9e1___Mt.N.V_HL 6148.JPG,Healthy,false
3048ede164fd62de83f08814754dbb6ce415223b019d861def206b08dae741ff,Balanced_Final_Split/Balanced_Final_Split/train/Healthy/train_207_fa8cd79e-82e1-4dda-9a82-6ce207f2b557___Mt.N.V_HL 9097_90deg.JPG,Healthy,Balanced_Final_Split/Balanced_Final_Split/test/Healthy/test_207_fa8cd79e-82e1-4dda-9a82-6ce207f2b557___Mt.N.V_HL 9097_90deg.JPG,Healthy,false
e18c31b748d37e0f908cfe6eff81ac18ad66f4716a0e788387c7fea918e117c9,Balanced_Final_Split/Balanced_Final_Split/train/Healthy/train_208_f02b5708-2cf8-4cee-9a45-10cbf493b2d5___Mt.N.V_HL 9023_new30degFlipLR.JPG,Healthy,Balanced_Final_Split/Balanced_Final_Split/test/Healthy/test_208_f02b5708-2cf8-4cee-9a45-10cbf493b2d5___Mt.N.V_HL 9023_new30degFlipLR.JPG,Healthy,false
0c130e26ca8720d64f1c535de3af924135979e587c3ebf3bc305e6d9814c4559,Balanced_Final_Split/Balanced_Final_Split/train/Healthy/train_209_Healthy Leaves_241.jpg,Healthy,Balanced_Final_Split/Balanced_Final_Split/test/Healthy/test_209_Healthy Leaves_241.jpg,Healthy,false
6543e8a48b5bd076e81f8766aa27e553c74021c05a4a39243e9205f01c195b53,Balanced_Final_Split/Balanced_Final_Split/train/Healthy/train_20_fabd2864-3431-4f44-b3bf-fa3af593fe05___Mt.N.V_HL 9002.JPG,Healthy,Balanced_Final_Split/Balanced_Final_Split/test/Healthy/test_20_fabd2864-3431-4f44-b3bf-fa3af593fe05___Mt.N.V_HL 9002.JPG,Healthy,false
fab75ca3c5dd5f93a4ef614749d0bc0bc56aca649cb7fdb38ee1b920cdfb92d4,Balanced_Final_Split/Balanced_Final_Split/train/Healthy/train_210_0ca59865-f0d2-4863-b4d1-a6690de53a5a___Mt.N.V_HL 6025_new30degFlipLR.JPG,Healthy,Balanced_Final_Split/Balanced_Final_Split/test/Healthy/test_210_0ca59865-f0d2-4863-b4d1-a6690de53a5a___Mt.N.V_HL 6025_new30degFlipLR.JPG,Healthy,false
2950a38efc1482b5fc155ebb4658f0f20de0df9bfd5a35a353eb541c5505a42b,Balanced_Final_Split/Balanced_Final_Split/train/Healthy/train_211_0c1667a2-61d7-4dee-b4d9-0d141a1ceb20___Mt.N.V_HL 9127.JPG,Healthy,Balanced_Final_Split/Balanced_Final_Split/test/Healthy/test_211_0c1667a2-61d7-4dee-b4d9-0d141a1ceb20___Mt.N.V_HL 9127.JPG,Healthy,false
3217f65eb51610ca69722fa7d52d2b2ba095bdd8d7e97c59244643a74acff31b,Balanced_Final_Split/Balanced_Final_Split/train/Healthy/train_212_1725a647-0866-45be-bd9f-e5add660c340___Mt.N.V_HL 9083_new30degFlipLR.JPG,Healthy,Balanced_Final_Split/Balanced_Final_Split/test/Healthy/test_212_1725a647-0866-45be-bd9f-e5add660c340___Mt.N.V_HL 9083_new30degFlipLR.JPG,Healthy,false
2d276490be79aee2ec02ff2811bc64cbdd5886f7e8599775c9579248157f0feb,Balanced_Final_Split/Balanced_Final_Split/train/Healthy/train_213_Healthy Leaves_921.jpg,Healthy,Balanced_Final_Split/Balanced_Final_Split/test/Healthy/test_213_Healthy Leaves_921.jpg,Healthy,false
541784e5066ec61c7965453d33f9ca656748f4db6972db3ef5b706b1e2567c03,Balanced_Final_Split/Balanced_Final_Split/train/Healthy/train_214_580e79e8-9e89-41c8-930c-bd3eafb818b2___Mt.N.V_HL 6196.JPG,Healthy,Balanced_Final_Split/Balanced_Final_Split/test/Healthy/test_214_580e79e8-9e89-41c8-930c-bd3eafb818b2___Mt.N.V_HL 6196.JPG,Healthy,false
d0c429b38011f8ab5ff44f37eb46bdac55e838a6c3c12b1c5bdc0282cdfd5184,Balanced_Final_Split/Balanced_Final_Split/train/Healthy/train_215_Healthy Leaves_308.jpg,Healthy,Balanced_Final_Split/Balanced_Final_Split/test/Healthy/test_215_Healthy Leaves_308.jpg,Healthy,false
6ed0e1e91ff232a2ecf89c5e02e3363bf96ac93ca8881faaca0179fac74bc3d5,Balanced_Final_Split/Balanced_Final_Split/train/Healthy/train_216_8f2cf5e7-ee7e-4a6e-84d2-5ac4bdb2e33f___Mt.N.V_HL 6099.JPG,Healthy,Balanced_Final_Split/Balanced_Final_Split/test/Healthy/test_216_8f2cf5e7-ee7e-4a6e-84d2-5ac4bdb2e33f___Mt.N.V_HL 6099.JPG,Healthy,false
31fd84ee75afbeb8f0c2a908d7494b5e6e2b2a7186c5ffe0b5a1eb6a01d97094,Balanced_Final_Split/Balanced_Final_Split/train/Healthy/train_217_d36e68e3-09bf-4249-96cc-d806c55bfeed___Mt.N.V_HL 9048_new30degFlipLR.JPG,Healthy,Balanced_Final_Split/Balanced_Final_Split/test/Healthy/test_217_d36e68e3-09bf-4249-96cc-d806c55bfeed___Mt.N.V_HL 9048_new30degFlipLR.JPG,Healthy,false
4cbdada000ae511eb188d4c8e68926ace9f83f3b032a1168e85915e174e8e2e8,Balanced_Final_Split/Balanced_Final_Split/train/Healthy/train_218_Healthy Leaves_230.jpg,Healthy,Balanced_Final_Split/Balanced_Final_Split/test/Healthy/test_218_Healthy Leaves_230.jpg,Healthy,false
1ef1114919d478bd04da074685c80b7d9edf83b8b9a8b109075cda405cda5a60,Balanced_Final_Split/Balanced_Final_Split/train/Healthy/train_219_bd7f0429-550b-4e28-95af-98e56b282437___Mt.N.V_HL 6130_90deg.JPG,Healthy,Balanced_Final_Split/Balanced_Final_Split/test/Healthy/test_219_bd7f0429-550b-4e28-95af-98e56b282437___Mt.N.V_HL 6130_90deg.JPG,Healthy,false
0fd1867f0229d9bc39efbd8dd4240a2af5665e726166421dc669140973ca740f,Balanced_Final_Split/Balanced_Final_Split/train/Healthy/train_21_d5c391ed-2446-4e0e-b03c-a560c7b74db2___Mt.N.V_HL 9096_180deg.JPG,Healthy,Balanced_Final_Split/Balanced_Final_Split/test/Healthy/test_21_d5c391ed-2446-4e0e-b03c-a560c7b74db2___Mt.N.V_HL 9096_180deg.JPG,Healthy,false
c4116ea28337719d56e4d65e983ffc0990f6fba42f8657ee52f296826104ab61,Balanced_Final_Split/Balanced_Final_Split/train/Healthy/train_220_11c32403-6d55-4f16-8c16-fae9c04a9920___Mt.N.V_HL 9008_new30degFlipLR.JPG,Healthy,Balanced_Final_Split/Balanced_Final_Split/test/Healthy/test_220_11c32403-6d55-4f16-8c16-fae9c04a9920___Mt.N.V_HL 9008_new30degFlipLR.JPG,Healthy,false
cd79fe60e0c8c61217503db3795374e8c312da3f69c73f2f9559227e674b979f,Balanced_Final_Split/Balanced_Final_Split/train/Healthy/train_221_Healthy Leaves_574.jpg,Healthy,Balanced_Final_Split/Balanced_Final_Split/test/Healthy/test_221_Healthy Leaves_574.jpg,Healthy,false
12e990cf7a5677e034519d0847533dbd84827956df2b4632b458a3c1479f9615,Balanced_Final_Split/Balanced_Final_Split/train/Healthy/train_222_f7c74956-3e0c-4669-b313-bf6e4559a91d___Mt.N.V_HL 9086_new30degFlipLR.JPG,Healthy,Balanced_Final_Split/Balanced_Final_Split/test/Healthy/test_222_f7c74956-3e0c-4669-b313-bf6e4559a91d___Mt.N.V_HL 9086_new30degFlipLR.JPG,Healthy,false
2552c26ad5bb6974234b88fd6bcca8ca98cebe0540715311120e2b1aa05ecab2,Balanced_Final_Split/Balanced_Final_Split/train/Healthy/train_223_9dcbfa01-f415-4792-87d8-d790d771e272___Mt.N.V_HL 8943.JPG,Healthy,Balanced_Final_Split/Balanced_Final_Split/test/Healthy/test_223_9dcbfa01-f415-4792-87d8-d790d771e272___Mt.N.V_HL 8943.JPG,Healthy,false
b43e70724b088fefd776920ce747631294518402c85a657fbacda4097ec0a297,Balanced_Final_Split/Balanced_Final_Split/train/Healthy/train_202_39016e16-a571-46db-8dd9-7c3c165b1f5d___Mt.N.V_HL 8985_180deg.JPG,Healthy,Balanced_Final_Split/Balanced_Final_Split/test/Healthy/test_224_39016e16-a571-46db-8dd9-7c3c165b1f5d___Mt.N.V_HL 8985_180deg.JPG,Healthy,false
fd0d606a6cbab7ed23b86cf0fbd4bb5fc9d7b9ba9d8ebbdfeebded40faa3cdae,Balanced_Final_Split/Balanced_Final_Split/train/Healthy/train_225_c0f3b55f-8078-4e91-aba7-9a187eec61d0___Mt.N.V_HL 8987_90deg.JPG,Healthy,Balanced_Final_Split/Balanced_Final_Split/test/Healthy/test_225_c0f3b55f-8078-4e91-aba7-9a187eec61d0___Mt.N.V_HL 8987_90deg.JPG,Healthy,false
654daa3574383128dcb14380b200e26116a81c50769b653f7730bb971230c3e8,Balanced_Final_Split/Balanced_Final_Split/train/Healthy/train_226_49a5f0af-64f3-4d78-bff0-607bac0ad17a___Mt.N.V_HL 6048_180deg.JPG,Healthy,Balanced_Final_Split/Balanced_Final_Split/test/Healthy/test_226_49a5f0af-64f3-4d78-bff0-607bac0ad17a___Mt.N.V_HL 6048_180deg.JPG,Healthy,false
1651dcddd536f52e6da82a85e2433f451f5580239f7abcacde630839ebb954d8,Balanced_Final_Split/Balanced_Final_Split/train/Healthy/train_227_Healthy Leaves_143.jpg,Healthy,Balanced_Final_Split/Balanced_Final_Split/test/Healthy/test_227_Healthy Leaves_143.jpg,Healthy,false
24bb9eb0367150345c515b9beaf7b86d8c7ea543811472381ecac1bca2d36092,Balanced_Final_Split/Balanced_Final_Split/train/Healthy/train_228_c60dbdbb-4ae6-4265-a587-de11c3c13e2d___Mt.N.V_HL 6136_new30degFlipLR.JPG,Healthy,Balanced_Final_Split/Balanced_Final_Split/test/Healthy/test_228_c60dbdbb-4ae6-4265-a587-de11c3c13e2d___Mt.N.V_HL 6136_new30degFlipLR.JPG,Healthy,false
1974c418c30a7af4b630475df60dfafcc892e098966063734e72880acff4ef11,Balanced_Final_Split/Balanced_Final_Split/train/Healthy/train_229_27359eed-7a85-47ff-b9e8-923a8db20169___Mt.N.V_HL 6083_new30degFlipLR.JPG,Healthy,Balanced_Final_Split/Balanced_Final_Split/test/Healthy/test_229_27359eed-7a85-47ff-b9e8-923a8db20169___Mt.N.V_HL 6083_new30degFlipLR.JPG,Healthy,false
8a7586a4098e01765e747e2316be0e86fd058506937e13678ba31e772183c7e0,Balanced_Final_Split/Balanced_Final_Split/train/Healthy/train_22_Healthy Leaves_400.jpg,Healthy,Balanced_Final_Split/Balanced_Final_Split/test/Healthy/test_22_Healthy Leaves_400.jpg,Healthy,false
5a8199ed603469224805eabc11fc94ece80442a18bde9abb04484d2f4212ada2,Balanced_Final_Split/Balanced_Final_Split/train/Healthy/train_230_22b7199f-581e-4330-b14f-4cb7b382340a___Mt.N.V_HL 6115_90deg.JPG,Healthy,Balanced_Final_Split/Balanced_Final_Split/test/Healthy/test_230_22b7199f-581e-4330-b14f-4cb7b382340a___Mt.N.V_HL 6115_90deg.JPG,Healthy,false
2431dfbf3c0bc60898659e9489e1e586a0502525edde8b64d0b73f5d37ae2ebf,Balanced_Final_Split/Balanced_Final_Split/train/Healthy/train_231_5cb0aff8-6889-46d4-b283-da8f77761523___Mt.N.V_HL 8909.JPG,Healthy,Balanced_Final_Split/Balanced_Final_Split/test/Healthy/test_231_5cb0aff8-6889-46d4-b283-da8f77761523___Mt.N.V_HL 8909.JPG,Healthy,false
4668a2c22bfed12f68315466a49abcce327097977fc05202481499eccf20cdec,Balanced_Final_Split/Balanced_Final_Split/train/Healthy/train_232_Healthy Leaves_71.jpg,Healthy,Balanced_Final_Split/Balanced_Final_Split/test/Healthy/test_232_Healthy Leaves_71.jpg,Healthy,false
a3f822f0e0cbc793389b06ae7e513afe3584afd49640e99395f5a22c6a0a8091,Balanced_Final_Split/Balanced_Final_Split/train/Healthy/train_233_e949f6bb-cda7-4824-9a97-67337fc164a5___Mt.N.V_HL 6156.JPG,Healthy,Balanced_Final_Split/Balanced_Final_Split/test/Healthy/test_233_e949f6bb-cda7-4824-9a97-67337fc164a5___Mt.N.V_HL 6156.JPG,Healthy,false
8477e1873f7bbf926739f868d0ff702ca66cc2a41cb9d4cd82e388c5fc659de8,Balanced_Final_Split/Balanced_Final_Split/train/Healthy/train_234_3a5b41ae-5cda-4d2f-9243-f3dc82a8dfbc___Mt.N.V_HL 9060_180deg.JPG,Healthy,Balanced_Final_Split/Balanced_Final_Split/test/Healthy/test_234_3a5b41ae-5cda-4d2f-9243-f3dc82a8dfbc___Mt.N.V_HL 9060_180deg.JPG,Healthy,false
74278298abb49ce0e2fb93b5fd1b21a3f4e5e853104aeb3c31d7cd01aaf4d451,Balanced_Final_Split/Balanced_Final_Split/train/Healthy/train_235_Healthy Leaves_348.jpg,Healthy,Balanced_Final_Split/Balanced_Final_Split/test/Healthy/test_235_Healthy Leaves_348.jpg,Healthy,false
190c837b260925d33137320e28efa42ad1f65f7ec62f096496a71b8245dd70a5,Balanced_Final_Split/Balanced_Final_Split/train/Healthy/train_236_1fdf78d5-6036-4c48-b395-d41868e89f46___Mt.N.V_HL 9102_90deg.JPG,Healthy,Balanced_Final_Split/Balanced_Final_Split/test/Healthy/test_236_1fdf78d5-6036-4c48-b395-d41868e89f46___Mt.N.V_HL 9102_90deg.JPG,Healthy,false
bb430636d30b27ac21491e6936b6c7ab17b454f982f485d636d44ac518fd9726,Balanced_Final_Split/Balanced_Final_Split/train/Healthy/train_201_2dacf3f7-797b-4d4c-bf77-1d1a8f6d965d___Mt.N.V_HL 9117_180deg.JPG,Healthy,Balanced_Final_Split/Balanced_Final_Split/test/Healthy/test_237_2dacf3f7-797b-4d4c-bf77-1d1a8f6d965d___Mt.N.V_HL 9117_180deg.JPG,Healthy,false
d91ffacfb6ad80ac1c6672eb649e9d81d6db5c6a24a9c8bd48a5258b5628cc12,Balanced_Final_Split/Balanced_Final_Split/train/Healthy/train_238_ceb17d89-9a96-4b3b-8fa5-5d4b9e442040___Mt.N.V_HL 8904_90deg.JPG,Healthy,Balanced_Final_Split/Balanced_Final_Split/test/Healthy/test_238_ceb17d89-9a96-4b3b-8fa5-5d4b9e442040___Mt.N.V_HL 8904_90deg.JPG,Healthy,false
a5c1a56cf6c48c7bd31b8a5a01705c773471ed72c774d68db47ffc4d0a72d80d,Balanced_Final_Split/Balanced_Final_Split/train/Healthy/train_239_Healthy Leaves_891.jpg,Healthy,Balanced_Final_Split/Balanced_Final_Split/test/Healthy/test_239_Healthy Leaves_891.jpg,Healthy,false
0b1d3bb7257009c244f93853e96026596f55f1e720471bb9f31a8426764e7b6c,Balanced_Final_Split/Balanced_Final_Split/train/Healthy/train_23_0c1667a2-61d7-4dee-b4d9-0d141a1ceb20___Mt.N.V_HL 9127_90deg.JPG,Healthy,Balanced_Final_Split/Balanced_Final_Split/test/Healthy/test_23_0c1667a2-61d7-4dee-b4d9-0d141a1ceb20___Mt.N.V_HL 9127_90deg.JPG,Healthy,false
2657ea23e3e9eaa01296988931136b33a8091af85e3b0fb216e2399517fe7346,Balanced_Final_Split/Balanced_Final_Split/train/Healthy/train_240_9b7e7b6c-30c1-418b-84f8-710420c2c296___Mt.N.V_HL 8934_new30degFlipLR.JPG,Healthy,Balanced_Final_Split/Balanced_Final_Split/test/Healthy/test_240_9b7e7b6c-30c1-418b-84f8-710420c2c296___Mt.N.V_HL 8934_new30degFlipLR.JPG,Healthy,false
9f87a060d173c1066e0fce3471bfd61070df1fec6a1d4389eeceba592edd3200,Balanced_Final_Split/Balanced_Final_Split/train/Healthy/train_241_8a5dff69-180d-4a14-b8e1-b9e1374202c5___Mt.N.V_HL 6098_270deg.JPG,Healthy,Balanced_Final_Split/Balanced_Final_Split/test/Healthy/test_241_8a5dff69-180d-4a14-b8e1-b9e1374202c5___Mt.N.V_HL 6098_270deg.JPG,Healthy,false
7a3e2aca6cd709066c7846c2f56b58d972e0fd4bf8412fcfb48a9c3385bd2717,Balanced_Final_Split/Balanced_Final_Split/train/Healthy/train_242_8fab615a-502c-4044-b863-459b04a70158___Mt.N.V_HL 8990_180deg.JPG,Healthy,Balanced_Final_Split/Balanced_Final_Split/test/Healthy/test_242_8fab615a-502c-4044-b863-459b04a70158___Mt.N.V_HL 8990_180deg.JPG,Healthy,false
f82b2b96df4b37e17c1a4e3bda253f06b9a83f81b7a861273d987a4f6be69bf7,Balanced_Final_Split/Balanced_Final_Split/train/Healthy/train_243_73391930-644d-4cee-89cc-cb9c6adf1b4c___Mt.N.V_HL 9036_new30degFlipLR.JPG,Healthy,Balanced_Final_Split/Balanced_Final_Split/test/Healthy/test_243_73391930-644d-4cee-89cc-cb9c6adf1b4c___Mt.N.V_HL 9036_new30degFlipLR.JPG,Healthy,false
2d5603784a1903cb3ba021e2047acafd41016b24ea4bebdd6c90b798d52eb64a,Balanced_Final_Split/Balanced_Final_Split/train/Healthy/train_244_55685d56-48af-4d1e-9fb1-f4f1c46bdd61___Mt.N.V_HL 9052_270deg.JPG,Healthy,Balanced_Final_Split/Balanced_Final_Split/test/Healthy/test_244_55685d56-48af-4d1e-9fb1-f4f1c46bdd61___Mt.N.V_HL 9052_270deg.JPG,Healthy,false
67b0218c71fe8595936f386d36bfd294f773a698290e5d265e5db09ee69c3055,Balanced_Final_Split/Balanced_Final_Split/train/Healthy/train_245_bed370e7-2f48-4102-81a0-4e960d47d8c9___Mt.N.V_HL 8936_270deg.JPG,Healthy,Balanced_Final_Split/Balanced_Final_Split/test/Healthy/test_245_bed370e7-2f48-4102-81a0-4e960d47d8c9___Mt.N.V_HL 8936_270deg.JPG,Healthy,false
37efb5e3cfea25b40b8fff5290a0e4c71d635f5898efc1ab242df3c707e71c5e,Balanced_Final_Split/Balanced_Final_Split/train/Healthy/train_246_da73a76d-506a-4a34-bedd-e79998f3949c___Mt.N.V_HL 8958.JPG,Healthy,Balanced_Final_Split/Balanced_Final_Split/test/Healthy/test_246_da73a76d-506a-4a34-bedd-e79998f3949c___Mt.N.V_HL 8958.JPG,Healthy,false
a8e356762f629bc49e340495132ea53d86e7f3ab6a79fe671859e8d5c93224fc,Balanced_Final_Split/Balanced_Final_Split/train/Healthy/train_247_c03ffb41-c3a8-437f-9ee4-023d2d795500___Mt.N.V_HL 6212_180deg.JPG,Healthy,Balanced_Final_Split/Balanced_Final_Split/test/Healthy/test_247_c03ffb41-c3a8-437f-9ee4-023d2d795500___Mt.N.V_HL 6212_180deg.JPG,Healthy,false
6dfb63d15a96efe0e863697cf571f1b4514b3e6b348e17609bbf3ee7e6ee62a9,Balanced_Final_Split/Balanced_Final_Split/train/Healthy/train_248_c431d237-0d9a-42ea-b51c-953341859808___Mt.N.V_HL 9109_90deg.JPG,Healthy,Balanced_Final_Split/Balanced_Final_Split/test/Healthy/test_248_c431d237-0d9a-42ea-b51c-953341859808___Mt.N.V_HL 9109_90deg.JPG,Healthy,false
5e62d259a93f03585051c25c91943d12d814e0528612edbd077cb12e3b528447,Balanced_Final_Split/Balanced_Final_Split/train/Healthy/train_249_Healthy Leaves_324.jpg,Healthy,Balanced_Final_Split/Balanced_Final_Split/test/Healthy/test_249_Healthy Leaves_324.jpg,Healthy,false
9bd1764020f6b958e34ec880ab90fd56e3a03ba1b2935574d43debe8e3567409,Balanced_Final_Split/Balanced_Final_Split/train/Healthy/train_24_dc94bb19-48ca-47d7-87ad-98cf5ec46aad___Mt.N.V_HL 6181_new30degFlipLR.JPG,Healthy,Balanced_Final_Split/Balanced_Final_Split/test/Healthy/test_24_dc94bb19-48ca-47d7-87ad-98cf5ec46aad___Mt.N.V_HL 6181_new30degFlipLR.JPG,Healthy,false
848a410b0ecef923ad1d14b1c1546ea02d4db35d0a246d8d35da7b914e8c19a1,Balanced_Final_Split/Balanced_Final_Split/train/Healthy/train_25_Healthy Leaves_265.jpg,Healthy,Balanced_Final_Split/Balanced_Final_Split/test/Healthy/test_25_Healthy Leaves_265.jpg,Healthy,false
a1a67c3ce1e6e7ec9409cbbfadbc737e320153686c4a13449e24dc3a6f4fcf0e,Balanced_Final_Split/Balanced_Final_Split/train/Healthy/train_26_b6c619c6-fd1e-41f3-80c8-8b35c2fa87ee___Mt.N.V_HL 8973_new30degFlipLR.JPG,Healthy,Balanced_Final_Split/Balanced_Final_Split/test/Healthy/test_26_b6c619c6-fd1e-41f3-80c8-8b35c2fa87ee___Mt.N.V_HL 8973_new30degFlipLR.JPG,Healthy,false
81c0333633f0baf1fd2779442cc067a9dda31cad714da21667d762fd4d55569a,Balanced_Final_Split/Balanced_Final_Split/train/Healthy/train_27_Healthy Leaves_361.jpg,Healthy,Balanced_Final_Split/Balanced_Final_Split/test/Healthy/test_27_Healthy Leaves_361.jpg,Healthy,false
f243180fcaee9fc60f64f04b70d5ab162c332abbd17513432651574b99232b50,Balanced_Final_Split/Balanced_Final_Split/train/Healthy/train_28_e17f9151-51a0-417d-a7c6-9ad9a2cce0d9___Mt.N.V_HL 9053_new30degFlipLR.JPG,Healthy,Balanced_Final_Split/Balanced_Final_Split/test/Healthy/test_28_e17f9151-51a0-417d-a7c6-9ad9a2cce0d9___Mt.N.V_HL 9053_new30degFlipLR.JPG,Healthy,false
0954e477d1951f01ebbd7f05f55d3cdc38e372f23993d8ab0e87f7ffc85db2ce,Balanced_Final_Split/Balanced_Final_Split/train/Healthy/train_29_8c3e4fd0-4183-4a75-9e29-76851d08379c___Mt.N.V_HL 8965_90deg.JPG,Healthy,Balanced_Final_Split/Balanced_Final_Split/test/Healthy/test_29_8c3e4fd0-4183-4a75-9e29-76851d08379c___Mt.N.V_HL 8965_90deg.JPG,Healthy,false
567bb811fab7a21b4497d4e299226c77716a7d8f8f195a3206faf16e516a4656,Balanced_Final_Split/Balanced_Final_Split/train/Healthy/train_2_fe54a9e2-461a-457b-a391-f6e3cc99605c___Mt.N.V_HL 9093.JPG,Healthy,Balanced_Final_Split/Balanced_Final_Split/test/Healthy/test_2_fe54a9e2-461a-457b-a391-f6e3cc99605c___Mt.N.V_HL 9093.JPG,Healthy,false
5ec79f3df9f52be7ccc9c5099b49f66243518b270fef8ac0e796c2ad29e8aff1,Balanced_Final_Split/Balanced_Final_Split/train/Healthy/train_30_Healthy Leaves_153.jpg,Healthy,Balanced_Final_Split/Balanced_Final_Split/test/Healthy/test_30_Healthy Leaves_153.jpg,Healthy,false
35efa6fa111d83215dda73ebf67d13b162e427c6401e0ef9a72ad6bb85346d88,Balanced_Final_Split/Balanced_Final_Split/train/Healthy/train_31_5e8fe4a1-4b7c-44d6-bee6-2a97360a09f1___Mt.N.V_HL 9044_90deg.JPG,Healthy,Balanced_Final_Split/Balanced_Final_Split/test/Healthy/test_31_5e8fe4a1-4b7c-44d6-bee6-2a97360a09f1___Mt.N.V_HL 9044_90deg.JPG,Healthy,false
22c3930345817e6d72341e1a0a7832f4a9ef5e8e81639c1c1925a68dce9f891a,Balanced_Final_Split/Balanced_Final_Split/train/Healthy/train_32_34b24f32-ff07-4f68-bdf4-ef5b4c6d4720___Mt.N.V_HL 6060_new30degFlipLR.JPG,Healthy,Balanced_Final_Split/Balanced_Final_Split/test/Healthy/test_32_34b24f32-ff07-4f68-bdf4-ef5b4c6d4720___Mt.N.V_HL 6060_new30degFlipLR.JPG,Healthy,false
9d358c1524e97e7c6016c52d87cece3de62a586332ef35695be5573b2788ad4c,Balanced_Final_Split/Balanced_Final_Split/train/Healthy/train_33_Healthy Leaves_383.jpg,Healthy,Balanced_Final_Split/Balanced_Final_Split/test/Healthy/test_33_Healthy Leaves_383.jpg,Healthy,false
97cabf9b83d6da4d5dab23155e5c78536f0769865e34ca6948dd31154348d0ab,Balanced_Final_Split/Balanced_Final_Split/train/Healthy/train_34_Healthy Leaves_947.png,Healthy,Balanced_Final_Split/Balanced_Final_Split/test/Healthy/test_34_Healthy Leaves_947.png,Healthy,false
6dfb63d15a96efe0e863697cf571f1b4514b3e6b348e17609bbf3ee7e6ee62a9,Balanced_Final_Split/Balanced_Final_Split/train/Healthy/train_248_c431d237-0d9a-42ea-b51c-953341859808___Mt.N.V_HL 9109_90deg.JPG,Healthy,Balanced_Final_Split/Balanced_Final_Split/test/Healthy/test_35_c431d237-0d9a-42ea-b51c-953341859808___Mt.N.V_HL 9109_90deg.JPG,Healthy,false
f63ed23753c1e1a5b16aa9bf1968902d9d2b36a2089013cf6f26b6732a1c21dd,Balanced_Final_Split/Balanced_Final_Split/train/Healthy/train_281_Healthy Leaves_181.jpg,Healthy,Balanced_Final_Split/Balanced_Final_Split/test/Healthy/test_36_Healthy Leaves_1062.jpg,Healthy,false
aedd208481fe7dd9121fb899120f15edd6038970a41d6c52cbe7c98338f254b4,Balanced_Final_Split/Balanced_Final_Split/train/Healthy/train_37_8e9f476c-e7ea-496e-a367-d384d1be2654___Mt.N.V_HL 8995_new30degFlipLR.JPG,Healthy,Balanced_Final_Split/Balanced_Final_Split/test/Healthy/test_37_8e9f476c-e7ea-496e-a367-d384d1be2654___Mt.N.V_HL 8995_new30degFlipLR.JPG,Healthy,false
3ad565d94e44cb0c3935ee84afce4995e22cca8a16507284088c69f28b9a9bc2,Balanced_Final_Split/Balanced_Final_Split/train/Healthy/train_38_Healthy Leaves_1208.jpg,Healthy,Balanced_Final_Split/Balanced_Final_Split/test/Healthy/test_38_Healthy Leaves_1208.jpg,Healthy,false
b803e8608f48e20677ee35b69a261b877c764e3551f4582b396873c300a4f30f,Balanced_Final_Split/Balanced_Final_Split/train/Healthy/train_39_f429e685-fc81-40a9-827f-30a259a9387d___Mt.N.V_HL 6183.JPG,Healthy,Balanced_Final_Split/Balanced_Final_Split/test/Healthy/test_39_f429e685-fc81-40a9-827f-30a259a9387d___Mt.N.V_HL 6183.JPG,Healthy,false
a6cf63332dfa5f0490a5a3ae2d3d7917daced4a0748a43ab2a1d8e1a5bca1642,Balanced_Final_Split/Balanced_Final_Split/train/Healthy/train_3_Healthy Leaves_247.jpg,Healthy,Balanced_Final_Split/Balanced_Final_Split/test/Healthy/test_3_Healthy Leaves_247.jpg,Healthy,false
33e48a09a07240746956ad72b940611e47ff42fb11faf4b3ec556970eccffa95,Balanced_Final_Split/Balanced_Final_Split/train/Healthy/train_40_215c8317-c0ca-4b35-9ac2-28e01712e367___Mt.N.V_HL 8914_270deg.JPG,Healthy,Balanced_Final_Split/Balanced_Final_Split/test/Healthy/test_40_215c8317-c0ca-4b35-9ac2-28e01712e367___Mt.N.V_HL 8914_270deg.JPG,Healthy,false
4da544f02faf36744f92e228aef43391a1e03793e8a803c540fe710e47257a46,Balanced_Final_Split/Balanced_Final_Split/train/Healthy/train_41_2dd116dc-661a-45dd-9c22-8729914ac0dd___Mt.N.V_HL 6047.JPG,Healthy,Balanced_Final_Split/Balanced_Final_Split/test/Healthy/test_41_2dd116dc-661a-45dd-9c22-8729914ac0dd___Mt.N.V_HL 6047.JPG,Healthy,false
fb7bb90f9cf182ed1dced56df5761a2493e3772f8e4fe98f5fc2e8158aa2d1b3,Balanced_Final_Split/Balanced_Final_Split/train/Healthy/train_410_193708fa-4888-4c3c-8f58-5b0464042c99___Mt.N.V_HL 6202_180deg.JPG,Healthy,Balanced_Final_Split/Balanced_Final_Split/test/Healthy/test_42_193708fa-4888-4c3c-8f58-5b0464042c99___Mt.N.V_HL 6202_180deg.JPG,Healthy,false
c3d7e9653a57f666b5b003b3da4e27f2f35294256dcdec26e4a5420db26f87cd,Balanced_Final_Split/Balanced_Final_Split/train/Healthy/train_43_6cf81f1f-7f6b-4e06-a0b5-c466e840feed___Mt.N.V_HL 8930_180deg.JPG,Healthy,Balanced_Final_Split/Balanced_Final_Split/test/Healthy/test_43_6cf81f1f-7f6b-4e06-a0b5-c466e840feed___Mt.N.V_HL 8930_180deg.JPG,Healthy,false
674fc8bcdca10ebb8642205e7e4de9c18d74d39c84525b6e0c825b2daea68a46,Balanced_Final_Split/Balanced_Final_Split/train/Healthy/train_322_Healthy Leaves_982.jpg,Healthy,Balanced_Final_Split/Balanced_Final_Split/test/Healthy/test_44_Healthy Leaves_101.jpg,Healthy,false
ce5d2583166daf2d7edf4b32d25f62d7cbbb142d3e295adf675b77e011f9b43a,Balanced_Final_Split/Balanced_Final_Split/train/Healthy/train_45_Healthy Leaves_134.jpg,Healthy,Balanced_Final_Split/Balanced_Final_Split/test/Healthy/test_45_Healthy Leaves_134.jpg,Healthy,false
a485ca211942fd353495d5a86afc2ec2db9b183e30cf6413b62ba056794f2f48,Balanced_Final_Split/Balanced_Final_Split/train/Healthy/train_46_Healthy Leaves_1137.jpg,Healthy,Balanced_Final_Split/Balanced_Final_Split/test/Healthy/test_46_Healthy Leaves_1137.jpg,Healthy,false
a04b2d480dbbeec9f75324ad041155cbba826bce46f7138065d89511608b5e74,Balanced_Final_Split/Balanced_Final_Split/train/Healthy/train_47_3a5b41ae-5cda-4d2f-9243-f3dc82a8dfbc___Mt.N.V_HL 9060_90deg.JPG,Healthy,Balanced_Final_Split/Balanced_Final_Split/test/Healthy/test_47_3a5b41ae-5cda-4d2f-9243-f3dc82a8dfbc___Mt.N.V_HL 9060_90deg.JPG,Healthy,false
f109b6c3c125e03239a5bf6d93707a056b27a867e04a20c06ee36cceaa138858,Balanced_Final_Split/Balanced_Final_Split/train/Healthy/train_48_2dd116dc-661a-45dd-9c22-8729914ac0dd___Mt.N.V_HL 6047_90deg.JPG,Healthy,Balanced_Final_Split/Balanced_Final_Split/test/Healthy/test_48_2dd116dc-661a-45dd-9c22-8729914ac0dd___Mt.N.V_HL 6047_90deg.JPG,Healthy,false
f3e21f2748118e00d2693c5de1c25b2a886ef875cef465f6d82ca6258429c456,Balanced_Final_Split/Balanced_Final_Split/train/Healthy/train_49_17572261-c800-42b7-8baf-2f73f7657578___Mt.N.V_HL 9009_new30degFlipLR.JPG,Healthy,Balanced_Final_Split/Balanced_Final_Split/test/Healthy/test_49_17572261-c800-42b7-8baf-2f73f7657578___Mt.N.V_HL 9009_new30degFlipLR.JPG,Healthy,false
baf4cd588c8f809ecc0a545f6b5bdaa53cf24ab602e1c64b6954c504cffc6193,Balanced_Final_Split/Balanced_Final_Split/train/Healthy/train_4_Healthy Leaves_403.jpg,Healthy,Balanced_Final_Split/Balanced_Final_Split/test/Healthy/test_4_Healthy Leaves_403.jpg,Healthy,false
e3d92cc43de8043424285af9e5c2077f6b56aac5ef5ddc768720ee953c32cf6d,Balanced_Final_Split/Balanced_Final_Split/train/Healthy/train_50_73391930-644d-4cee-89cc-cb9c6adf1b4c___Mt.N.V_HL 9036_90deg.JPG,Healthy,Balanced_Final_Split/Balanced_Final_Split/test/Healthy/test_50_73391930-644d-4cee-89cc-cb9c6adf1b4c___Mt.N.V_HL 9036_90deg.JPG,Healthy,false
f6c899717e56d8d886514cbc10683cf31834541acb771ac90c9464a5179c3f0b,Balanced_Final_Split/Balanced_Final_Split/train/Healthy/train_51_4b266fb8-a762-4073-a9e2-25a3861115c4___Mt.N.V_HL 6152_180deg.JPG,Healthy,Balanced_Final_Split/Balanced_Final_Split/test/Healthy/test_51_4b266fb8-a762-4073-a9e2-25a3861115c4___Mt.N.V_HL 6152_180deg.JPG,Healthy,false
81916d465250a44dab0c83f05841db243ac0ddb565de6b227a95c205e05d6d81,Balanced_Final_Split/Balanced_Final_Split/train/Healthy/train_52_Healthy Leaves_124.jpg,Healthy,Balanced_Final_Split/Balanced_Final_Split/test/Healthy/test_52_Healthy Leaves_124.jpg,Healthy,false
df2102b19466b88334dbc7c4ceb62409947ca31929e8dd99bf9ffd2e4bc6aad8,Balanced_Final_Split/Balanced_Final_Split/train/Healthy/train_53_Healthy Leaves_929.jpg,Healthy,Balanced_Final_Split/Balanced_Final_Split/test/Healthy/test_53_Healthy Leaves_929.jpg,Healthy,false
940887e82fa74912b5796083eea1bd55bb6540f97cda627ad05afebb5d6891c3,Balanced_Final_Split/Balanced_Final_Split/train/Healthy/train_54_9d298426-9f1f-4d43-a568-f38790eaff75___Mt.N.V_HL 9025_new30degFlipLR.JPG,Healthy,Balanced_Final_Split/Balanced_Final_Split/test/Healthy/test_54_9d298426-9f1f-4d43-a568-f38790eaff75___Mt.N.V_HL 9025_new30degFlipLR.JPG,Healthy,false
e0a366e6bf14f504e9cf21993f85286bdcc45459113ad85b90d38bb23e835dec,Balanced_Final_Split/Balanced_Final_Split/train/Healthy/train_55_Healthy Leaves_1023.jpg,Healthy,Balanced_Final_Split/Balanced_Final_Split/test/Healthy/test_55_Healthy Leaves_1023.jpg,Healthy,false
3528891ad06a41dad7cf30eac8765904e66698a7eaf6e8f5253e0732b11cff71,Balanced_Final_Split/Balanced_Final_Split/train/Healthy/train_56_9268b279-6e48-45ec-98b9-58475d9466e8___Mt.N.V_HL 9132.JPG,Healthy,Balanced_Final_Split/Balanced_Final_Split/test/Healthy/test_56_9268b279-6e48-45ec-98b9-58475d9466e8___Mt.N.V_HL 9132.JPG,Healthy,false
d082b142b0113910b6cb6af76c196290a6693785c6a0288a847a39a105635b46,Balanced_Final_Split/Balanced_Final_Split/train/Healthy/train_57_7dcbe0fa-4dc1-4234-97d4-9c19391fbe21___Mt.N.V_HL 9114_90deg.JPG,Healthy,Balanced_Final_Split/Balanced_Final_Split/test/Healthy/test_57_7dcbe0fa-4dc1-4234-97d4-9c19391fbe21___Mt.N.V_HL 9114_90deg.JPG,Healthy,false
9acce9212d3d1dfbffc0b9553d7d4f152c08d7106feae372bd6649711dedf2d0,Balanced_Final_Split/Balanced_Final_Split/train/Healthy/train_58_c4d28bb3-4dd7-4292-9d45-4f47903e9c26___Mt.N.V_HL 8931_90deg.JPG,Healthy,Balanced_Final_Split/Balanced_Final_Split/test/Healthy/test_58_c4d28bb3-4dd7-4292-9d45-4f47903e9c26___Mt.N.V_HL 8931_90deg.JPG,Healthy,false
674fc8bcdca10ebb8642205e7e4de9c18d74d39c84525b6e0c825b2daea68a46,Balanced_Final_Split/Balanced_Final_Split/train/Healthy/train_322_Healthy Leaves_982.jpg,Healthy,Balanced_Final_Split/Balanced_Final_Split/test/Healthy/test_59_Healthy Leaves_101.jpg,Healthy,false
64889395e39b76c0f2139eeb14f14822642fe9af692586a6f03282db050b2fb5,Balanced_Final_Split/Balanced_Final_Split/train/Healthy/train_5_9502b5fa-3a8e-4a02-ab2b-472bda40bda8___Mt.N.V_HL 6149_90deg.JPG,Healthy,Balanced_Final_Split/Balanced_Final_Split/test/Healthy/test_5_9502b5fa-3a8e-4a02-ab2b-472bda40bda8___Mt.N.V_HL 6149_90deg.JPG,Healthy,false
88e7362f183d8fcae3e458366054a1d0eb1af91cfefc29dde0d65929a5e6a313,Balanced_Final_Split/Balanced_Final_Split/train/Healthy/train_60_cdecb518-57f1-45f1-bfd6-bf97697215c2___Mt.N.V_HL 6037_new30degFlipLR.JPG,Healthy,Balanced_Final_Split/Balanced_Final_Split/test/Healthy/test_60_cdecb518-57f1-45f1-bfd6-bf97697215c2___Mt.N.V_HL 6037_new30degFlipLR.JPG,Healthy,false
f58be2edaa029c4eae7aaf19efc4f3ad3543830b90df967651a5fd03e7705e07,Balanced_Final_Split/Balanced_Final_Split/train/Healthy/train_61_02f95acb-5d92-4f2a-b7ec-3af8709ee7c9___Mt.N.V_HL 9078_270deg.JPG,Healthy,Balanced_Final_Split/Balanced_Final_Split/test/Healthy/test_61_02f95acb-5d92-4f2a-b7ec-3af8709ee7c9___Mt.N.V_HL 9078_270deg.JPG,Healthy,false
5325475b9100eb062196663a01056713e57c415185361c0eb0270abb6836a4cd,Balanced_Final_Split/Balanced_Final_Split/train/Healthy/train_62_Healthy Leaves_409.jpg,Healthy,Balanced_Final_Split/Balanced_Final_Split/test/Healthy/test_62_Healthy Leaves_409.jpg,Healthy,false
8922e841dc569f8a764b73b1e2252628532505b118896429f2fecde34813baaa,Balanced_Final_Split/Balanced_Final_Split/train/Healthy/train_63_4bd1e0f6-b69e-4936-83a2-235e6f8d7479___Mt.N.V_HL 6044_new30degFlipLR.JPG,Healthy,Balanced_Final_Split/Balanced_Final_Split/test/Healthy/test_63_4bd1e0f6-b69e-4936-83a2-235e6f8d7479___Mt.N.V_HL 6044_new30degFlipLR.JPG,Healthy,false
ea21d390a699ced88d421b42de89183c51f90a15017a19fcf62565c4c6f3313d,Balanced_Final_Split/Balanced_Final_Split/train/Healthy/train_64_417.jpg,Healthy,Balanced_Final_Split/Balanced_Final_Split/test/Healthy/test_64_417.jpg,Healthy,false
381cb0344379e204a8b749238bfb37c50b88a85dc8c5e85d80ca8d0475801b79,Balanced_Final_Split/Balanced_Final_Split/train/Healthy/train_65_0163a6aa-fbf8-47c5-965f-59b6efe8bfe5___Mt.N.V_HL 6103_180deg.JPG,Healthy,Balanced_Final_Split/Balanced_Final_Split/test/Healthy/test_65_0163a6aa-fbf8-47c5-965f-59b6efe8bfe5___Mt.N.V_HL 6103_180deg.JPG,Healthy,false
a955d0fc43a9f8ad9ce86bb7069cdc15f224da8b98e51be21b3fa65dc53729c2,Balanced_Final_Split/Balanced_Final_Split/train/Healthy/train_66_9733dad1-a4ce-43a5-a166-70dd361df8e3___Mt.N.V_HL 8963_90deg.JPG,Healthy,Balanced_Final_Split/Balanced_Final_Split/test/Healthy/test_66_9733dad1-a4ce-43a5-a166-70dd361df8e3___Mt.N.V_HL 8963_90deg.JPG,Healthy,false
9544b575dba84051692942de1da89b34e01401b1bfc2f10ffa6fd33b154e52c1,Balanced_Final_Split/Balanced_Final_Split/train/Healthy/train_67_c3b72cd8-977b-4a6e-a833-7bcc87873882___Mt.N.V_HL 9068.JPG,Healthy,Balanced_Final_Split/Balanced_Final_Split/test/Healthy/test_67_c3b72cd8-977b-4a6e-a833-7bcc87873882___Mt.N.V_HL 9068.JPG,Healthy,false
332414e73c4d049f54c42747ad74305ec12df215bbd6b549a5b9839abf3bf6da,Balanced_Final_Split/Balanced_Final_Split/train/Healthy/train_68_0294ca65-4c29-44be-af28-501df9f715e8___Mt.N.V_HL 6176_180deg.JPG,Healthy,Balanced_Final_Split/Balanced_Final_Split/test/Healthy/test_68_0294ca65-4c29-44be-af28-501df9f715e8___Mt.N.V_HL 6176_180deg.JPG,Healthy,false
f1dc37ecc2f23586e06333bfd18505119be001cde5a5f3a427c1223a39b0fcad,Balanced_Final_Split/Balanced_Final_Split/train/Healthy/train_69_0ec29818-c70e-4586-9481-3201a67b7910___Mt.N.V_HL 6175_270deg.JPG,Healthy,Balanced_Final_Split/Balanced_Final_Split/test/Healthy/test_69_0ec29818-c70e-4586-9481-3201a67b7910___Mt.N.V_HL 6175_270deg.JPG,Healthy,false
4ee6bb11e40384b8ec07f789d88ad6f313dbc67263186b179920450e58e2dc70,Balanced_Final_Split/Balanced_Final_Split/train/Healthy/train_6_9e6f4d5f-c44a-40f0-bfbc-dcf0ef5f1371___Mt.N.V_HL 8940.JPG,Healthy,Balanced_Final_Split/Balanced_Final_Split/test/Healthy/test_6_9e6f4d5f-c44a-40f0-bfbc-dcf0ef5f1371___Mt.N.V_HL 8940.JPG,Healthy,false
594e8bfea34c2826cdc3d29d547a07a82188fb9b75a246fde97c22b8b54a5eba,Balanced_Final_Split/Balanced_Final_Split/train/Healthy/train_70_Healthy Leaves_631.jpg,Healthy,Balanced_Final_Split/Balanced_Final_Split/test/Healthy/test_70_Healthy Leaves_631.jpg,Healthy,false
981f9efa9ccb35e67e12611f0c1baac1139604946f498a70d6c17fd6a6db7d90,Balanced_Final_Split/Balanced_Final_Split/train/Healthy/train_71_9502b5fa-3a8e-4a02-ab2b-472bda40bda8___Mt.N.V_HL 6149_180deg.JPG,Healthy,Balanced_Final_Split/Balanced_Final_Split/test/Healthy/test_71_9502b5fa-3a8e-4a02-ab2b-472bda40bda8___Mt.N.V_HL 6149_180deg.JPG,Healthy,false
e7c6c224348f8d2c6a868932b8130124fbbcdf654411633fefab6431bf1c17e2,Balanced_Final_Split/Balanced_Final_Split/train/Healthy/train_72_92fbe3df-dc85-4e06-8109-3a14f5109b29___Mt.N.V_HL 6173_90deg.JPG,Healthy,Balanced_Final_Split/Balanced_Final_Split/test/Healthy/test_72_92fbe3df-dc85-4e06-8109-3a14f5109b29___Mt.N.V_HL 6173_90deg.JPG,Healthy,false
e8cdd0c04fb175f60a748a0d07ac41839762a5ca0db70724c34765bf4c0ccbe2,Balanced_Final_Split/Balanced_Final_Split/train/Healthy/train_73_Healthy Leaves_65.jpg,Healthy,Balanced_Final_Split/Balanced_Final_Split/test/Healthy/test_73_Healthy Leaves_65.jpg,Healthy,false
b60a53a1639884a0e79e4685bbeafd85129cb35123e1ea87636181c96f1f8423,Balanced_Final_Split/Balanced_Final_Split/train/Healthy/train_74_Healthy Leaves_980.png,Healthy,Balanced_Final_Split/Balanced_Final_Split/test/Healthy/test_74_Healthy Leaves_980.png,Healthy,false
05340379a1c3db78ddf334f8f9026d9d30afed87edd2e9819dc7a47552f325f3,Balanced_Final_Split/Balanced_Final_Split/train/Healthy/train_75_3d4723f3-7abf-4f74-adf2-7313e64c8c09___Mt.N.V_HL 6162.JPG,Healthy,Balanced_Final_Split/Balanced_Final_Split/test/Healthy/test_75_3d4723f3-7abf-4f74-adf2-7313e64c8c09___Mt.N.V_HL 6162.JPG,Healthy,false
d49421114fe730e67e03d19fd21582505fccdce1a6d3f7349f8037f89f8504e3,Balanced_Final_Split/Balanced_Final_Split/train/Healthy/train_76_4e284d07-22f2-460c-b43e-53469538a8cb___Mt.N.V_HL 6146_270deg.JPG,Healthy,Balanced_Final_Split/Balanced_Final_Split/test/Healthy/test_76_4e284d07-22f2-460c-b43e-53469538a8cb___Mt.N.V_HL 6146_270deg.JPG,Healthy,false
7794af4079dfdf00338115772b0cb2ebd9a45e3a4192e50236fa163605da3180,Balanced_Final_Split/Balanced_Final_Split/train/Healthy/train_77_5385fa4e-cf2a-431e-8f30-459d7e05bd7a___Mt.N.V_HL 9005_90deg.JPG,Healthy,Balanced_Final_Split/Balanced_Final_Split/test/Healthy/test_77_5385fa4e-cf2a-431e-8f30-459d7e05bd7a___Mt.N.V_HL 9005_90deg.JPG,Healthy,false
aedd208481fe7dd9121fb899120f15edd6038970a41d6c52cbe7c98338f254b4,Balanced_Final_Split/Balanced_Final_Split/train/Healthy/train_37_8e9f476c-e7ea-496e-a367-d384d1be2654___Mt.N.V_HL 8995_new30degFlipLR.JPG,Healthy,Balanced_Final_Split/Balanced_Final_Split/test/Healthy/test_78_8e9f476c-e7ea-496e-a367-d384d1be2654___Mt.N.V_HL 8995_new30degFlipLR.JPG,Healthy,false
ce9f560b8077e067b4a6984b4dd8a8e953a768eee1cc392c4ee59dc241915cc9,Balanced_Final_Split/Balanced_Final_Split/train/Healthy/train_554_Healthy Leaves_795.jpg,Healthy,Balanced_Final_Split/Balanced_Final_Split/test/Healthy/test_79_Healthy Leaves_540.jpg,Healthy,false
73a666d60fd8a909e8e8336a9a3d36cdcf295a18408d08adb13de436f86d6bff,Balanced_Final_Split/Balanced_Final_Split/train/Healthy/train_7_Healthy Leaves_688.jpg,Healthy,Balanced_Final_Split/Balanced_Final_Split/test/Healthy/test_7_Healthy Leaves_688.jpg,Healthy,false
e8a6950df03af41945db4370347aac0b51254f92b3e7489d879cea1c349e34c4,Balanced_Final_Split/Balanced_Final_Split/train/Healthy/train_80_28c615fe-bb32-4003-9178-1f130c84c0a3___Mt.N.V_HL 9129_180deg.JPG,Healthy,Balanced_Final_Split/Balanced_Final_Split/test/Healthy/test_80_28c615fe-bb32-4003-9178-1f130c84c0a3___Mt.N.V_HL 9129_180deg.JPG,Healthy,false
6fb1ae68fcc80536fe93301d056b437b6a5351a9bad77a6e8203d9d5640e5d4e,Balanced_Final_Split/Balanced_Final_Split/train/Healthy/train_81_d7523938-e65a-469b-bf29-656e05bfde99___Mt.N.V_HL 9046_new30degFlipLR.JPG,Healthy,Balanced_Final_Split/Balanced_Final_Split/test/Healthy/test_81_d7523938-e65a-469b-bf29-656e05bfde99___Mt.N.V_HL 9046_new30degFlipLR.JPG,Healthy,false
26ceba86f3b978d1427761fedb35e61203df0037c695897a00bc1b03d1400b65,Balanced_Final_Split/Balanced_Final_Split/train/Healthy/train_82_Healthy Leaves_1028.jpg,Healthy,Balanced_Final_Split/Balanced_Final_Split/test/Healthy/test_82_Healthy Leaves_1028.jpg,Healthy,false
e578915c7723b849063781f370d8cbe2f25900b17f7ff676c66c2a744cb575ce,Balanced_Final_Split/Balanced_Final_Split/train/Healthy/train_83_2383094b-208b-472d-9711-e35dbee4b7b9___Mt.N.V_HL 6114_270deg.JPG,Healthy,Balanced_Final_Split/Balanced_Final_Split/test/Healthy/test_83_2383094b-208b-472d-9711-e35dbee4b7b9___Mt.N.V_HL 6114_270deg.JPG,Healthy,false
7638e061a829e8fbb2ddfa7de9029e66049c109fab718673dffc31fc9225b270,Balanced_Final_Split/Balanced_Final_Split/train/Healthy/train_84_430.jpg,Healthy,Balanced_Final_Split/Balanced_Final_Split/test/Healthy/test_84_430.jpg,Healthy,false
704aa6e865b8263dd7f740a0643d637168f0ec429a4168374b87eec76c05e0c5,Balanced_Final_Split/Balanced_Final_Split/train/Healthy/train_85_Healthy Leaves_31.jpg,Healthy,Balanced_Final_Split/Balanced_Final_Split/test/Healthy/test_85_Healthy Leaves_31.jpg,Healthy,false
7a74df120a63927dc94adb7199c005ac803f26b641a0822a5a1f1f47b94b51a1,Balanced_Final_Split/Balanced_Final_Split/train/Healthy/train_86_6ff46c3b-bcbe-4a9b-8286-425cb92cb2ee___Mt.N.V_HL 8947_180deg.JPG,Healthy,Balanced_Final_Split/Balanced_Final_Split/test/Healthy/test_86_6ff46c3b-bcbe-4a9b-8286-425cb92cb2ee___Mt.N.V_HL 8947_180deg.JPG,Healthy,false
45e9d7c2faed047d12ebafab9e4aaa8d047a01c659b4d92538d33a0eead7d9f4,Balanced_Final_Split/Balanced_Final_Split/train/Healthy/train_87_377.jpg,Healthy,Balanced_Final_Split/Balanced_Final_Split/test/Healthy/test_87_377.jpg,Healthy,false
86ff09ae24be6e7969d6ca3f202d550740aeb4770c0be5ffb65abe7466c0f0b1,Balanced_Final_Split/Balanced_Final_Split/train/Healthy/train_88_3220429c-841d-4267-90d5-1a23d658d068___Mt.N.V_HL 8919.JPG,Healthy,Balanced_Final_Split/Balanced_Final_Split/test/Healthy/test_88_3220429c-841d-4267-90d5-1a23d658d068___Mt.N.V_HL 8919.JPG,Healthy,false
1a43d5c02e62df513034b48bf40c45fef3d446d54a428da49a33de4c87fae813,Balanced_Final_Split/Balanced_Final_Split/train/Healthy/train_89_d1d71d89-a456-4ac7-9388-9d9871691382___Mt.N.V_HL 6205_90deg.JPG,Healthy,Balanced_Final_Split/Balanced_Final_Split/test/Healthy/test_89_d1d71d89-a456-4ac7-9388-9d9871691382___Mt.N.V_HL 6205_90deg.JPG,Healthy,false
ca8661df0e8a55ccf9f301022d0aa09b1690dad1b9902dae595c222df8bcd6f1,Balanced_Final_Split/Balanced_Final_Split/train/Healthy/train_8_0f8906e9-86e1-49f8-aea0-3e887924799d___Mt.N.V_HL 9012_90deg.JPG,Healthy,Balanced_Final_Split/Balanced_Final_Split/test/Healthy/test_8_0f8906e9-86e1-49f8-aea0-3e887924799d___Mt.N.V_HL 9012_90deg.JPG,Healthy,false
a98cb7a5d94e130d96786c6a61728b92014200e468004c21f65ae0a59313c94c,Balanced_Final_Split/Balanced_Final_Split/train/Healthy/train_90_2fe405ca-8955-40a7-a2fb-526cd723548f___Mt.N.V_HL 8953_90deg.JPG,Healthy,Balanced_Final_Split/Balanced_Final_Split/test/Healthy/test_90_2fe405ca-8955-40a7-a2fb-526cd723548f___Mt.N.V_HL 8953_90deg.JPG,Healthy,false
40e5e43f3545fbecf99de1d066e78521e6771ab0e04619afbeb3e4bbe0bcd4fe,Balanced_Final_Split/Balanced_Final_Split/train/Healthy/train_91_Healthy Leaves_701.jpg,Healthy,Balanced_Final_Split/Balanced_Final_Split/test/Healthy/test_91_Healthy Leaves_701.jpg,Healthy,false
83b2fab98b8af563a0c145cbd3a1ec452366e94ee87f60e270e5e76b52a64dfa,Balanced_Final_Split/Balanced_Final_Split/train/Healthy/train_92_Healthy Leaves_60.jpg,Healthy,Balanced_Final_Split/Balanced_Final_Split/test/Healthy/test_92_Healthy Leaves_60.jpg,Healthy,false
3ce73ff5acea41b4965481daff187da7e3021f2df8e957fee58ec5fd2849e824,Balanced_Final_Split/Balanced_Final_Split/train/Healthy/train_93_87d84f4b-0dfa-46f5-9bf9-87b3bb636d65___Mt.N.V_HL 6038_270deg.JPG,Healthy,Balanced_Final_Split/Balanced_Final_Split/test/Healthy/test_93_87d84f4b-0dfa-46f5-9bf9-87b3bb636d65___Mt.N.V_HL 6038_270deg.JPG,Healthy,false
a74e1d6c05b3ebf6fb24d63fd677be79d45d20bc056a10aae1e00089dac603c2,Balanced_Final_Split/Balanced_Final_Split/train/Healthy/train_94_51053194-cb64-4594-8639-4657a7a7666f___Mt.N.V_HL 6179_new30degFlipLR.JPG,Healthy,Balanced_Final_Split/Balanced_Final_Split/test/Healthy/test_94_51053194-cb64-4594-8639-4657a7a7666f___Mt.N.V_HL 6179_new30degFlipLR.JPG,Healthy,false
5adb8c7261f5643934c2814fccf6f7698ed79e34e0f931a8ef30b9a5cb8419cb,Balanced_Final_Split/Balanced_Final_Split/train/Healthy/train_95_f90f64a4-437d-4673-a51f-4c5660999921___Mt.N.V_HL 9066_180deg.JPG,Healthy,Balanced_Final_Split/Balanced_Final_Split/test/Healthy/test_95_f90f64a4-437d-4673-a51f-4c5660999921___Mt.N.V_HL 9066_180deg.JPG,Healthy,false
9fb6f255c43f3ecee07eefc52d822a94a2641d22f567414112a8a6f00e7e3fc2,Balanced_Final_Split/Balanced_Final_Split/train/Healthy/train_96_4c6ad9f3-43b4-4d79-b17a-1707e42ddef5___Mt.N.V_HL 8968_90deg.JPG,Healthy,Balanced_Final_Split/Balanced_Final_Split/test/Healthy/test_96_4c6ad9f3-43b4-4d79-b17a-1707e42ddef5___Mt.N.V_HL 8968_90deg.JPG,Healthy,false
b4f6415bf2473b8fd2b08c9e29a82413f956872747758d8baaae89a5a267a68c,Balanced_Final_Split/Balanced_Final_Split/train/Healthy/train_97_1773d4a6-5c0e-4597-9b1e-34574195b19b___Mt.N.V_HL 8993_270deg.JPG,Healthy,Balanced_Final_Split/Balanced_Final_Split/test/Healthy/test_97_1773d4a6-5c0e-4597-9b1e-34574195b19b___Mt.N.V_HL 8993_270deg.JPG,Healthy,false
7d206e87357dcfdd267cec95d546827713d0a6774beb24d8eee1eb2ec361f7a7,Balanced_Final_Split/Balanced_Final_Split/train/Healthy/train_518_0f8906e9-86e1-49f8-aea0-3e887924799d___Mt.N.V_HL 9012_new30degFlipLR.JPG,Healthy,Balanced_Final_Split/Balanced_Final_Split/test/Healthy/test_98_0f8906e9-86e1-49f8-aea0-3e887924799d___Mt.N.V_HL 9012_new30degFlipLR.JPG,Healthy,false
1d4af2125bec28198871257fe1a3b2b3065fa892ee23d2e716afc050adffbf7e,Balanced_Final_Split/Balanced_Final_Split/train/Healthy/train_99_Healthy Leaves_1115.jpg,Healthy,Balanced_Final_Split/Balanced_Final_Split/test/Healthy/test_99_Healthy Leaves_1115.jpg,Healthy,false
5ffa5fa3b5103b1ec9ffca42c739e9050b82d6a68ab201c07f4e0c799ec5a90a,Balanced_Final_Split/Balanced_Final_Split/train/Healthy/train_9_fed74aa9-511b-4958-824b-41066b2e5406___Mt.N.V_HL 8918_new30degFlipLR.JPG,Healthy,Balanced_Final_Split/Balanced_Final_Split/test/Healthy/test_9_fed74aa9-511b-4958-824b-41066b2e5406___Mt.N.V_HL 8918_new30degFlipLR.JPG,Healthy,false
7faaacd3a21445b6a7f3a78fcb2ed61b3941de13d290bef745cc0350dd2300a1,Balanced_Final_Split/Balanced_Final_Split/train/PowderyMildew/train_0_210.jpg,PowderyMildew,Balanced_Final_Split/Balanced_Final_Split/test/PowderyMildew/test_0_210.jpg,PowderyMildew,false
51e805a39662a9a5c17d7b6b1293086ddd83c415e21c1691646e85e84f1770fa,Balanced_Final_Split/Balanced_Final_Split/train/PowderyMildew/train_100_Powdery Mildew_129.jpg,PowderyMildew,Balanced_Final_Split/Balanced_Final_Split/test/PowderyMildew/test_100_Powdery Mildew_129.jpg,PowderyMildew,false
636869e56f5d84d29153d75ffe5e8cf4c29ab41f4c4c0fa906ac2cc0df4a7a4c,Balanced_Final_Split/Balanced_Final_Split/train/PowderyMildew/train_101_328.jpg,PowderyMildew,Balanced_Final_Split/Balanced_Final_Split/test/PowderyMildew/test_101_328.jpg,PowderyMildew,false
29341efa1fee6a10a335c11f29286b2fcc28e869d05b94c44664672044eb5006,Balanced_Final_Split/Balanced_Final_Split/train/PowderyMildew/train_102_Powdery Mildew_311.jpg,PowderyMildew,Balanced_Final_Split/Balanced_Final_Split/test/PowderyMildew/test_102_Powdery Mildew_311.jpg,PowderyMildew,false
e177a3417cf9bb0582c7e913c06916fb777f93edf1ff176043e88a0ba1e9893a,Balanced_Final_Split/Balanced_Final_Split/train/PowderyMildew/train_103_241.jpg,PowderyMildew,Balanced_Final_Split/Balanced_Final_Split/test/PowderyMildew/test_103_241.jpg,PowderyMildew,false
eeea2579dde1f282673ece5a7575024d01f681a2e23c60ba4463fa931b8981b5,Balanced_Final_Split/Balanced_Final_Split/train/PowderyMildew/train_104_Powdery Mildew_362.jpg,PowderyMildew,Balanced_Final_Split/Balanced_Final_Split/test/PowderyMildew/test_104_Powdery Mildew_362.jpg,PowderyMildew,false
3c5c5da4cb366496b66d0a308d682da90f6e6ee9cc05fc945222e92ba984f5b7,Balanced_Final_Split/Balanced_Final_Split/train/PowderyMildew/train_105_187.jpg,PowderyMildew,Balanced_Final_Split/Balanced_Final_Split/test/PowderyMildew/test_105_187.jpg,PowderyMildew,false
101f647be0871522e7f63fd13f6debac53fa55dcd6db69c012602078af053033,Balanced_Final_Split/Balanced_Final_Split/train/PowderyMildew/train_106_Powdery Mildew_309.jpg,PowderyMildew,Balanced_Final_Split/Balanced_Final_Split/test/PowderyMildew/test_106_Powdery Mildew_309.jpg,PowderyMildew,false
02396d7a0a31a0b0f054f40df6a4b8676506aa53b7327a6ccbe784004d6f20c0,Balanced_Final_Split/Balanced_Final_Split/train/PowderyMildew/train_107_Powdery Mildew_352.jpg,PowderyMildew,Balanced_Final_Split/Balanced_Final_Split/test/PowderyMildew/test_107_Powdery Mildew_352.jpg,PowderyMildew,false
3f6336042ae8a78e56f04473d95f68a9d9ba4754ddb4fa070077a09f8f401f6c,Balanced_Final_Split/Balanced_Final_Split/train/PowderyMildew/train_108_488.jpg,PowderyMildew,Balanced_Final_Split/Balanced_Final_Split/test/PowderyMildew/test_108_488.jpg,PowderyMildew,false
a1b373ef4cae7c622bf18e9223a61a8f19118c33a061f1599e3bc6fcf579ecc3,Balanced_Final_Split/Balanced_Final_Split/train/PowderyMildew/train_109_43.jpg,PowderyMildew,Balanced_Final_Split/Balanced_Final_Split/test/PowderyMildew/test_109_43.jpg,PowderyMildew,false
de6f2af1a2bf1ffed9a6f7359f5cd4eff2f41cd113c2d005c599d1ed8cf20875,Balanced_Final_Split/Balanced_Final_Split/train/PowderyMildew/train_10_Powdery Mildew_323.jpg,PowderyMildew,Balanced_Final_Split/Balanced_Final_Split/test/PowderyMildew/test_10_Powdery Mildew_323.jpg,PowderyMildew,false
c2552f2ff556d38032c4b95cf60b1637e2f6a009491fc1d48b7841b2ec9a6a13,Balanced_Final_Split/Balanced_Final_Split/train/PowderyMildew/train_110_Powdery Mildew_41.jpg,PowderyMildew,Balanced_Final_Split/Balanced_Final_Split/test/PowderyMildew/test_110_Powdery Mildew_41.jpg,PowderyMildew,false
ca3691b79d100cb39ab4e470173c3dc09ec030b8e0126672fc0352a530100a18,Balanced_Final_Split/Balanced_Final_Split/train/PowderyMildew/train_111_Powdery Mildew_271.jpg,PowderyMildew,Balanced_Final_Split/Balanced_Final_Split/test/PowderyMildew/test_111_Powdery Mildew_271.jpg,PowderyMildew,false
53038162684531a4c2a2f19170cc6dfe2e55c23b676562cea3aba43ab837fd60,Balanced_Final_Split/Balanced_Final_Split/train/PowderyMildew/train_112_Powdery Mildew_390.JPG,PowderyMildew,Balanced_Final_Split/Balanced_Final_Split/test/PowderyMildew/test_112_Powdery Mildew_390.JPG,PowderyMildew,false
7179c54091c74882b4c8ab0cb2a74957f103e94ee49880167468bf4165f1975d,Balanced_Final_Split/Balanced_Final_Split/train/PowderyMildew/train_113_Powdery Mildew_332.jpg,PowderyMildew,Balanced_Final_Split/Balanced_Final_Split/test/PowderyMildew/test_113_Powdery Mildew_332.jpg,PowderyMildew,false
69a19577fcbb3b855b08493560409feae56812815d4c13d45e90abaf3503dbc4,Balanced_Final_Split/Balanced_Final_Split/train/PowderyMildew/train_114_Powdery Mildew_225.jpg,PowderyMildew,Balanced_Final_Split/Balanced_Final_Split/test/PowderyMildew/test_114_Powdery Mildew_225.jpg,PowderyMildew,false
c11d3cde05cabc902dc3769d8bc9b5eb3444795688930e5fdfad2eb00a363786,Balanced_Final_Split/Balanced_Final_Split/train/PowderyMildew/train_115_716.jpg,PowderyMildew,Balanced_Final_Split/Balanced_Final_Split/test/PowderyMildew/test_115_716.jpg,PowderyMildew,false
08b26bd4c98b8cb001178ea4efa9ae87c9185b53fafd4ebe1ec56bd7200f9cfc,Balanced_Final_Split/Balanced_Final_Split/train/PowderyMildew/train_116_815.jpg,PowderyMildew,Balanced_Final_Split/Balanced_Final_Split/test/PowderyMildew/test_116_815.jpg,PowderyMildew,false
ef57a43012852b9629bcbde8f5c49c6193ba0914a73bd67a06ccd4964169972b,Balanced_Final_Split/Balanced_Final_Split/train/PowderyMildew/train_117_224.jpg,PowderyMildew,Balanced_Final_Split/Balanced_Final_Split/test/PowderyMildew/test_117_224.jpg,PowderyMildew,false
cd5b7c523aeb6a950b2d3d3dc64dc8186226280195fefc98c816a5eb07f33ced,Balanced_Final_Split/Balanced_Final_Split/train/PowderyMildew/train_118_308.jpg,PowderyMildew,Balanced_Final_Split/Balanced_Final_Split/test/PowderyMildew/test_118_308.jpg,PowderyMildew,false
ce336824755dd2edc6567884b937fd0b1d94e18c114a53e2652f32d22f95a7c0,Balanced_Final_Split/Balanced_Final_Split/train/PowderyMildew/train_119_Powdery Mildew_199.jpg,PowderyMildew,Balanced_Final_Split/Balanced_Final_Split/test/PowderyMildew/test_119_Powdery Mildew_199.jpg,PowderyMildew,false
4fd05bc48e23d585ea90db628d3de44a8d00ecf2931b0698b7f42d5326815c71,Balanced_Final_Split/Balanced_Final_Split/train/PowderyMildew/train_11_220.jpg,PowderyMildew,Balanced_Final_Split/Balanced_Final_Split/test/PowderyMildew/test_11_220.jpg,PowderyMildew,false
a765e4f842a8e3636f5c9b2310626383daf453503494a6424f9177abf6c0619c,Balanced_Final_Split/Balanced_Final_Split/train/PowderyMildew/train_120_1019.jpg,PowderyMildew,Balanced_Final_Split/Balanced_Final_Split/test/PowderyMildew/test_120_1019.jpg,PowderyMildew,false
c84daf0fbdab077f0e8059d1352673b36b88301e9477306b25ff741b2b93b685,Balanced_Final_Split/Balanced_Final_Split/train/PowderyMildew/train_121_282.jpg,PowderyMildew,Balanced_Final_Split/Balanced_Final_Split/test/PowderyMildew/test_121_282.jpg,PowderyMildew,false
741d90c75e18b2fc5fee8346f18f3290704ce77ebd89181ae8f1d043803fe139,Balanced_Final_Split/Balanced_Final_Split/train/PowderyMildew/train_122_Powdery Mildew_176.jpg,PowderyMildew,Balanced_Final_Split/Balanced_Final_Split/test/PowderyMildew/test_122_Powdery Mildew_176.jpg,PowderyMildew,false
48d5b5d4368810c2880f681ea1c4a51d898317c3353fb3ee0fd62ac9b13663bf,Balanced_Final_Split/Balanced_Final_Split/train/PowderyMildew/train_123_167.jpg,PowderyMildew,Balanced_Final_Split/Balanced_Final_Split/test/PowderyMildew/test_123_167.jpg,PowderyMildew,false
404cddcc904576bc252d085159d608cc2fa9f1230224d11e58b619f6081af054,Balanced_Final_Split/Balanced_Final_Split/train/PowderyMildew/train_124_368.jpg,PowderyMildew,Balanced_Final_Split/Balanced_Final_Split/test/PowderyMildew/test_124_368.jpg,PowderyMildew,false
0733cd02b62ca449abd6743fc0a0e1d33e07839e84feb52a873f2a8ddb5c9a62,Balanced_Final_Split/Balanced_Final_Split/train/PowderyMildew/train_125_6.jpg,PowderyMildew,Balanced_Final_Split/Balanced_Final_Split/test/PowderyMildew/test_125_6.jpg,PowderyMildew,false
986b06e38704d52446c87ca283cdb07fa8afaea2137491170ee134d291177860,Balanced_Final_Split/Balanced_Final_Split/train/PowderyMildew/train_126_Powdery Mildew_128.jpg,PowderyMildew,Balanced_Final_Split/Balanced_Final_Split/test/PowderyMildew/test_126_Powdery Mildew_128.jpg,PowderyMildew,false
edfb1a9361c8d44d2a04f8d4d1cb5f4c62ec0cd8d0e7bfd01ff137a74869e0b1,Balanced_Final_Split/Balanced_Final_Split/train/PowderyMildew/train_127_961.jpg,PowderyMildew,Balanced_Final_Split/Balanced_Final_Split/test/PowderyMildew/test_127_961.jpg,PowderyMildew,false
101b3e2f30ad2ac67f335a0ea69edfb532c191990ca66cde9a56ea08e6d87923,Balanced_Final_Split/Balanced_Final_Split/train/PowderyMildew/train_128_920.jpg,PowderyMildew,Balanced_Final_Split/Balanced_Final_Split/test/PowderyMildew/test_128_920.jpg,PowderyMildew,false
9694a0a6039765d9e6dace6f3f7f5152380a73537a1903d089248362c155fde0,Balanced_Final_Split/Balanced_Final_Split/train/PowderyMildew/train_129_Powdery Mildew_241.jpg,PowderyMildew,Balanced_Final_Split/Balanced_Final_Split/test/PowderyMildew/test_129_Powdery Mildew_241.jpg,PowderyMildew,false
5b5a45107a3569850d158824561129071e39b2b0d3ec77622303536a67ba1b7f,Balanced_Final_Split/Balanced_Final_Split/train/PowderyMildew/train_12_Powdery Mildew_138.jpg,PowderyMildew,Balanced_Final_Split/Balanced_Final_Split/test/PowderyMildew/test_12_Powdery Mildew_138.jpg,PowderyMildew,false
bcb637ace991ba5e7c84d6b8df090e240554d3eb357db89c8f6e7e4a84d7cd83,Balanced_Final_Split/Balanced_Final_Split/train/PowderyMildew/train_130_188.jpg,PowderyMildew,Balanced_Final_Split/Balanced_Final_Split/test/PowderyMildew/test_130_188.jpg,PowderyMildew,false
010de36de5b000cecbbaf477a63aa77981662728b64bc735f1df7ca865e05ebb,Balanced_Final_Split/Balanced_Final_Split/train/PowderyMildew/train_131_1121.jpg,PowderyMildew,Balanced_Final_Split/Balanced_Final_Split/test/PowderyMildew/test_131_1121.jpg,PowderyMildew,false
60c42694cc03d8abd408683849ee8412901cf20b79bab62a791f8110ded3d506,Balanced_Final_Split/Balanced_Final_Split/train/PowderyMildew/train_132_444.jpg,PowderyMildew,Balanced_Final_Split/Balanced_Final_Split/test/PowderyMildew/test_132_444.jpg,PowderyMildew,false
10197557d2f06b4527230833aaf610b506266a36005f73d4f16db1195c484123,Balanced_Final_Split/Balanced_Final_Split/train/PowderyMildew/train_133_Powdery Mildew_318.jpg,PowderyMildew,Balanced_Final_Split/Balanced_Final_Split/test/PowderyMildew/test_133_Powdery Mildew_318.jpg,PowderyMildew,false
faeadad27d865cabdb81806a38ae28cd893cb11e2736831d19ebca1edc22b29b,Balanced_Final_Split/Balanced_Final_Split/train/PowderyMildew/train_134_Powdery Mildew_254.jpg,PowderyMildew,Balanced_Final_Split/Balanced_Final_Split/test/PowderyMildew/test_134_Powdery Mildew_254.jpg,PowderyMildew,false
2988cea86dd5ba913cd37523d8dd0f0b6f8f5d7cacca8c55d97b95b97e3e7bd8,Balanced_Final_Split/Balanced_Final_Split/train/PowderyMildew/train_135_Powdery Mildew_150.jpg,PowderyMildew,Balanced_Final_Split/Balanced_Final_Split/test/PowderyMildew/test_135_Powdery Mildew_150.jpg,PowderyMildew,false
48f9eea5495bf2a77fd0f3dbcf85e2a5bf2148582ed2a7a3f87b4d96b3ea23c0,Balanced_Final_Split/Balanced_Final_Split/train/PowderyMildew/train_136_764.jpg,PowderyMildew,Balanced_Final_Split/Balanced_Final_Split/test/PowderyMildew/test_136_764.jpg,PowderyMildew,false
8aa0399af81dd27e05b03ae765e5b57b41bef1856ad8fcf1cb00765acd03e621,Balanced_Final_Split/Balanced_Final_Split/train/PowderyMildew/train_137_Powdery Mildew_161.jpg,PowderyMildew,Balanced_Final_Split/Balanced_Final_Split/test/PowderyMildew/test_137_Powdery Mildew_161.jpg,PowderyMildew,false
5c122dd576ed8553d467d5f5419a5a8bc6b4994193a26472dcb77d0583313899,Balanced_Final_Split/Balanced_Final_Split/train/PowderyMildew/train_138_Powdery Mildew_346.jpg,PowderyMildew,Balanced_Final_Split/Balanced_Final_Split/test/PowderyMildew/test_138_Powdery Mildew_346.jpg,PowderyMildew,false
a3484581181975499b5abfbe426eca7f89e3f1cc882ed0d503a4e3b9412bc083,Balanced_Final_Split/Balanced_Final_Split/train/PowderyMildew/train_139_Powdery Mildew_60.jpg,PowderyMildew,Balanced_Final_Split/Balanced_Final_Split/test/PowderyMildew/test_139_Powdery Mildew_60.jpg,PowderyMildew,false
4e6acd4510182eed1987684932b65e401f4d060bc521cc4f0b7e6dfefc3bd557,Balanced_Final_Split/Balanced_Final_Split/train/PowderyMildew/train_13_1135.jpg,PowderyMildew,Balanced_Final_Split/Balanced_Final_Split/test/PowderyMildew/test_13_1135.jpg,PowderyMildew,false
f5d04d601f8b871c4a179087fed9f6e216e80b863b8d959aa94799eebaef616f,Balanced_Final_Split/Balanced_Final_Split/train/PowderyMildew/train_140_364.jpg,PowderyMildew,Balanced_Final_Split/Balanced_Final_Split/test/PowderyMildew/test_140_364.jpg,PowderyMildew,false
197bd195ac8ff891c0ad3662ca8c88bf68be2d8ed6b9b7c6cb306adc07cbf5df,Balanced_Final_Split/Balanced_Final_Split/train/PowderyMildew/train_141_52.jpg,PowderyMildew,Balanced_Final_Split/Balanced_Final_Split/test/PowderyMildew/test_141_52.jpg,PowderyMildew,false
5eba52f6155b60fc4987ed1cadec47850709806d17333b8d74ac554971d3c6c1,Balanced_Final_Split/Balanced_Final_Split/train/PowderyMildew/train_142_115.jpg,PowderyMildew,Balanced_Final_Split/Balanced_Final_Split/test/PowderyMildew/test_142_115.jpg,PowderyMildew,false
b1e1c3c686124464c106cee2b3a896e2d8901711be40775a0ed16df4834ffd54,Balanced_Final_Split/Balanced_Final_Split/train/PowderyMildew/train_143_845.jpg,PowderyMildew,Balanced_Final_Split/Balanced_Final_Split/test/PowderyMildew/test_143_845.jpg,PowderyMildew,false
1795b8614d64e95b23e0aeb1fd7ee6b2f703145e67772fa9c9a3d6ad11572274,Balanced_Final_Split/Balanced_Final_Split/train/PowderyMildew/train_144_863.jpg,PowderyMildew,Balanced_Final_Split/Balanced_Final_Split/test/PowderyMildew/test_144_863.jpg,PowderyMildew,false
14bcadf9442490352b56123a76a5ea9376fcc0318b30accb7fb6fca1190054d4,Balanced_Final_Split/Balanced_Final_Split/train/PowderyMildew/train_145_Powdery Mildew_250.jpg,PowderyMildew,Balanced_Final_Split/Balanced_Final_Split/test/PowderyMildew/test_145_Powdery Mildew_250.jpg,PowderyMildew,false
3ba9b549b3eec0f030707aa08de3b93696ce1efe59a70972c5b0699cfbd96187,Balanced_Final_Split/Balanced_Final_Split/train/PowderyMildew/train_146_1184.jpg,PowderyMildew,Balanced_Final_Split/Balanced_Final_Split/test/PowderyMildew/test_146_1184.jpg,PowderyMildew,false
bac683fbd3d01877e30dc26010fcdd85c45f6fcd1c313330d1bdf586424999db,Balanced_Final_Split/Balanced_Final_Split/train/PowderyMildew/train_147_Powdery Mildew_169.jpg,PowderyMildew,Balanced_Final_Split/Balanced_Final_Split/test/PowderyMildew/test_147_Powdery Mildew_169.jpg,PowderyMildew,false
f74328872c723375d00cfed0bf4e6c41020091a7c52ee798844224ac2116567d,Balanced_Final_Split/Balanced_Final_Split/train/PowderyMildew/train_148_Powdery Mildew_45.jpg,PowderyMildew,Balanced_Final_Split/Balanced_Final_Split/test/PowderyMildew/test_148_Powdery Mildew_45.jpg,PowderyMildew,false
5f50c634879c202ed0f430973a639ee96b3faf2c9903dba48e8b026512091475,Balanced_Final_Split/Balanced_Final_Split/train/PowderyMildew/train_149_172.jpg,PowderyMildew,Balanced_Final_Split/Balanced_Final_Split/test/PowderyMildew/test_149_172.jpg,PowderyMildew,false
46f04211b1bd7298e4d15c1191d75843d4c1d9416a6219aa89871ae5c1a50933,Balanced_Final_Split/Balanced_Final_Split/train/PowderyMildew/train_14_Powdery Mildew_354.jpg,PowderyMildew,Balanced_Final_Split/Balanced_Final_Split/test/PowderyMildew/test_14_Powdery Mildew_354.jpg,PowderyMildew,false
6b2c6316a2d6130d06a1939d5989dc6e491304a5f155bf72c3d16cca51623cd0,Balanced_Final_Split/Balanced_Final_Split/train/PowderyMildew/train_150_840.jpg,PowderyMildew,Balanced_Final_Split/Balanced_Final_Split/test/PowderyMildew/test_150_840.jpg,PowderyMildew,false
39eba496c24a0365dd816481846edabb0d31ce4b3c7baf4d3f22625f345774ad,Balanced_Final_Split/Balanced_Final_Split/train/PowderyMildew/train_151_1111.jpg,PowderyMildew,Balanced_Final_Split/Balanced_Final_Split/test/PowderyMildew/test_151_1111.jpg,PowderyMildew,false
505d57b959cd180b922941c84d2279992171f3e844d0babefdba10f5d1513123,Balanced_Final_Split/Balanced_Final_Split/train/PowderyMildew/train_152_Powdery Mildew_229.jpg,PowderyMildew,Balanced_Final_Split/Balanced_Final_Split/test/PowderyMildew/test_152_Powdery Mildew_229.jpg,PowderyMildew,false
13e8ccb8256750e077640d035bdb56750b3099ed899ab55256ec57b49cd2647c,Balanced_Final_Split/Balanced_Final_Split/train/PowderyMildew/train_153_Powdery Mildew_44.jpg,PowderyMildew,Balanced_Final_Split/Balanced_Final_Split/test/PowderyMildew/test_153_Powdery Mildew_44.jpg,PowderyMildew,false
ee3389d67a6d215b8f0c96367c4676075587dac8e8ab9b302203f962eb0e1c67,Balanced_Final_Split/Balanced_Final_Split/train/PowderyMildew/train_154_273.jpg,PowderyMildew,Balanced_Final_Split/Balanced_Final_Split/test/PowderyMildew/test_154_273.jpg,PowderyMildew,false
2d751521575c740bdca84666a834a2af04236c524cd56091192efa5e7166306a,Balanced_Final_Split/Balanced_Final_Split/train/PowderyMildew/train_155_237.jpg,PowderyMildew,Balanced_Final_Split/Balanced_Final_Split/test/PowderyMildew/test_155_237.jpg,PowderyMildew,false
2261058b75aca190fe7a73a19fb0fccdd9e289e4c0e407fc65fbc142ac34e696,Balanced_Final_Split/Balanced_Final_Split/train/PowderyMildew/train_156_Powdery Mildew_192.jpg,PowderyMildew,Balanced_Final_Split/Balanced_Final_Split/test/PowderyMildew/test_156_Powdery Mildew_192.jpg,PowderyMildew,false
0259de8f37b1d7204595f44f42833a0d6e67f46fe5692050989f98c0decdba19,Balanced_Final_Split/Balanced_Final_Split/train/PowderyMildew/train_157_58.jpg,PowderyMildew,Balanced_Final_Split/Balanced_Final_Split/test/PowderyMildew/test_157_58.jpg,PowderyMildew,false
b9159cbca89ffa363dd2457484c8b851c9a207a6d7e87f2652ee3495bdf4952d,Balanced_Final_Split/Balanced_Final_Split/train/PowderyMildew/train_158_Powdery Mildew_263.jpg,PowderyMildew,Balanced_Final_Split/Balanced_Final_Split/test/PowderyMildew/test_158_Powdery Mildew_263.jpg,PowderyMildew,false
3bbe31cee05628408d9c5b118f035635a80f67288ae091e1d4a47b69e62b81bc,Balanced_Final_Split/Balanced_Final_Split/train/PowderyMildew/train_159_Powdery Mildew_95.jpg,PowderyMildew,Balanced_Final_Split/Balanced_Final_Split/test/PowderyMildew/test_159_Powdery Mildew_95.jpg,PowderyMildew,false
478b6f5e44a5d6a1a73c05c7d1e514af8513dc8de3a1ebc33709cbf70d60539f,Balanced_Final_Split/Balanced_Final_Split/train/PowderyMildew/train_15_826.jpg,PowderyMildew,Balanced_Final_Split/Balanced_Final_Split/test/PowderyMildew/test_15_826.jpg,PowderyMildew,false
06ea70b1b24a52ffe3bdc550dbbcb7a270dbcc84a9867348256d67e011c6cc12,Balanced_Final_Split/Balanced_Final_Split/train/PowderyMildew/train_160_Powdery Mildew_202.jpg,PowderyMildew,Balanced_Final_Split/Balanced_Final_Split/test/PowderyMildew/test_160_Powdery Mildew_202.jpg,PowderyMildew,false
b7ef84dbb464a6be46b5f7754eb057ace169119e0b58b8b98459cb5b4ee2ebb5,Balanced_Final_Split/Balanced_Final_Split/train/PowderyMildew/train_161_247.jpg,PowderyMildew,Balanced_Final_Split/Balanced_Final_Split/test/PowderyMildew/test_161_247.jpg,PowderyMildew,false
2a3a759c43e0496540e5e82b9d102bfe9680689e7ef6e986ce1d9e43379a998c,Balanced_Final_Split/Balanced_Final_Split/train/PowderyMildew/train_162_964.jpg,PowderyMildew,Balanced_Final_Split/Balanced_Final_Split/test/PowderyMildew/test_162_964.jpg,PowderyMildew,false
0990e20553f59264104a9aa31153df1562ffc87cc068e0e1da2dc03d8ef45d10,Balanced_Final_Split/Balanced_Final_Split/train/PowderyMildew/train_163_797.jpg,PowderyMildew,Balanced_Final_Split/Balanced_Final_Split/test/PowderyMildew/test_163_797.jpg,PowderyMildew,false
611ff3956377a22414e7cc449a93b4fe15fb0e1fef1ebcba898f8e288bf6f246,Balanced_Final_Split/Balanced_Final_Split/train/PowderyMildew/train_164_858.jpg,PowderyMildew,Balanced_Final_Split/Balanced_Final_Split/test/PowderyMildew/test_164_858.jpg,PowderyMildew,false
e7a8db3c57734812a82560e5b8f378b0b8ec58e66f8957e083546692d0c5f015,Balanced_Final_Split/Balanced_Final_Split/train/PowderyMildew/train_165_Powdery Mildew_181.jpg,PowderyMildew,Balanced_Final_Split/Balanced_Final_Split/test/PowderyMildew/test_165_Powdery Mildew_181.jpg,PowderyMildew,false
1026c34c13ec745e526bd7b221ce631b469a2d7908d0bdd53aa8935d9ef6fa23,Balanced_Final_Split/Balanced_Final_Split/train/PowderyMildew/train_166_1078.jpg,PowderyMildew,Balanced_Final_Split/Balanced_Final_Split/test/PowderyMildew/test_166_1078.jpg,PowderyMildew,false
38aa271d29170abe92d43b99f48fc6609f018eaca8f0585fa1adc9049e433d7c,Balanced_Final_Split/Balanced_Final_Split/train/PowderyMildew/train_167_207.jpg,PowderyMildew,Balanced_Final_Split/Balanced_Final_Split/test/PowderyMildew/test_167_207.jpg,PowderyMildew,false
f58f528bc8bfdcc384681762b8943dbeebb79434e177baf5e8219eaf7a1bcf80,Balanced_Final_Split/Balanced_Final_Split/train/PowderyMildew/train_168_Powdery Mildew_211.jpg,PowderyMildew,Balanced_Final_Split/Balanced_Final_Split/test/PowderyMildew/test_168_Powdery Mildew_211.jpg,PowderyMildew,false
06ea70b1b24a52ffe3bdc550dbbcb7a270dbcc84a9867348256d67e011c6cc12,Balanced_Final_Split/Balanced_Final_Split/train/PowderyMildew/train_160_Powdery Mildew_202.jpg,PowderyMildew,Balanced_Final_Split/Balanced_Final_Split/test/PowderyMildew/test_169_Powdery Mildew_202.jpg,PowderyMildew,false
0a8f914ecf96f2c5b4dc2fe4d6abe42dddff12cfbc90e3191a4e14c721ef3c66,Balanced_Final_Split/Balanced_Final_Split/train/PowderyMildew/train_16_99.jpg,PowderyMildew,Balanced_Final_Split/Balanced_Final_Split/test/PowderyMildew/test_16_99.jpg,PowderyMildew,false
d1ae874da71227cc0228c8191696efc2e26ba747105f8913ba850f4bb7d9de17,Balanced_Final_Split/Balanced_Final_Split/train/PowderyMildew/train_170_688.jpg,PowderyMildew,Balanced_Final_Split/Balanced_Final_Split/test/PowderyMildew/test_170_688.jpg,PowderyMildew,false
70a5acd0a759a27bf59164e3baf624c5882c497bf3f08e71c0755c7eedb93a5b,Balanced_Final_Split/Balanced_Final_Split/train/PowderyMildew/train_171_Powdery Mildew_265.jpg,PowderyMildew,Balanced_Final_Split/Balanced_Final_Split/test/PowderyMildew/test_171_Powdery Mildew_265.jpg,PowderyMildew,false
eb30c1e1f8569b29e97f37b5ed2226b5746a49b7350ce2aea1aecd2ac2081c32,Balanced_Final_Split/Balanced_Final_Split/train/PowderyMildew/train_172_Powdery Mildew_259.jpg,PowderyMildew,Balanced_Final_Split/Balanced_Final_Split/test/PowderyMildew/test_172_Powdery Mildew_259.jpg,PowderyMildew,false
f36272aed2e7a0f6e1b3941d13b1996622749c2de4216b2d47f076edaa1c7850,Balanced_Final_Split/Balanced_Final_Split/train/PowderyMildew/train_173_995.jpg,PowderyMildew,Balanced_Final_Split/Balanced_Final_Split/test/PowderyMildew/test_173_995.jpg,PowderyMildew,false
c0efa0653819b56e339560efcc2a58805f3d11f2a14c71d140cf294d3530ac81,Balanced_Final_Split/Balanced_Final_Split/train/PowderyMildew/train_174_Powdery Mildew_28.jpg,PowderyMildew,Balanced_Final_Split/Balanced_Final_Split/test/PowderyMildew/test_174_Powdery Mildew_28.jpg,PowderyMildew,false
621ebe363adfd92f21416a2f4d7816f941a79b0c5c80dff61132235e4a4d4bfc,Balanced_Final_Split/Balanced_Final_Split/train/PowderyMildew/train_175_607.jpg,PowderyMildew,Balanced_Final_Split/Balanced_Final_Split/test/PowderyMildew/test_175_607.jpg,PowderyMildew,false
53587801c82623aaf5cb47ea3c87e15946752d91f2b22e3bf95c4f4b8c0c57dd,Balanced_Final_Split/Balanced_Final_Split/train/PowderyMildew/train_176_Powdery Mildew_162.jpg,PowderyMildew,Balanced_Final_Split/Balanced_Final_Split/test/PowderyMildew/test_176_Powdery Mildew_162.jpg,PowderyMildew,false
7ae437d38fe28492a46c49b657e815c3980ecdc9a0278cd0027ddf75ef7ee9a2,Balanced_Final_Split/Balanced_Final_Split/train/PowderyMildew/train_177_Powdery Mildew_317.jpg,PowderyMildew,Balanced_Final_Split/Balanced_Final_Split/test/PowderyMildew/test_177_Powdery Mildew_317.jpg,PowderyMildew,false
f3e3558394cb9e47ab63b8c0c37fa936e81c7e8496149dbbddff7a303c1bce86,Balanced_Final_Split/Balanced_Final_Split/train/PowderyMildew/train_178_273.jpg,PowderyMildew,Balanced_Final_Split/Balanced_Final_Split/test/PowderyMildew/test_178_273.jpg,PowderyMildew,false
3cbb556622deac1c8295f2266ce9d2ba5760c80b607eb76dc0be8aa244af6641,Balanced_Final_Split/Balanced_Final_Split/train/PowderyMildew/train_179_1047.jpg,PowderyMildew,Balanced_Final_Split/Balanced_Final_Split/test/PowderyMildew/test_179_1047.jpg,PowderyMildew,false
66a89ecb62baa5c06b318d2ac809445290e38eefed13a195fb2cf5b826c26b4a,Balanced_Final_Split/Balanced_Final_Split/train/PowderyMildew/train_17_418.jpg,PowderyMildew,Balanced_Final_Split/Balanced_Final_Split/test/PowderyMildew/test_17_418.jpg,PowderyMildew,false
8e4f6f68f0d3a3da0951af8ef5d0d87787905cf773bc3cded0de7fac117b7064,Balanced_Final_Split/Balanced_Final_Split/train/PowderyMildew/train_180_136.jpg,PowderyMildew,Balanced_Final_Split/Balanced_Final_Split/test/PowderyMildew/test_180_136.jpg,PowderyMildew,false
ccabe91b38d40fc0a31b845fd69643f185718f95a12f2dda2bdfdacc70210b68,Balanced_Final_Split/Balanced_Final_Split/train/PowderyMildew/train_181_Powdery Mildew_316.jpg,PowderyMildew,Balanced_Final_Split/Balanced_Final_Split/test/PowderyMildew/test_181_Powdery Mildew_316.jpg,PowderyMildew,false
719edf27747d43be7fc67fa53967d597e9da04bb91f6cade1873ae39652d1d09,Balanced_Final_Split/Balanced_Final_Split/train/PowderyMildew/train_182_Powdery Mildew_219.jpg,PowderyMildew,Balanced_Final_Split/Balanced_Final_Split/test/PowderyMildew/test_182_Powdery Mildew_219.jpg,PowderyMildew,false
a3484581181975499b5abfbe426eca7f89e3f1cc882ed0d503a4e3b9412bc083,Balanced_Final_Split/Balanced_Final_Split/train/PowderyMildew/train_139_Powdery Mildew_60.jpg,PowderyMildew,Balanced_Final_Split/Balanced_Final_Split/test/PowderyMildew/test_183_Powdery Mildew_60.jpg,PowderyMildew,false
b27aa864374a7cac96bbe9ed198828e7090934f6ef1f2bac32bf897d6b20c27e,Balanced_Final_Split/Balanced_Final_Split/train/PowderyMildew/train_184_1025.jpg,PowderyMildew,Balanced_Final_Split/Balanced_Final_Split/test/PowderyMildew/test_184_1025.jpg,PowderyMildew,false
7335d1f7b12201f0074afc061c01d876e9486b86b81a6b30879b0035a4a52212,Balanced_Final_Split/Balanced_Final_Split/train/PowderyMildew/train_185_85.jpg,PowderyMildew,Balanced_Final_Split/Balanced_Final_Split/test/PowderyMildew/test_185_85.jpg,PowderyMildew,false
aa0dabc67d5f90236fd1ecb1d3770174730efd9cc43501dd1fbf90668c347efc,Balanced_Final_Split/Balanced_Final_Split/train/PowderyMildew/train_186_876.jpg,PowderyMildew,Balanced_Final_Split/Balanced_Final_Split/test/PowderyMildew/test_186_876.jpg,PowderyMildew,false
2442a612645ba8881a5401bc0e5710552d9a157e478c1cd1071b3f40ece7a383,Balanced_Final_Split/Balanced_Final_Split/train/PowderyMildew/train_187_Powdery Mildew_367.JPG,PowderyMildew,Balanced_Final_Split/Balanced_Final_Split/test/PowderyMildew/test_187_Powdery Mildew_367.JPG,PowderyMildew,false
416d7c21a55719d68abbf352b5b2a0f776bfb971dbf78a28e1353cbeccc6fca5,Balanced_Final_Split/Balanced_Final_Split/train/PowderyMildew/train_188_Powdery Mildew_58.jpg,PowderyMildew,Balanced_Final_Split/Balanced_Final_Split/test/PowderyMildew/test_188_Powdery Mildew_58.jpg,PowderyMildew,false
5054e3446244da5c5fad74818dd92a5bfb376784ee021225cfb754c31d30139f,Balanced_Final_Split/Balanced_Final_Split/train/PowderyMildew/train_189_Powdery Mildew_290.jpg,PowderyMildew,Balanced_Final_Split/Balanced_Final_Split/test/PowderyMildew/test_189_Powdery Mildew_290.jpg,PowderyMildew,false
c624da67d7f5358875422916baf33962f31c42762d827e784b1aa0db50e95508,Balanced_Final_Split/Balanced_Final_Split/train/PowderyMildew/train_18_156.jpg,PowderyMildew,Balanced_Final_Split/Balanced_Final_Split/test/PowderyMildew/test_18_156.jpg,PowderyMildew,false
3740b0880c898d4e9a8741d625b3967114f2a4913bb8f59cafb3274bdc264e77,Balanced_Final_Split/Balanced_Final_Split/train/PowderyMildew/train_190_967.jpg,PowderyMildew,Balanced_Final_Split/Balanced_Final_Split/test/PowderyMildew/test_190_967.jpg,PowderyMildew,false
c0efa0653819b56e339560efcc2a58805f3d11f2a14c71d140cf294d3530ac81,Balanced_Final_Split/Balanced_Final_Split/train/PowderyMildew/train_174_Powdery Mildew_28.jpg,PowderyMildew,Balanced_Final_Split/Balanced_Final_Split/test/PowderyMildew/test_191_Powdery Mildew_28.jpg,PowderyMildew,false
f8249f28f105284bccb25e96c3f9fbe93d08eb13962dc3d008b5b1b4bdeb0509,Balanced_Final_Split/Balanced_Final_Split/train/PowderyMildew/train_192_574.jpg,PowderyMildew,Balanced_Final_Split/Balanced_Final_Split/test/PowderyMildew/test_192_574.jpg,PowderyMildew,false
51685bc4cc67440c90a2ee395c0e2fced80398381f350bddd7aa95cac8531e54,Balanced_Final_Split/Balanced_Final_Split/train/PowderyMildew/train_193_437.jpg,PowderyMildew,Balanced_Final_Split/Balanced_Final_Split/test/PowderyMildew/test_193_437.jpg,PowderyMildew,false
282cb5b579080b12f4e20bf9a3008fd9ebb09b0837806a6a6e49cd1299d0a3c6,Balanced_Final_Split/Balanced_Final_Split/train/PowderyMildew/train_194_446.jpg,PowderyMildew,Balanced_Final_Split/Balanced_Final_Split/test/PowderyMildew/test_194_446.jpg,PowderyMildew,false
ee07383e12be620e60758f2d5f598cdfeae21da5d4fb7dca5d1bb4c459b4e5fb,Balanced_Final_Split/Balanced_Final_Split/train/PowderyMildew/train_195_Powdery Mildew_232.jpg,PowderyMildew,Balanced_Final_Split/Balanced_Final_Split/test/PowderyMildew/test_195_Powdery Mildew_232.jpg,PowderyMildew,false
d13b49e7d11bc05eada8e3fd584e4127a055752c6bed8a7a63a85566b032848e,Balanced_Final_Split/Balanced_Final_Split/train/PowderyMildew/train_196_Powdery Mildew_122.jpg,PowderyMildew,Balanced_Final_Split/Balanced_Final_Split/test/PowderyMildew/test_196_Powdery Mildew_122.jpg,PowderyMildew,false
2a34df3f1bc4e45cc975fac839583f2b9d3d6e2be91b529b525c3e2079fe4a3c,Balanced_Final_Split/Balanced_Final_Split/train/PowderyMildew/train_197_651.jpg,PowderyMildew,Balanced_Final_Split/Balanced_Final_Split/test/PowderyMildew/test_197_651.jpg,PowderyMildew,false
580773481cfe7d87446784321b53376265172d7b70c5a683a26d2e0567939100,Balanced_Final_Split/Balanced_Final_Split/train/PowderyMildew/train_198_1192.jpg,PowderyMildew,Balanced_Final_Split/Balanced_Final_Split/test/PowderyMildew/test_198_1192.jpg,PowderyMildew,false
e904c4396cd629cb3b27a10ca104c06d7617ceba83e9b3bc1dee7928d37fe314,Balanced_Final_Split/Balanced_Final_Split/train/PowderyMildew/train_199_112.jpg,PowderyMildew,Balanced_Final_Split/Balanced_Final_Split/test/PowderyMildew/test_199_112.jpg,PowderyMildew,false
bc66cb713204b564d4fe62deaa9456775abe88608cd17e0d0433845a49d39f04,Balanced_Final_Split/Balanced_Final_Split/train/PowderyMildew/train_19_724.jpg,PowderyMildew,Balanced_Final_Split/Balanced_Final_Split/test/PowderyMildew/test_19_724.jpg,PowderyMildew,false
92d0f4b611bd5bda872f4c1cefd754b80d648c1383142b8e785ddc8837f83913,Balanced_Final_Split/Balanced_Final_Split/train/PowderyMildew/train_1_Powdery Mildew_88.jpg,PowderyMildew,Balanced_Final_Split/Balanced_Final_Split/test/PowderyMildew/test_1_Powdery Mildew_88.jpg,PowderyMildew,false
ce9d6f9aa0379043d4283b7534b91e7f30a6f133d40fb6365937e07ce55d29e0,Balanced_Final_Split/Balanced_Final_Split/train/PowderyMildew/train_200_Powdery Mildew_338.jpg,PowderyMildew,Balanced_Final_Split/Balanced_Final_Split/test/PowderyMildew/test_200_Powdery Mildew_338.jpg,PowderyMildew,false
876a8b101afa7da4449f73d28d6817377fee6019edf55ba4cbab9a7e4ad69488,Balanced_Final_Split/Balanced_Final_Split/train/PowderyMildew/train_201_776.jpg,PowderyMildew,Balanced_Final_Split/Balanced_Final_Split/test/PowderyMildew/test_201_776.jpg,PowderyMildew,false
56a325f74bec076450e980703a6ed3a2d46a7c7edd95db89b447770763d06d5c,Balanced_Final_Split/Balanced_Final_Split/train/PowderyMildew/train_202_731.jpg,PowderyMildew,Balanced_Final_Split/Balanced_Final_Split/test/PowderyMildew/test_202_731.jpg,PowderyMildew,false
c5e2e62af498507abad1de919213caf4a1720379c543c2dcc7620515cf23176a,Balanced_Final_Split/Balanced_Final_Split/train/PowderyMildew/train_203_214.jpg,PowderyMildew,Balanced_Final_Split/Balanced_Final_Split/test/PowderyMildew/test_203_214.jpg,PowderyMildew,false
7e1b300561ea78966bf6d6ca84df4becc53b672b1a910291b1fef98403ed8ebe,Balanced_Final_Split/Balanced_Final_Split/train/PowderyMildew/train_204_138.jpg,PowderyMildew,Balanced_Final_Split/Balanced_Final_Split/test/PowderyMildew/test_204_138.jpg,PowderyMildew,false
23a2231b05b55a312444724137b2dd24d161510cec47655c81c8508666ae3506,Balanced_Final_Split/Balanced_Final_Split/train/PowderyMildew/train_205_Powdery Mildew_246.jpg,PowderyMildew,Balanced_Final_Split/Balanced_Final_Split/test/PowderyMildew/test_205_Powdery Mildew_246.jpg,PowderyMildew,false
23c25b4049d429f934d7ebda9bb74d96c8766027815894354f82e05b807ba3b8,Balanced_Final_Split/Balanced_Final_Split/train/PowderyMildew/train_206_163.jpg,PowderyMildew,Balanced_Final_Split/Balanced_Final_Split/test/PowderyMildew/test_206_163.jpg,PowderyMildew,false
093daabf825b4132147cd783ca601e435697e62fd4cb6f99cd6b28be5d83cfa2,Balanced_Final_Split/Balanced_Final_Split/train/PowderyMildew/train_207_Powdery Mildew_82.jpg,PowderyMildew,Balanced_Final_Split/Balanced_Final_Split/test/PowderyMildew/test_207_Powdery Mildew_82.jpg,PowderyMildew,false
e3d11bf72bda29c74da5207939e3f30e8d3d74b0a1d803bdb67857263dca5542,Balanced_Final_Split/Balanced_Final_Split/train/PowderyMildew/train_208_870.jpg,PowderyMildew,Balanced_Final_Split/Balanced_Final_Split/test/PowderyMildew/test_208_870.jpg,PowderyMildew,false
097a55d6afc26533a7159acce8a5a92a83883f7a575cd5fae778ea4b126c1f18,Balanced_Final_Split/Balanced_Final_Split/train/PowderyMildew/train_209_674.jpg,PowderyMildew,Balanced_Final_Split/Balanced_Final_Split/test/PowderyMildew/test_209_674.jpg,PowderyMildew,false
bd701a9d77553c73a29f15cf06fc33cfee5f59bc36f814d76a485cdda71f139c,Balanced_Final_Split/Balanced_Final_Split/train/PowderyMildew/train_20_Powdery Mildew_15.jpg,PowderyMildew,Balanced_Final_Split/Balanced_Final_Split/test/PowderyMildew/test_20_Powdery Mildew_15.jpg,PowderyMildew,false
483f69c855cf27d381b422c92a0c012fd6973890eef8a435d51a4b3a8665faea,Balanced_Final_Split/Balanced_Final_Split/train/PowderyMildew/train_210_349.jpg,PowderyMildew,Balanced_Final_Split/Balanced_Final_Split/test/PowderyMildew/test_210_349.jpg,PowderyMildew,false
048e1cc1db732f5cd24e597cd940f0f20278705dae20faddc9f88fe1354861b3,Balanced_Final_Split/Balanced_Final_Split/train/PowderyMildew/train_211_Powdery Mildew_174.jpg,PowderyMildew,Balanced_Final_Split/Balanced_Final_Split/test/PowderyMildew/test_211_Powdery Mildew_174.jpg,PowderyMildew,false
cac7a2e39f9defdbaf503352f01e9a5611152ca90d375aead185bd3803369aa1,Balanced_Final_Split/Balanced_Final_Split/train/PowderyMildew/train_212_Powdery Mildew_396.JPG,PowderyMildew,Balanced_Final_Split/Balanced_Final_Split/test/PowderyMildew/test_212_Powdery Mildew_396.JPG,PowderyMildew,false
973d099ffeb9b256d9504c208960c108facd0f3af8c692bcffc78c88a182b4ed,Balanced_Final_Split/Balanced_Final_Split/train/PowderyMildew/train_213_109.jpg,PowderyMildew,Balanced_Final_Split/Balanced_Final_Split/test/PowderyMildew/test_213_109.jpg,PowderyMildew,false
412936651b6299b1ce06353c1c9c8c2ad7a690b832c2b8911729bb121e8fd505,Balanced_Final_Split/Balanced_Final_Split/train/PowderyMildew/train_214_290.jpg,PowderyMildew,Balanced_Final_Split/Balanced_Final_Split/test/PowderyMildew/test_214_290.jpg,PowderyMildew,false
b326cb6cc3c119cf0e39fbc30a9a6b55b5352310086d4386c0a8fc9d3ef5e7c9,Balanced_Final_Split/Balanced_Final_Split/train/PowderyMildew/train_215_252.jpg,PowderyMildew,Balanced_Final_Split/Balanced_Final_Split/test/PowderyMildew/test_215_252.jpg,PowderyMildew,false
0c9e9e0d458bd721e7a0b901ec4b68338c5e4540ca45a7929ce48fac5df155c6,Balanced_Final_Split/Balanced_Final_Split/train/PowderyMildew/train_216_197.jpg,PowderyMildew,Balanced_Final_Split/Balanced_Final_Split/test/PowderyMildew/test_216_197.jpg,PowderyMildew,false
ab0ed9e99f20ee7432e5f213e0986c6635a0ca0800d3a8ebb41cc1841ccb7c07,Balanced_Final_Split/Balanced_Final_Split/train/PowderyMildew/train_217_Powdery Mildew_279.jpg,PowderyMildew,Balanced_Final_Split/Balanced_Final_Split/test/PowderyMildew/test_217_Powdery Mildew_279.jpg,PowderyMildew,false
aa0b39735ef6a64d071cbce405c9c5c44789027b79b73a656d48d7ae6a77e158,Balanced_Final_Split/Balanced_Final_Split/train/PowderyMildew/train_218_Powdery Mildew_264.jpg,PowderyMildew,Balanced_Final_Split/Balanced_Final_Split/test/PowderyMildew/test_218_Powdery Mildew_264.jpg,PowderyMildew,false
10b3128abe3b24c0277e7af23c00825e880f469456ab2845202882857c8756af,Balanced_Final_Split/Balanced_Final_Split/train/PowderyMildew/train_219_1013.jpg,PowderyMildew,Balanced_Final_Split/Balanced_Final_Split/test/PowderyMildew/test_219_1013.jpg,PowderyMildew,false
c692661c4bfa5e3279aede940438f8f5ec7b7dd9e5beb5a8c2643a97d686dffc,Balanced_Final_Split/Balanced_Final_Split/train/PowderyMildew/train_21_295.jpg,PowderyMildew,Balanced_Final_Split/Balanced_Final_Split/test/PowderyMildew/test_21_295.jpg,PowderyMildew,false
3c019fd076fe7afbbfd181cf4d38ad636066b342b1e97d2e14abe6addf16b1aa,Balanced_Final_Split/Balanced_Final_Split/train/PowderyMildew/train_220_Powdery Mildew_12.jpg,PowderyMildew,Balanced_Final_Split/Balanced_Final_Split/test/PowderyMildew/test_220_Powdery Mildew_12.jpg,PowderyMildew,false
2442a612645ba8881a5401bc0e5710552d9a157e478c1cd1071b3f40ece7a383,Balanced_Final_Split/Balanced_Final_Split/train/PowderyMildew/train_187_Powdery Mildew_367.JPG,PowderyMildew,Balanced_Final_Split/Balanced_Final_Split/test/PowderyMildew/test_221_Powdery Mildew_387.JPG,PowderyMildew,false
7065bcd98f44c2d85b1fac92ee9cabefc0444b4d2840e70a23a8b4aabcb31e90,Balanced_Final_Split/Balanced_Final_Split/train/PowderyMildew/train_222_Powdery Mildew_185.jpg,PowderyMildew,Balanced_Final_Split/Balanced_Final_Split/test/PowderyMildew/test_222_Powdery Mildew_185.jpg,PowderyMildew,false
2222cb6ad5c83fd478168ead4ad218d6e13662f5d84b868c98aec30b9582b877,Balanced_Final_Split/Balanced_Final_Split/train/PowderyMildew/train_223_1179.jpg,PowderyMildew,Balanced_Final_Split/Balanced_Final_Split/test/PowderyMildew/test_223_1179.jpg,PowderyMildew,false
0666f9471776849798642fe8ec50fda5c4c65a325fd0f5300fccc1df1c3dc6fd,Balanced_Final_Split/Balanced_Final_Split/train/PowderyMildew/train_224_144.jpg,PowderyMildew,Balanced_Final_Split/Balanced_Final_Split/test/PowderyMildew/test_224_144.jpg,PowderyMildew,false
0e67b633cb215d83e152f9c0af1c9724d9e1678fe0bb7ca0eb55df1b4dcdb5e3,Balanced_Final_Split/Balanced_Final_Split/train/PowderyMildew/train_225_218.jpg,PowderyMildew,Balanced_Final_Split/Balanced_Final_Split/test/PowderyMildew/test_225_218.jpg,PowderyMildew,false
7dee4684188295fd45c1bd20e7bf50e84a56e5615dedd56ef9d41c9e88fd573f,Balanced_Final_Split/Balanced_Final_Split/train/PowderyMildew/train_226_Powdery Mildew_141.jpg,PowderyMildew,Balanced_Final_Split/Balanced_Final_Split/test/PowderyMildew/test_226_Powdery Mildew_141.jpg,PowderyMildew,false
24d2c438a2fbb29e46682716b2670d70d4b26e08976c44fccfa79814a5c24ffc,Balanced_Final_Split/Balanced_Final_Split/train/PowderyMildew/train_227_1030.jpg,PowderyMildew,Balanced_Final_Split/Balanced_Final_Split/test/PowderyMildew/test_227_1030.jpg,PowderyMildew,false
1a05dde362d3830467cf17141690bb7bb1e0fcc01e0ca044ecefccc8f69da581,Balanced_Final_Split/Balanced_Final_Split/train/PowderyMildew/train_228_809.jpg,PowderyMildew,Balanced_Final_Split/Balanced_Final_Split/test/PowderyMildew/test_228_809.jpg,PowderyMildew,false
196e28fa09635043826fe69b556972ecce7264a33431f5eda1c5dce82f50299f,Balanced_Final_Split/Balanced_Final_Split/train/PowderyMildew/train_229_45.jpg,PowderyMildew,Balanced_Final_Split/Balanced_Final_Split/test/PowderyMildew/test_229_45.jpg,PowderyMildew,false
016c535ebc4e06417da992f54c7b6cf905237138ebcce37f267a481eb53ec519,Balanced_Final_Split/Balanced_Final_Split/train/PowderyMildew/train_22_Powdery Mildew_30.jpg,PowderyMildew,Balanced_Final_Split/Balanced_Final_Split/test/PowderyMildew/test_22_Powdery Mildew_30.jpg,PowderyMildew,false
a319baaf867d57f56a9dfff4e08f08a34d31729f54486c61180b673e709e1996,Balanced_Final_Split/Balanced_Final_Split/train/PowderyMildew/train_230_Powdery Mildew_75.jpg,PowderyMildew,Balanced_Final_Split/Balanced_Final_Split/test/PowderyMildew/test_230_Powdery Mildew_75.jpg,PowderyMildew,false
84be4f5b211ebc797869145d120797d6b00e5218879503fa15b9cee5dd68d3e1,Balanced_Final_Split/Balanced_Final_Split/train/PowderyMildew/train_231_20.jpg,PowderyMildew,Balanced_Final_Split/Balanced_Final_Split/test/PowderyMildew/test_231_20.jpg,PowderyMildew,false
f20e4002194280f17fe9d9d75a69a534c9e31a067c1378e43ff241d5a21acbc4,Balanced_Final_Split/Balanced_Final_Split/train/PowderyMildew/train_232_922.jpg,PowderyMildew,Balanced_Final_Split/Balanced_Final_Split/test/PowderyMildew/test_232_922.jpg,PowderyMildew,false
7250139046ca0bbf6d266de351b14d01003c31d847c9812c0feef1cd8fecd294,Balanced_Final_Split/Balanced_Final_Split/train/PowderyMildew/train_233_249.jpg,PowderyMildew,Balanced_Final_Split/Balanced_Final_Split/test/PowderyMildew/test_233_249.jpg,PowderyMildew,false
157cc9a7428bec743e9e8c8f0ab751653ad837d3746f8636b6e52f72e001c85c,Balanced_Final_Split/Balanced_Final_Split/train/PowderyMildew/train_234_340.jpg,PowderyMildew,Balanced_Final_Split/Balanced_Final_Split/test/PowderyMildew/test_234_340.jpg,PowderyMildew,false
fb6e1a2ed6ae49ea8d48d5f05e7c9d2854b0532a16525e42dca21c580ea44af4,Balanced_Final_Split/Balanced_Final_Split/train/PowderyMildew/train_235_180.jpg,PowderyMildew,Balanced_Final_Split/Balanced_Final_Split/test/PowderyMildew/test_235_180.jpg,PowderyMildew,false
e40ffc252b533c390b49e29c642d3c88337a9aeca987ef3cfa141eeec1c572e4,Balanced_Final_Split/Balanced_Final_Split/train/PowderyMildew/train_236_981.jpg,PowderyMildew,Balanced_Final_Split/Balanced_Final_Split/test/PowderyMildew/test_236_981.jpg,PowderyMildew,false
486d874acf26acbcf76d3dfb371f049b68f8eedd94f386cc1041d938533efaaa,Balanced_Final_Split/Balanced_Final_Split/train/PowderyMildew/train_237_Powdery Mildew_255.jpg,PowderyMildew,Balanced_Final_Split/Balanced_Final_Split/test/PowderyMildew/test_237_Powdery Mildew_255.jpg,PowderyMildew,false
d630b7b94cd7bf11a748e577e1d69bc5d8f09709cd6bf5e90d4020d02129b5ef,Balanced_Final_Split/Balanced_Final_Split/train/PowderyMildew/train_238_26.jpg,PowderyMildew,Balanced_Final_Split/Balanced_Final_Split/test/PowderyMildew/test_238_26.jpg,PowderyMildew,false
6a3e210bd44b69acaf19a1047d5550e7263e1470c7e61953d5a88939852ae8f3,Balanced_Final_Split/Balanced_Final_Split/train/PowderyMildew/train_239_Powdery Mildew_114.jpg,PowderyMildew,Balanced_Final_Split/Balanced_Final_Split/test/PowderyMildew/test_239_Powdery Mildew_114.jpg,PowderyMildew,false
860f36b8a69272e4682c15cfb9d194e54f6d934f9448e3dbc299c6b205b8d206,Balanced_Final_Split/Balanced_Final_Split/train/PowderyMildew/train_23_447.jpg,PowderyMildew,Balanced_Final_Split/Balanced_Final_Split/test/PowderyMildew/test_23_447.jpg,PowderyMildew,false
8fdc6aebdc37c66cdc33d2449c6e388ca387b4ed36e1c927dd31c83474c62b1c,Balanced_Final_Split/Balanced_Final_Split/train/PowderyMildew/train_240_99.jpg,PowderyMildew,Balanced_Final_Split/Balanced_Final_Split/test/PowderyMildew/test_240_99.jpg,PowderyMildew,false
2b9accf718ecd4ce332f9fe7c41842bae2a6a87b987d71ca3c743f3858be19be,Balanced_Final_Split/Balanced_Final_Split/train/PowderyMildew/train_241_34.jpg,PowderyMildew,Balanced_Final_Split/Balanced_Final_Split/test/PowderyMildew/test_241_34.jpg,PowderyMildew,false
822bcf13643427dc375e6eaf89766633cc61d859fc7953cc9931eaa21c2e0962,Balanced_Final_Split/Balanced_Final_Split/train/PowderyMildew/train_242_260.jpg,PowderyMildew,Balanced_Final_Split/Balanced_Final_Split/test/PowderyMildew/test_242_260.jpg,PowderyMildew,false
42a3f3ab8a8d614bc60cdbce6ca186ca4b931eeb09ad0878de83290520c636b5,Balanced_Final_Split/Balanced_Final_Split/train/PowderyMildew/train_243_Powdery Mildew_148.jpg,PowderyMildew,Balanced_Final_Split/Balanced_Final_Split/test/PowderyMildew/test_243_Powdery Mildew_148.jpg,PowderyMildew,false
099d43bda40130f3949b949adba12a72652d433b81c66d9175603e3c0263f5ba,Balanced_Final_Split/Balanced_Final_Split/train/PowderyMildew/train_244_114.jpg,PowderyMildew,Balanced_Final_Split/Balanced_Final_Split/test/PowderyMildew/test_244_114.jpg,PowderyMildew,false
549fbf3b0cdf96ece9f745a5346468fe4cd99ac33cebe708357f8b987ec80087,Balanced_Final_Split/Balanced_Final_Split/train/PowderyMildew/train_245_Powdery Mildew_116.jpg,PowderyMildew,Balanced_Final_Split/Balanced_Final_Split/test/PowderyMildew/test_245_Powdery Mildew_116.jpg,PowderyMildew,false
c5b18c8c0d38565bd08f2252f02a23a1655c3b4593bebbaa1db8de0b322c34f3,Balanced_Final_Split/Balanced_Final_Split/train/PowderyMildew/train_246_877.jpg,PowderyMildew,Balanced_Final_Split/Balanced_Final_Split/test/PowderyMildew/test_246_877.jpg,PowderyMildew,false
3e4a11711e9c7db68c7baef9edbe7d60f569c995549fe9f868df1c9d35743f61,Balanced_Final_Split/Balanced_Final_Split/train/PowderyMildew/train_247_772.jpg,PowderyMildew,Balanced_Final_Split/Balanced_Final_Split/test/PowderyMildew/test_247_772.jpg,PowderyMildew,false
757f30b86c2e57c34d87bff5157d1665ce499775a4edb714231c7ba0e3a4907a,Balanced_Final_Split/Balanced_Final_Split/train/PowderyMildew/train_248_331.jpg,PowderyMildew,Balanced_Final_Split/Balanced_Final_Split/test/PowderyMildew/test_248_331.jpg,PowderyMildew,false
13b361cbc9ba686f8ca929c2067bf9ac3076df6120f791f2ab7589aeedceec12,Balanced_Final_Split/Balanced_Final_Split/train/PowderyMildew/train_249_Powdery Mildew_379.JPG,PowderyMildew,Balanced_Final_Split/Balanced_Final_Split/test/PowderyMildew/test_249_Powdery Mildew_379.JPG,PowderyMildew,false
5c76a933d4173a0097ada98afaa8369d87bf2ee7314fa3457efe4e885d4e5136,Balanced_Final_Split/Balanced_Final_Split/train/PowderyMildew/train_24_1142.jpg,PowderyMildew,Balanced_Final_Split/Balanced_Final_Split/test/PowderyMildew/test_24_1142.jpg,PowderyMildew,false
ad13e6627f6bc156a98becea0a7fcc6f9bd2c00f0bd09ee84f33e0cd4ecf133a,Balanced_Final_Split/Balanced_Final_Split/train/PowderyMildew/train_25_5.jpg,PowderyMildew,Balanced_Final_Split/Balanced_Final_Split/test/PowderyMildew/test_25_5.jpg,PowderyMildew,false
8faa61bb22aba3d586e2361ea68bca4f2785c13c49602ecae4fe1f90625f4a88,Balanced_Final_Split/Balanced_Final_Split/train/PowderyMildew/train_26_291.jpg,PowderyMildew,Balanced_Final_Split/Balanced_Final_Split/test/PowderyMildew/test_26_291.jpg,PowderyMildew,false
d2a9a549535291c2dff3453e79c55bb2a6e51f6cfbb128dd90be19a9312baef2,Balanced_Final_Split/Balanced_Final_Split/train/PowderyMildew/train_27_171.jpg,PowderyMildew,Balanced_Final_Split/Balanced_Final_Split/test/PowderyMildew/test_27_171.jpg,PowderyMildew,false
0f8ad505e2536f1753f188ce2eddec318b4ecfe3b9c8001a5b68b5f81a18a5bf,Balanced_Final_Split/Balanced_Final_Split/train/PowderyMildew/train_28_555.jpg,PowderyMildew,Balanced_Final_Split/Balanced_Final_Split/test/PowderyMildew/test_28_555.jpg,PowderyMildew,false
5990d23f6b9c095315ed1bd40fe1f0f5ea9fccc5e1e6091382562565f858f49d,Balanced_Final_Split/Balanced_Final_Split/train/PowderyMildew/train_29_10.jpg,PowderyMildew,Balanced_Final_Split/Balanced_Final_Split/test/PowderyMildew/test_29_10.jpg,PowderyMildew,false
f0010b4c279f73aeb1248848731897a39b9b809e7e4f9ea6496a7a1374b363ed,Balanced_Final_Split/Balanced_Final_Split/train/PowderyMildew/train_2_137.jpg,PowderyMildew,Balanced_Final_Split/Balanced_Final_Split/test/PowderyMildew/test_2_137.jpg,PowderyMildew,false
60df49836efce8c6beca9c05661ce2062702ce586b8f40a78604d2786ed48ecd,Balanced_Final_Split/Balanced_Final_Split/train/PowderyMildew/train_30_285.jpg,PowderyMildew,Balanced_Final_Split/Balanced_Final_Split/test/PowderyMildew/test_30_285.jpg,PowderyMildew,false
5c100fad66bcb8f379b8e4cbe04d626d3665fa2e50ee4287073011f3bfbd9291,Balanced_Final_Split/Balanced_Final_Split/train/PowderyMildew/train_31_1042.jpg,PowderyMildew,Balanced_Final_Split/Balanced_Final_Split/test/PowderyMildew/test_31_1042.jpg,PowderyMildew,false
ce166bf8be153cd738e85914bb43bb6497427a29a37a6def9dc838b2c0277037,Balanced_Final_Split/Balanced_Final_Split/train/PowderyMildew/train_32_1163.jpg,PowderyMildew,Balanced_Final_Split/Balanced_Final_Split/test/PowderyMildew/test_32_1163.jpg,PowderyMildew,false
40bad85e26d8f7a01d77cd7cca2be59a519f78e2eb8d575d62b5a573272c7b20,Balanced_Final_Split/Balanced_Final_Split/train/PowderyMildew/train_33_Powdery Mildew_131.jpg,PowderyMildew,Balanced_Final_Split/Balanced_Final_Split/test/PowderyMildew/test_33_Powdery Mildew_131.jpg,PowderyMildew,false
91c01411090fb87ee8e5632bc724edbfc4dd5e28b675476ec5e592b2157420f1,Balanced_Final_Split/Balanced_Final_Split/train/PowderyMildew/train_34_221.jpg,PowderyMildew,Balanced_Final_Split/Balanced_Final_Split/test/PowderyMildew/test_34_221.jpg,PowderyMildew,false
144e2668702c63693abc5ec80149da89ca4d4986fc3a3dfbe480a96519bb1c59,Balanced_Final_Split/Balanced_Final_Split/train/PowderyMildew/train_35_Powdery Mildew_324.jpg,PowderyMildew,Balanced_Final_Split/Balanced_Final_Split/test/PowderyMildew/test_35_Powdery Mildew_324.jpg,PowderyMildew,false
eedbb8cef701d0b38e14320d74d51b08efed54608cbfae15d1afe1809b147005,Balanced_Final_Split/Balanced_Final_Split/train/PowderyMildew/train_36_978.jpg,PowderyMildew,Balanced_Final_Split/Balanced_Final_Split/test/PowderyMildew/test_36_978.jpg,PowderyMildew,false
419be9f982ca6af76baf53b705cffba556d61f8f94cddb287ba5850bd2df48ed,Balanced_Final_Split/Balanced_Final_Split/train/PowderyMildew/train_37_133.jpg,PowderyMildew,Balanced_Final_Split/Balanced_Final_Split/test/PowderyMildew/test_37_133.jpg,PowderyMildew,false
86dbe650a84fea0cf6873989971a258478d65df055afe228221a385497074c87,Balanced_Final_Split/Balanced_Final_Split/train/PowderyMildew/train_38_910.jpg,PowderyMildew,Balanced_Final_Split/Balanced_Final_Split/test/PowderyMildew/test_38_910.jpg,PowderyMildew,false
3b71f495fc15faa8d4425965932afaa2832f2da35b63a34e521e2757e2632453,Balanced_Final_Split/Balanced_Final_Split/train/PowderyMildew/train_39_427.jpg,PowderyMildew,Balanced_Final_Split/Balanced_Final_Split/test/PowderyMildew/test_39_427.jpg,PowderyMildew,false
27b19701fc2aa50fe02b7cef23fdc7596c681427cb4a93e90a376343c11182a7,Balanced_Final_Split/Balanced_Final_Split/train/PowderyMildew/train_3_Powdery Mildew_405.JPG,PowderyMildew,Balanced_Final_Split/Balanced_Final_Split/test/PowderyMildew/test_3_Powdery Mildew_405.JPG,PowderyMildew,false
583109c869d22f61316919d21c2364e725d99c47e0a9d4b292175d8076e10d2a,Balanced_Final_Split/Balanced_Final_Split/train/PowderyMildew/train_40_Powdery Mildew_100.jpg,PowderyMildew,Balanced_Final_Split/Balanced_Final_Split/test/PowderyMildew/test_40_Powdery Mildew_100.jpg,PowderyMildew,false
4bb328e41aceddd6be05c3fb8a92193f2aa188ca563821a236bb0037e345c102,Balanced_Final_Split/Balanced_Final_Split/train/PowderyMildew/train_41_111.jpg,PowderyMildew,Balanced_Final_Split/Balanced_Final_Split/test/PowderyMildew/test_41_111.jpg,PowderyMildew,false
b7f81d0acb59325a4598489a7a950f9d58dd90e13a958bab0869a0611c1109b4,Balanced_Final_Split/Balanced_Final_Split/train/PowderyMildew/train_42_271.jpg,PowderyMildew,Balanced_Final_Split/Balanced_Final_Split/test/PowderyMildew/test_42_271.jpg,PowderyMildew,false
c6e794a4d7f84a700be749baf7ee65dfee81c7cd0dee79e4f7dc1f6e82653327,Balanced_Final_Split/Balanced_Final_Split/train/PowderyMildew/train_43_1189.jpg,PowderyMildew,Balanced_Final_Split/Balanced_Final_Split/test/PowderyMildew/test_43_1189.jpg,PowderyMildew,false
1105ae7a22cae99af73ecfd1916105d419977e287f8e6c4fd37ef9d1d507f559,Balanced_Final_Split/Balanced_Final_Split/train/PowderyMildew/train_44_Powdery Mildew_186.jpg,PowderyMildew,Balanced_Final_Split/Balanced_Final_Split/test/PowderyMildew/test_44_Powdery Mildew_186.jpg,PowderyMildew,false
d8a0317d40b058f3f2e3c613dc1f2f7dfe13d31e0d757b3f8d529ce0f2eeb4ae,Balanced_Final_Split/Balanced_Final_Split/train/PowderyMildew/train_45_Powdery Mildew_381.JPG,PowderyMildew,Balanced_Final_Split/Balanced_Final_Split/test/PowderyMildew/test_45_Powdery Mildew_381.JPG,PowderyMildew,false
318477f412bb76174ccd08750eaeadf40df15850c6794c53bda76ed0f54d1dba,Balanced_Final_Split/Balanced_Final_Split/train/PowderyMildew/train_46_Powdery Mildew_23.jpg,PowderyMildew,Balanced_Final_Split/Balanced_Final_Split/test/PowderyMildew/test_46_Powdery Mildew_23.jpg,PowderyMildew,false
1ce642bd11d05ebb5bbd41d02a1394e40bc066be4f31998becaeb9a33d8e7a50,Balanced_Final_Split/Balanced_Final_Split/train/PowderyMildew/train_47_1039.jpg,PowderyMildew,Balanced_Final_Split/Balanced_Final_Split/test/PowderyMildew/test_47_1039.jpg,PowderyMildew,false
0575c55b8d7b05417e9e3797081654f477d18c35c83924ca28e55a718fd9345e,Balanced_Final_Split/Balanced_Final_Split/train/PowderyMildew/train_48_1095.jpg,PowderyMildew,Balanced_Final_Split/Balanced_Final_Split/test/PowderyMildew/test_48_1095.jpg,PowderyMildew,false
ac583b30bc5a8294ad88eb96bb0fe82b3eedcb776d36c28d4df8f107a3ee1307,Balanced_Final_Split/Balanced_Final_Split/train/PowderyMildew/train_49_59.jpg,PowderyMildew,Balanced_Final_Split/Balanced_Final_Split/test/PowderyMildew/test_49_59.jpg,PowderyMildew,false
58bef6ee63ffcd31269f280775c6385a48b501336cc52f9de023c5c884409fc2,Balanced_Final_Split/Balanced_Final_Split/train/PowderyMildew/train_4_919.jpg,PowderyMildew,Balanced_Final_Split/Balanced_Final_Split/test/PowderyMildew/test_4_919.jpg,PowderyMildew,false
137a159e1339710b929292be6bf9b4121627ba210ac3ad430a8eadc45972bf37,Balanced_Final_Split/Balanced_Final_Split/train/PowderyMildew/train_50_149.jpg,PowderyMildew,Balanced_Final_Split/Balanced_Final_Split/test/PowderyMildew/test_50_149.jpg,PowderyMildew,false
ccffe240f1da1f33e59a261031ae735bbbd09d43c001376beb01e99fc6753115,Balanced_Final_Split/Balanced_Final_Split/train/PowderyMildew/train_51_623.jpg,PowderyMildew,Balanced_Final_Split/Balanced_Final_Split/test/PowderyMildew/test_51_623.jpg,PowderyMildew,false
67dfcc495527ca7a374abee319b36022b38555b6f3988629f0a10be9b521b7c0,Balanced_Final_Split/Balanced_Final_Split/train/PowderyMildew/train_52_499.jpg,PowderyMildew,Balanced_Final_Split/Balanced_Final_Split/test/PowderyMildew/test_52_499.jpg,PowderyMildew,false
df6fe9fbbe24f2145b23ee6043c424a45e21695881952c76bb13468097b52024,Balanced_Final_Split/Balanced_Final_Split/train/PowderyMildew/train_53_699.jpg,PowderyMildew,Balanced_Final_Split/Balanced_Final_Split/test/PowderyMildew/test_53_699.jpg,PowderyMildew,false
4bca3a29eb46e4e86bbb34c2334ac2f6f2ddf660659b0cebc39fa91283a213c2,Balanced_Final_Split/Balanced_Final_Split/train/PowderyMildew/train_54_Powdery Mildew_306.jpg,PowderyMildew,Balanced_Final_Split/Balanced_Final_Split/test/PowderyMildew/test_54_Powdery Mildew_306.jpg,PowderyMildew,false
b0718a6ed9a64cc29db3f51d7c3cfecfda0c4b7ed4ac310be9c0663cd51d4e17,Balanced_Final_Split/Balanced_Final_Split/train/PowderyMildew/train_55_758.jpg,PowderyMildew,Balanced_Final_Split/Balanced_Final_Split/test/PowderyMildew/test_55_758.jpg,PowderyMildew,false
a67dfde13e0e219d851efe2e9c6cd58f0ab41a61423a3a33504503de3f13a074,Balanced_Final_Split/Balanced_Final_Split/train/PowderyMildew/train_56_Powdery Mildew_190.jpg,PowderyMildew,Balanced_Final_Split/Balanced_Final_Split/test/PowderyMildew/test_56_Powdery Mildew_190.jpg,PowderyMildew,false
2d3c41753b0b3f0059982cb33c33f671566a8f13f10f338726f5b7df01d23c6e,Balanced_Final_Split/Balanced_Final_Split/train/PowderyMildew/train_57_Powdery Mildew_117.jpg,PowderyMildew,Balanced_Final_Split/Balanced_Final_Split/test/PowderyMildew/test_57_Powdery Mildew_117.jpg,PowderyMildew,false
c1892b2ab6aa4e5d4da794cd115fca9763ffc7e5aa43e8da3e00d8ecb5c4a111,Balanced_Final_Split/Balanced_Final_Split/train/PowderyMildew/train_493_Powdery Mildew_64.jpg,PowderyMildew,Balanced_Final_Split/Balanced_Final_Split/test/PowderyMildew/test_58_Powdery Mildew_64.jpg,PowderyMildew,false
ed1f4e0120becad9b5818bca3d0be39be489feea1b1c0b0f9786807c06da0966,Balanced_Final_Split/Balanced_Final_Split/train/PowderyMildew/train_59_965.jpg,PowderyMildew,Balanced_Final_Split/Balanced_Final_Split/test/PowderyMildew/test_59_965.jpg,PowderyMildew,false
6fa1fcc7261fcb3ae6e061eaaa67e5216032d7ad826522bfa8e534909e2c3165,Balanced_Final_Split/Balanced_Final_Split/train/PowderyMildew/train_5_1080.jpg,PowderyMildew,Balanced_Final_Split/Balanced_Final_Split/test/PowderyMildew/test_5_1080.jpg,PowderyMildew,false
3d16495452347e3507089c04f96a4ffe505889b751cf7dc6df773cc81ea3ee89,Balanced_Final_Split/Balanced_Final_Split/train/PowderyMildew/train_60_1001.jpg,PowderyMildew,Balanced_Final_Split/Balanced_Final_Split/test/PowderyMildew/test_60_1001.jpg,PowderyMildew,false
d729fe64bb75a2d1f400c110a3697bcf0933e6c2c3b5b19e0fff420c1d546e90,Balanced_Final_Split/Balanced_Final_Split/train/PowderyMildew/train_61_Powdery Mildew_6.png,PowderyMildew,Balanced_Final_Split/Balanced_Final_Split/test/PowderyMildew/test_61_Powdery Mildew_6.png,PowderyMildew,false
1502f16e2c96c2134678d1f654fef2355e2853800bf1cbc1b04e71aa1613b666,Balanced_Final_Split/Balanced_Final_Split/train/PowderyMildew/train_62_Powdery Mildew_220.jpg,PowderyMildew,Balanced_Final_Split/Balanced_Final_Split/test/PowderyMildew/test_62_Powdery Mildew_220.jpg,PowderyMildew,false
c3b2bbea4344932c27bc814112de9ca25bb96873061902aacdc87b96de3cecc7,Balanced_Final_Split/Balanced_Final_Split/train/PowderyMildew/train_63_6.jpg,PowderyMildew,Balanced_Final_Split/Balanced_Final_Split/test/PowderyMildew/test_63_6.jpg,PowderyMildew,false
39f7fff27a5d9e609d9ea7280db928bad8c8240d5f3a769a33269bd30b613c67,Balanced_Final_Split/Balanced_Final_Split/train/PowderyMildew/train_64_137.jpg,PowderyMildew,Balanced_Final_Split/Balanced_Final_Split/test/PowderyMildew/test_64_137.jpg,PowderyMildew,false
c847ecdc44404a9640bf034abbc26ff0d6c9bb5f3f5f4434f13743a1b49aa635,Balanced_Final_Split/Balanced_Final_Split/train/PowderyMildew/train_65_615.jpg,PowderyMildew,Balanced_Final_Split/Balanced_Final_Split/test/PowderyMildew/test_65_615.jpg,PowderyMildew,false
359ab59bd279380675a7d3ee109ce6aacc252d1c9b288b5770f93cfc4b26ac0f,Balanced_Final_Split/Balanced_Final_Split/train/PowderyMildew/train_286_Powdery Mildew_25.jpg,PowderyMildew,Balanced_Final_Split/Balanced_Final_Split/test/PowderyMildew/test_66_Powdery Mildew_25.jpg,PowderyMildew,false
e5de6bdc2c25fe83d53ccc619e943649d0ba88eac64b712a46d8cdc1235feec1,Balanced_Final_Split/Balanced_Final_Split/train/PowderyMildew/train_67_1031.jpg,PowderyMildew,Balanced_Final_Split/Balanced_Final_Split/test/PowderyMildew/test_67_1031.jpg,PowderyMildew,false
1c615ff3a91b96fde9cf404d69d0f07bbcb483efa1ef7b2e9d890e973fa71024,Balanced_Final_Split/Balanced_Final_Split/train/PowderyMildew/train_68_1172.jpg,PowderyMildew,Balanced_Final_Split/Balanced_Final_Split/test/PowderyMildew/test_68_1172.jpg,PowderyMildew,false
ce336824755dd2edc6567884b937fd0b1d94e18c114a53e2652f32d22f95a7c0,Balanced_Final_Split/Balanced_Final_Split/train/PowderyMildew/train_119_Powdery Mildew_199.jpg,PowderyMildew,Balanced_Final_Split/Balanced_Final_Split/test/PowderyMildew/test_69_Powdery Mildew_199.jpg,PowderyMildew,false
6472954d99db7b83021be52a762853857835c432ba4a932702fb8cd47a70e1ea,Balanced_Final_Split/Balanced_Final_Split/train/PowderyMildew/train_6_621.jpg,PowderyMildew,Balanced_Final_Split/Balanced_Final_Split/test/PowderyMildew/test_6_621.jpg,PowderyMildew,false
c9fc87f4c0d61bf74dda5f1e6a9195ff3b6276fb366422bcb521ec9264d91f25,Balanced_Final_Split/Balanced_Final_Split/train/PowderyMildew/train_70_Powdery Mildew_57.jpg,PowderyMildew,Balanced_Final_Split/Balanced_Final_Split/test/PowderyMildew/test_70_Powdery Mildew_57.jpg,PowderyMildew,false
b53badfb94a427093ebaa30f2c422fbb76c629de739eacd99cca0535b2315cf3,Balanced_Final_Split/Balanced_Final_Split/train/PowderyMildew/train_71_297.jpg,PowderyMildew,Balanced_Final_Split/Balanced_Final_Split/test/PowderyMildew/test_71_297.jpg,PowderyMildew,false
63faa742746182b6f95ca82729759b167ea7b2a97e820ab2644381e87dc61f99,Balanced_Final_Split/Balanced_Final_Split/train/PowderyMildew/train_72_567.jpg,PowderyMildew,Balanced_Final_Split/Balanced_Final_Split/test/PowderyMildew/test_72_567.jpg,PowderyMildew,false
c951defde078be7744024068ea9f4e3fef66f261bbab2cacfe1066290b6f3f8f,Balanced_Final_Split/Balanced_Final_Split/train/PowderyMildew/train_73_709.jpg,PowderyMildew,Balanced_Final_Split/Balanced_Final_Split/test/PowderyMildew/test_73_709.jpg,PowderyMildew,false
86b566397ba3deb5cce8842f14d9080847d64b496bf83d5e5726e7f4a3e4bd5c,Balanced_Final_Split/Balanced_Final_Split/train/PowderyMildew/train_74_Powdery Mildew_222.jpg,PowderyMildew,Balanced_Final_Split/Balanced_Final_Split/test/PowderyMildew/test_74_Powdery Mildew_222.jpg,PowderyMildew,false
6e9e9dac47816193268861bbe2bf2f278ca9c7321da08d19fe42e3def87d59cd,Balanced_Final_Split/Balanced_Final_Split/train/PowderyMildew/train_75_874.jpg,PowderyMildew,Balanced_Final_Split/Balanced_Final_Split/test/PowderyMildew/test_75_874.jpg,PowderyMildew,false
69193f2e4a42e17853974c418b8994a92337908b1302a2803cc015a6ae768f84,Balanced_Final_Split/Balanced_Final_Split/train/PowderyMildew/train_76_73.jpg,PowderyMildew,Balanced_Final_Split/Balanced_Final_Split/test/PowderyMildew/test_76_73.jpg,PowderyMildew,false
0d4663c9723d78fa2cfdb8697a58d66fce2b11e21a291e81780511e69d7a3cbb,Balanced_Final_Split/Balanced_Final_Split/train/PowderyMildew/train_77_977.jpg,PowderyMildew,Balanced_Final_Split/Balanced_Final_Split/test/PowderyMildew/test_77_977.jpg,PowderyMildew,false
7d53a9493cd1b2aae87e54ec064f6edc87497f27618a18d44796ef5c0cdd6612,Balanced_Final_Split/Balanced_Final_Split/train/PowderyMildew/train_78_1063.jpg,PowderyMildew,Balanced_Final_Split/Balanced_Final_Split/test/PowderyMildew/test_78_1063.jpg,PowderyMildew,false
d7d2825814a2facbea56125261b51ed2a88d7c69e845b4e4e5b586091612f55a,Balanced_Final_Split/Balanced_Final_Split/train/PowderyMildew/train_79_404.jpg,PowderyMildew,Balanced_Final_Split/Balanced_Final_Split/test/PowderyMildew/test_79_404.jpg,PowderyMildew,false
cbc07a9d124e7162c6f72721e4fd8366edce239254d69442de8733375c3aa973,Balanced_Final_Split/Balanced_Final_Split/train/PowderyMildew/train_765_Powdery Mildew_389.JPG,PowderyMildew,Balanced_Final_Split/Balanced_Final_Split/test/PowderyMildew/test_7_Powdery Mildew_389.JPG,PowderyMildew,false
cc135c48f781fef5bf242750e6031f0e96c2cf66924ffd281b07fea37b56cbee,Balanced_Final_Split/Balanced_Final_Split/train/PowderyMildew/train_80_946.jpg,PowderyMildew,Balanced_Final_Split/Balanced_Final_Split/test/PowderyMildew/test_80_946.jpg,PowderyMildew,false
50932fa182f9a5c52073fbd62901a38b9907ca3095e7135d1a4a76c0a79ca678,Balanced_Final_Split/Balanced_Final_Split/train/PowderyMildew/train_449_Powdery Mildew_348.jpg,PowderyMildew,Balanced_Final_Split/Balanced_Final_Split/test/PowderyMildew/test_81_Powdery Mildew_348.jpg,PowderyMildew,false
ad670f96f8965ecb8d449e41d2791fc9b5d7691a6fddf9ff8059de03f14d1187,Balanced_Final_Split/Balanced_Final_Split/train/PowderyMildew/train_82_382.jpg,PowderyMildew,Balanced_Final_Split/Balanced_Final_Split/test/PowderyMildew/test_82_382.jpg,PowderyMildew,false
610250bb1757b48c7fe6f040602431dfd9ce3eb0062d83cd8c005465ed9e8237,Balanced_Final_Split/Balanced_Final_Split/train/PowderyMildew/train_83_248.jpg,PowderyMildew,Balanced_Final_Split/Balanced_Final_Split/test/PowderyMildew/test_83_248.jpg,PowderyMildew,false
2d3c41753b0b3f0059982cb33c33f671566a8f13f10f338726f5b7df01d23c6e,Balanced_Final_Split/Balanced_Final_Split/train/PowderyMildew/train_57_Powdery Mildew_117.jpg,PowderyMildew,Balanced_Final_Split/Balanced_Final_Split/test/PowderyMildew/test_84_Powdery Mildew_117.jpg,PowderyMildew,false
ac163871ae8fa8a7548f359739c3f33086e2f2d2f096b541cde22f5e0685e8d2,Balanced_Final_Split/Balanced_Final_Split/train/PowderyMildew/train_85_732.jpg,PowderyMildew,Balanced_Final_Split/Balanced_Final_Split/test/PowderyMildew/test_85_732.jpg,PowderyMildew,false
54af49047036c3dd16fb8a88bc0edc9565fc423062b3fc452d409d87e7036a94,Balanced_Final_Split/Balanced_Final_Split/train/PowderyMildew/train_86_Powdery Mildew_297.jpg,PowderyMildew,Balanced_Final_Split/Balanced_Final_Split/test/PowderyMildew/test_86_Powdery Mildew_297.jpg,PowderyMildew,false
3a45ab82f2382a7bf6764f446921ca931612a6f089b6f6bfe91f44b5e9c263bc,Balanced_Final_Split/Balanced_Final_Split/train/PowderyMildew/train_87_Powdery Mildew_118.jpg,PowderyMildew,Balanced_Final_Split/Balanced_Final_Split/test/PowderyMildew/test_87_Powdery Mildew_118.jpg,PowderyMildew,false
a6f7f04bd4cf54e7b168c09f82da66c74c44a91de758b5dabbcab410c8bf804f,Balanced_Final_Split/Balanced_Final_Split/train/PowderyMildew/train_88_913.jpg,PowderyMildew,Balanced_Final_Split/Balanced_Final_Split/test/PowderyMildew/test_88_913.jpg,PowderyMildew,false
afed70256dc04ca9008ca951f523f13fee0563624f1c52a5752b51e5656a6305,Balanced_Final_Split/Balanced_Final_Split/train/PowderyMildew/train_89_25.jpg,PowderyMildew,Balanced_Final_Split/Balanced_Final_Split/test/PowderyMildew/test_89_25.jpg,PowderyMildew,false
92c3d89b0c24bc335a9ceed98c361119c378d908b049d9e67cbba6e2ad586dd4,Balanced_Final_Split/Balanced_Final_Split/train/PowderyMildew/train_8_17.jpg,PowderyMildew,Balanced_Final_Split/Balanced_Final_Split/test/PowderyMildew/test_8_17.jpg,PowderyMildew,false
094f45b7f4b1dab5e9201f29e835f3fdd4ed9e1e21dc6715914e23fba0a5a86b,Balanced_Final_Split/Balanced_Final_Split/train/PowderyMildew/train_90_86.jpg,PowderyMildew,Balanced_Final_Split/Balanced_Final_Split/test/PowderyMildew/test_90_86.jpg,PowderyMildew,false
d8ae5abfea85f1620a44319998496386cd5cd19202eafc0b06e51b6c292876da,Balanced_Final_Split/Balanced_Final_Split/train/PowderyMildew/train_91_275.jpg,PowderyMildew,Balanced_Final_Split/Balanced_Final_Split/test/PowderyMildew/test_91_275.jpg,PowderyMildew,false
b9159cbca89ffa363dd2457484c8b851c9a207a6d7e87f2652ee3495bdf4952d,Balanced_Final_Split/Balanced_Final_Split/train/PowderyMildew/train_158_Powdery Mildew_263.jpg,PowderyMildew,Balanced_Final_Split/Balanced_Final_Split/test/PowderyMildew/test_92_Powdery Mildew_263.jpg,PowderyMildew,false
eb7edd35203e9d09125dacf786f30b20842f3caef4fd457a095f8763b0839f43,Balanced_Final_Split/Balanced_Final_Split/train/PowderyMildew/train_93_1175.jpg,PowderyMildew,Balanced_Final_Split/Balanced_Final_Split/test/PowderyMildew/test_93_1175.jpg,PowderyMildew,false
4d1e887175f423a6b8937bde384e82bbd108508faf7d2a0c09da16556398ff06,Balanced_Final_Split/Balanced_Final_Split/train/PowderyMildew/train_94_991.jpg,PowderyMildew,Balanced_Final_Split/Balanced_Final_Split/test/PowderyMildew/test_94_991.jpg,PowderyMildew,false
9f342caf8c3efb70b8cb25aa9b15e49f4711fe79986d826a0066cdcb75a812bd,Balanced_Final_Split/Balanced_Final_Split/train/PowderyMildew/train_95_39.jpg,PowderyMildew,Balanced_Final_Split/Balanced_Final_Split/test/PowderyMildew/test_95_39.jpg,PowderyMildew,false
16832926c2602b5b05e7eed727f3841f34479645912478e58d7437f6182937a3,Balanced_Final_Split/Balanced_Final_Split/train/PowderyMildew/train_96_91.jpg,PowderyMildew,Balanced_Final_Split/Balanced_Final_Split/test/PowderyMildew/test_96_91.jpg,PowderyMildew,false
75ebb3c15f9ec44ce7290d35b14c9388ee5f2d02130672de3d17f9232b00005b,Balanced_Final_Split/Balanced_Final_Split/train/PowderyMildew/train_97_250.jpg,PowderyMildew,Balanced_Final_Split/Balanced_Final_Split/test/PowderyMildew/test_97_250.jpg,PowderyMildew,false
438f846e9db1a6897ac281e07505ddc42390782e480524618f3948966fe14e90,Balanced_Final_Split/Balanced_Final_Split/train/PowderyMildew/train_98_953.jpg,PowderyMildew,Balanced_Final_Split/Balanced_Final_Split/test/PowderyMildew/test_98_953.jpg,PowderyMildew,false
6a2a5d88664be020a128a8db48de3b0bb442f7116d00890dfdd2e08d79723481,Balanced_Final_Split/Balanced_Final_Split/train/PowderyMildew/train_99_Powdery Mildew_196.jpg,PowderyMildew,Balanced_Final_Split/Balanced_Final_Split/test/PowderyMildew/test_99_Powdery Mildew_196.jpg,PowderyMildew,false
1234be70964688fdf2e6a340b4e58ff40b7db9124ba83bd0be9ded97012766c0,Balanced_Final_Split/Balanced_Final_Split/train/PowderyMildew/train_9_Powdery Mildew_156.jpg,PowderyMildew,Balanced_Final_Split/Balanced_Final_Split/test/PowderyMildew/test_9_Powdery Mildew_156.jpg,PowderyMildew,false
eac8adddc65917b3963bed1515afffb37e8e027fb3593880f82bb370f21d5ae5,Irrelevant/Irrelevant/0035.png,Irrelavant,Irrelevant/Irrelevant/0038.png,Irrelavant,false
8eaf9bfe433e4e3367e234a4678f783e4b96b84fef9806dbe642a7dc76f6c190,Irrelevant/Irrelevant/0042.png,Irrelavant,Irrelevant/Irrelevant/0044.png,Irrelavant,false
1c78f0e1161b459d67e7d23515f9a8c7005d19589f9ea590f39be4409443b83f,Balanced_Final_Split/Balanced_Final_Split/train/Irrelavant/unsplash-images-collection_original_photo-1464695110811-dcf3903dc2f4.jpg_1781a45b-cb64-4d4f-a5b3-ab88f4ef75df.jpg,Irrelavant,Irrelevant/Irrelevant/unsplash-images-collection_original_photo-1464695110811-dcf3903dc2f4.jpg_1781a45b-cb64-4d4f-a5b3-ab88f4ef75df.jpg,Irrelavant,false
a53111ff01c7d5b11a0ec06d38b9de66e46a61c5b076bba48a51b490c039b19d,Balanced_Final_Split/Balanced_Final_Split/train/Irrelavant/unsplash-images-collection_original_photo-1471897488648-5eae4ac6686b (1).jpg_0643379b-3f1b-4203-8641-9060a5ce78da.jpg,Irrelavant,Irrelevant/Irrelevant/unsplash-images-collection_original_photo-1471897488648-5eae4ac6686b (1).jpg_0643379b-3f1b-4203-8641-9060a5ce78da.jpg,Irrelavant,false
1621d1cff2161df7b7ab4908528a65dac2a35334f213456b0d32319690e92d1b,Balanced_Final_Split/Balanced_Final_Split/train/Irrelavant/unsplash-images-collection_original_photo-1471897488648-5eae4ac6686b.jpg_2f735d08-f595-4e8d-91dc-69c49c03fa90.jpg,Irrelavant,Irrelevant/Irrelevant/unsplash-images-collection_original_photo-1471897488648-5eae4ac6686b.jpg_2f735d08-f595-4e8d-91dc-69c49c03fa90.jpg,Irrelavant,false
1ba4747ca662e13227904d130934b3e1f31325c825ebb6bd6be79831e7ed81d7,Balanced_Final_Split/Balanced_Final_Split/train/Irrelavant/unsplash-images-collection_original_photo-1471899236350-e3016bf1e69e.jpg_2bb57601-d183-4e49-acb4-918447c2d491.jpg,Irrelavant,Irrelevant/Irrelevant/unsplash-images-collection_original_photo-1471899236350-e3016bf1e69e.jpg_2bb57601-d183-4e49-acb4-918447c2d491.jpg,Irrelavant,false
62e06835173d69be3d5142ce26ce50adb541188b40ddc752fdcd481538d169ef,Balanced_Final_Split/Balanced_Final_Split/train/Irrelavant/unsplash-images-collection_original_photo-1488900128323-21503983a07e.jpg_5fad5da3-1837-4abb-91d3-4a280f6e255c.jpg,Irrelavant,Irrelevant/Irrelevant/unsplash-images-collection_original_photo-1488900128323-21503983a07e.jpg_5fad5da3-1837-4abb-91d3-4a280f6e255c.jpg,Irrelavant,false
78ed6bdb0f7aaf8f03a1f7371bfdc11bc9314f8c7f10b392d4b3ecbf4e2f1a1a,Balanced_Final_Split/Balanced_Final_Split/train/Irrelavant/unsplash-images-collection_original_photo-1497215728101-856f4ea42174.jpg_2d0eca08-9c74-4b5e-9e11-34160cc08bb1.jpg,Irrelavant,Irrelevant/Irrelevant/unsplash-images-collection_original_photo-1497215728101-856f4ea42174.jpg_2d0eca08-9c74-4b5e-9e11-34160cc08bb1.jpg,Irrelavant,false
51019e933cf2bd914095a7bc526bb07fd518f32fff33396cd30b82fa6620adee,Balanced_Final_Split/Balanced_Final_Split/train/Irrelavant/unsplash-images-collection_original_photo-1497912300441-f9ab6a41008b.jpg_01d458ed-22ab-4802-8ed9-dc4c87f6ce76.jpg,Irrelavant,Irrelevant/Irrelevant/unsplash-images-collection_original_photo-1497912300441-f9ab6a41008b.jpg_01d458ed-22ab-4802-8ed9-dc4c87f6ce76.jpg,Irrelavant,false
7b77c33ae7a3af1490db3edabfd083246dddb2be9a913ac86891f62ca2e7f207,Balanced_Final_Split/Balanced_Final_Split/train/Irrelavant/unsplash-images-collection_original_photo-1504194569341-48a2e831a3a7.jpg_2298cc39-fd72-4c0a-8ae3-7bd1026095ed.jpg,Irrelavant,Irrelevant/Irrelevant/unsplash-images-collection_original_photo-1504194569341-48a2e831a3a7.jpg_2298cc39-fd72-4c0a-8ae3-7bd1026095ed.jpg,Irrelavant,false
02a32ffb57dcfad7eacac77d9b3ede1662de898884ece653df88075f54b5ac7f,Balanced_Final_Split/Balanced_Final_Split/train/Irrelavant/unsplash-images-collection_original_photo-1504297050568-910d24c426d3.jpg_434485ca-61fd-4b59-816f-7e083193c137.jpg,Irrelavant,Irrelevant/Irrelevant/unsplash-images-collection_original_photo-1504297050568-910d24c426d3.jpg_434485ca-61fd-4b59-816f-7e083193c137.jpg,Irrelavant,false
848843fc25f9ce69f44606d3abcf32c0028552573e9ddaded277c8023d5893b4,Balanced_Final_Split/Balanced_Final_Split/train/Irrelavant/unsplash-images-collection_original_photo-1509715513011-e394f0cb20c4.jpg_231d5ddf-084f-4d21-9aec-6bc377f09499.jpg,Irrelavant,Irrelevant/Irrelevant/unsplash-images-collection_original_photo-1509715513011-e394f0cb20c4.jpg_231d5ddf-084f-4d21-9aec-6bc377f09499.jpg,Irrelavant,false
914ed6c1f64ba77549712e8fc57c9b0b544e882007cef806b773aa41acab6a44,Balanced_Final_Split/Balanced_Final_Split/train/Irrelavant/unsplash-images-collection_original_photo-1512351735230-a07ebdf5b5e1.jpg_3c86b3a2-1858-4d18-bd92-463460e36188.jpg,Irrelavant,Irrelevant/Irrelevant/unsplash-images-collection_original_photo-1512351735230-a07ebdf5b5e1.jpg_3c86b3a2-1858-4d18-bd92-463460e36188.jpg,Irrelavant,false
83a55cbfc176320b92c942c18e5525942e0dc357bcd7045d61b7940508e404d1,Balanced_Final_Split/Balanced_Final_Split/train/Irrelavant/unsplash-images-collection_original_photo-1514517220017-8ce97a34a7b6.jpg_55a55ea6-63a4-4d49-8cf5-aed05223a9ea.jpg,Irrelavant,Irrelevant/Irrelevant/unsplash-images-collection_original_photo-1514517220017-8ce97a34a7b6.jpg_55a55ea6-63a4-4d49-8cf5-aed05223a9ea.jpg,Irrelavant,false
76bb091aa741750b9ee86ee7904b3634833d58f5a8d9905f7c31197ffa8e05e1,Balanced_Final_Split/Balanced_Final_Split/train/Irrelavant/unsplash-images-collection_original_photo-1515592559813-3f7dff97e185.jpg_2b8b7c23-e2c1-457f-8ab4-c4ed405ef8ba.jpg,Irrelavant,Irrelevant/Irrelevant/unsplash-images-collection_original_photo-1515592559813-3f7dff97e185.jpg_2b8b7c23-e2c1-457f-8ab4-c4ed405ef8ba.jpg,Irrelavant,false
4df79cba4752f72e686d3642296fd05e226d630afddda616bf914f4d9bd8cca2,Balanced_Final_Split/Balanced_Final_Split/train/Irrelavant/unsplash-images-collection_original_photo-1516746924755-babd21844370.jpg_2342753f-c331-44d8-bf30-63f7ab5857ec.jpg,Irrelavant,Irrelevant/Irrelevant/unsplash-images-collection_original_photo-1516746924755-babd21844370.jpg_2342753f-c331-44d8-bf30-63f7ab5857ec.jpg,Irrelavant,false
d6fce443d39b5cdccdccb85aae66b00bb1bb02744f660459123faf2cb78a2f04,Balanced_Final_Split/Balanced_Final_Split/train/Irrelavant/unsplash-images-collection_original_photo-1516747773440-e114ee0d3c07.jpg_01e4385e-55ba-48fa-850b-3f55fd179fd7.jpg,Irrelavant,Irrelevant/Irrelevant/unsplash-images-collection_original_photo-1516747773440-e114ee0d3c07.jpg_01e4385e-55ba-48fa-850b-3f55fd179fd7.jpg,Irrelavant,false
04ed00d7d3e5b926b4c32d516a26693df0fc8821110782e2fe856a26d2c10290,Balanced_Final_Split/Balanced_Final_Split/train/Irrelavant/unsplash-images-collection_original_photo-1518156959312-07a5380c1261.jpg_5f70cac1-8bab-4ff1-84b7-0de6a2f5bb8b.jpg,Irrelavant,Irrelevant/Irrelevant/unsplash-images-collection_original_photo-1518156959312-07a5380c1261.jpg_5f70cac1-8bab-4ff1-84b7-0de6a2f5bb8b.jpg,Irrelavant,false
d5f50126da3c15c55991436273135fbeef1f59715108863f555e20deb9f618b0,Balanced_Final_Split/Balanced_Final_Split/train/Irrelavant/unsplash-images-collection_original_photo-1519778119555-47f8a0929968.jpg_10c8d8ac-8e38-44ee-ade8-5d4051685109.jpg,Irrelavant,Irrelevant/Irrelevant/unsplash-images-collection_original_photo-1519778119555-47f8a0929968.jpg_10c8d8ac-8e38-44ee-ade8-5d4051685109.jpg,Irrelavant,false
e7ef66157073b35f5acf8def33be3206b7530f74568c6eb472d6def1a243f340,Balanced_Final_Split/Balanced_Final_Split/train/Irrelavant/unsplash-images-collection_original_photo-1524639099061-f8beec2b7538.jpg_1170a4ae-e1f5-48d9-b57b-12d118db0793.jpg,Irrelavant,Irrelevant/Irrelevant/unsplash-images-collection_original_photo-1524639099061-f8beec2b7538.jpg_1170a4ae-e1f5-48d9-b57b-12d118db0793.jpg,Irrelavant,false
bdd029afc822a841ec3719dffcc6e8171c2a9264987017de1c4b50ebde2a2898,Balanced_Final_Split/Balanced_Final_Split/train/Irrelavant/unsplash-images-collection_original_photo-1524758631624-e2822e304c36 (1).jpg_03aaff76-ba66-43e9-be63-1527be36ffb3.jpg,Irrelavant,Irrelevant/Irrelevant/unsplash-images-collection_original_photo-1524758631624-e2822e304c36 (1).jpg_03aaff76-ba66-43e9-be63-1527be36ffb3.jpg,Irrelavant,false
9b4dedf6480fea504d0c725df5749abefaa2d07e20e2e477d00a4b26951d4f9e,Balanced_Final_Split/Balanced_Final_Split/train/Irrelavant/unsplash-images-collection_original_photo-1533335121856-52d185e85ec1.jpg_137aae5e-91dc-4191-9006-0a6453c092c6.jpg,Irrelavant,Irrelevant/Irrelevant/unsplash-images-collection_original_photo-1533335121856-52d185e85ec1.jpg_137aae5e-91dc-4191-9006-0a6453c092c6.jpg,Irrelavant,false
fbd3bf74fedb2bf90afe3e42f4db87d5f1fe5844560df1ad15a9263bbe18e108,Balanced_Final_Split/Balanced_Final_Split/train/Irrelavant/unsplash-images-collection_original_photo-1534353436294-0dbd4bdac845.jpg_41b2d542-762a-41cb-a788-7a52fea62f27.jpg,Irrelavant,Irrelevant/Irrelevant/unsplash-images-collection_original_photo-1534353436294-0dbd4bdac845.jpg_41b2d542-762a-41cb-a788-7a52fea62f27.jpg,Irrelavant,false
b68454c881d33a15697afe77a30ab358f59538ae16947ea29d56ded27ee5dd44,Balanced_Final_Split/Balanced_Final_Split/train/Irrelavant/unsplash-images-collection_original_photo-1541086263351-627c0c6999aa.jpg_0a4128de-4d5f-49ff-8161-42925a43238d.jpg,Irrelavant,Irrelevant/Irrelevant/unsplash-images-collection_original_photo-1541086263351-627c0c6999aa.jpg_0a4128de-4d5f-49ff-8161-42925a43238d.jpg,Irrelavant,false
7857d294f560cd0daa5258548236e07e817c4b1629fe7f47805d73bfa995e05f,Balanced_Final_Split/Balanced_Final_Split/train/Irrelavant/unsplash-images-collection_original_photo-1547574832-c6b67ae80f07.jpg_1d19c3ec-1fcb-4ed6-a4d0-148b09f6410e.jpg,Irrelavant,Irrelevant/Irrelevant/unsplash-images-collection_original_photo-1547574832-c6b67ae80f07.jpg_1d19c3ec-1fcb-4ed6-a4d0-148b09f6410e.jpg,Irrelavant,false
48fdccfa320e48affb56211fda1c6fd74a64ff329234b568e33dafc6bac9a762,Balanced_Final_Split/Balanced_Final_Split/train/Irrelavant/unsplash-images-collection_original_photo-1549867679-8f092bfe5329.jpg_0e689f59-67e0-4567-b4bc-ce1e180a7475.jpg,Irrelavant,Irrelevant/Irrelevant/unsplash-images-collection_original_photo-1549867679-8f092bfe5329.jpg_0e689f59-67e0-4567-b4bc-ce1e180a7475.jpg,Irrelavant,false
8950b332e38958bf80d19a3defd63b82ead0060f75b6be76e03dcda5f6d87c32,Balanced_Final_Split/Balanced_Final_Split/train/Irrelavant/unsplash-images-collection_original_photo-1553272725-086100aecf5e (1).jpg_3d9f18d1-f7ab-4093-bf16-f3093872ba01.jpg,Irrelavant,Irrelevant/Irrelevant/unsplash-images-collection_original_photo-1553272725-086100aecf5e (1).jpg_3d9f18d1-f7ab-4093-bf16-f3093872ba01.jpg,Irrelavant,false
3a067417f5ebb8fbe579808081ead42d73661cf3bdbc09101bd241f9ea1d7d2a,Balanced_Final_Split/Balanced_Final_Split/train/Irrelavant/unsplash-images-collection_original_photo-1553272725-086100aecf5e.jpg_0f803acc-9ccd-4763-b485-9a6ff19141d9.jpg,Irrelavant,Irrelevant/Irrelevant/unsplash-images-collection_original_photo-1553272725-086100aecf5e.jpg_0f803acc-9ccd-4763-b485-9a6ff19141d9.jpg,Irrelavant,false
647b12204071c1564df53b3d8ebf3653505ccd941581843de07cb9b5231808e8,Balanced_Final_Split/Balanced_Final_Split/test/irrelavant/unsplash-images-collection_original_photo-1554124819-e6a2f5eed22b.jpg_057da976-034c-44b4-91a2-facd8f456c98.jpg,Irrelavant,Irrelevant/Irrelevant/unsplash-images-collection_original_photo-1554124819-e6a2f5eed22b.jpg_057da976-034c-44b4-91a2-facd8f456c98.jpg,Irrelavant,false
c569ff811e2645ef82f9c06c189d155a81643a1c257b26f0b25d06318278c33c,Balanced_Final_Split/Balanced_Final_Split/train/Irrelavant/unsplash-images-collection_original_photo-1554570731-63bcddda4dcd.jpg_16bc8df1-8d0d-4dfe-a2f6-893b126e4d76.jpg,Irrelavant,Irrelevant/Irrelevant/unsplash-images-collection_original_photo-1554570731-63bcddda4dcd.jpg_16bc8df1-8d0d-4dfe-a2f6-893b126e4d76.jpg,Irrelavant,false
91750104ce1287e4e980a136d6d753a2a1900384db25fde09ec4149192d7f44d,Balanced_Final_Split/Balanced_Final_Split/train/Irrelavant/unsplash-images-collection_original_photo-1557517395-f8dff7f191e7.jpg_9aa6e705-9e60-4fff-82c4-b496c3d1d8ab.jpg,Irrelavant,Irrelevant/Irrelevant/unsplash-images-collection_original_photo-1557517395-f8dff7f191e7.jpg_9aa6e705-9e60-4fff-82c4-b496c3d1d8ab.jpg,Irrelavant,false
bee8959d84bb06103534f49c12cd679bedd34cc63c68755add63971f141da3ea,Balanced_Final_Split/Balanced_Final_Split/train/Irrelavant/unsplash-images-collection_original_photo-1568858989121-ac417bc11135.jpg_1f3701b9-9623-4528-b82b-a8f2a3b1c4ba.jpg,Irrelavant,Irrelevant/Irrelevant/unsplash-images-collection_original_photo-1568858989121-ac417bc11135.jpg_1f3701b9-9623-4528-b82b-a8f2a3b1c4ba.jpg,Irrelavant,false
7c6a171dbe121fb6cb8d8d34c18d4bec8927aaa5ca38cc22cff020bfc302100f,Balanced_Final_Split/Balanced_Final_Split/train/Irrelavant/unsplash-images-collection_original_photo-1569174237922-5689ad487104.jpg_0674c5ce-c735-4fb0-8e31-e84d476571c7.jpg,Irrelavant,Irrelevant/Irrelevant/unsplash-images-collection_original_photo-1569174237922-5689ad487104.jpg_0674c5ce-c735-4fb0-8e31-e84d476571c7.jpg,Irrelavant,false
12269cdc139b619ffb244f41fac132436f5e657efc138b0d68d8daf0eb8ed7c2,Balanced_Final_Split/Balanced_Final_Split/train/Irrelavant/unsplash-images-collection_original_photo-1572303019843-8b5e58984d4e.jpg_5c9387b9-3ec2-4ba7-b413-4ec30d6c221b.jpg,Irrelavant,Irrelevant/Irrelevant/unsplash-images-collection_original_photo-1572303019843-8b5e58984d4e.jpg_5c9387b9-3ec2-4ba7-b413-4ec30d6c221b.jpg,Irrelavant,false
060a672acd8e93c08875472fb04948ccf0169aa5098edbc56b705fca567bc51d,Balanced_Final_Split/Balanced_Final_Split/train/Irrelavant/unsplash-images-collection_original_photo-1576567559946-60e4729da9f8.jpg_201bf1d4-1666-4b5a-8111-753f07d0af58.jpg,Irrelavant,Irrelevant/Irrelevant/unsplash-images-collection_original_photo-1576567559946-60e4729da9f8.jpg_201bf1d4-1666-4b5a-8111-753f07d0af58.jpg,Irrelavant,false
e51bd3c548b1c2e9c592980d282240a021a985b67e1dc20f19307a1f81cc474e,Balanced_Final_Split/Balanced_Final_Split/train/Irrelavant/unsplash-images-collection_original_photo-1577268173819-d36a3378f8d8.jpg_1be7793a-e86b-48c0-b62e-b5f042993681.jpg,Irrelavant,Irrelevant/Irrelevant/unsplash-images-collection_original_photo-1577268173819-d36a3378f8d8.jpg_1be7793a-e86b-48c0-b62e-b5f042993681.jpg,Irrelavant,false
859410e5620cece2e9ba317a28509a09191dcf2e998d8f168752361405dcc62f,Balanced_Final_Split/Balanced_Final_Split/train/Irrelavant/unsplash-images-collection_original_photo-1581456495146-65a71b2c8e52.jpg_2b94aa64-b37e-4d38-9220-584d366a6c89.jpg,Irrelavant,Irrelevant/Irrelevant/unsplash-images-collection_original_photo-1581456495146-65a71b2c8e52.jpg_2b94aa64-b37e-4d38-9220-584d366a6c89.jpg,Irrelavant,false
08209c55f8f1bedc5e77f19b656a522123d46c76156cdb4bd778e2a38e44861a,Balanced_Final_Split/Balanced_Final_Split/train/Irrelavant/unsplash-images-collection_original_photo-1585042644206-9d9ae9811e37.jpg_1b286966-77db-4d6d-8b76-4976254e80e0.jpg,Irrelavant,Irrelevant/Irrelevant/unsplash-images-collection_original_photo-1585042644206-9d9ae9811e37.jpg_1b286966-77db-4d6d-8b76-4976254e80e0.jpg,Irrelavant,false
081212b162df3e35afc6132e7f2162f94d3aa7a17541e841663d18e7663345f1,Balanced_Final_Split/Balanced_Final_Split/train/Irrelavant/unsplash-images-collection_original_photo-1588272947905-24bec36c176d.jpg_372c0010-3578-4ab2-a96d-18d26aecfe7f.jpg,Irrelavant,Irrelevant/Irrelevant/unsplash-images-collection_original_photo-1588272947905-24bec36c176d.jpg_372c0010-3578-4ab2-a96d-18d26aecfe7f.jpg,Irrelavant,false
00231ac3d230959e224d0dfe8a9e63a1da7359694f5815217ac1ed1210dca706,Balanced_Final_Split/Balanced_Final_Split/train/Irrelavant/unsplash-images-collection_original_photo-1590912710024-6d51a6771abd.jpg_02bdc66d-4477-482b-a5f7-bf20016eb4d1.jpg,Irrelavant,Irrelevant/Irrelevant/unsplash-images-collection_original_photo-1590912710024-6d51a6771abd.jpg_02bdc66d-4477-482b-a5f7-bf20016eb4d1.jpg,Irrelavant,false
51a4052265512dc6d48e1a9b2a12fe73f55bbe3323bc290d11d63e803aa0cebf,Balanced_Final_Split/Balanced_Final_Split/train/Irrelavant/unsplash-images-collection_original_photo-1592724944475-94f92ee13664.jpg_087ebfce-f768-49ec-94f5-7e494be852d2.jpg,Irrelavant,Irrelevant/Irrelevant/unsplash-images-collection_original_photo-1592724944475-94f92ee13664.jpg_087ebfce-f768-49ec-94f5-7e494be852d2.jpg,Irrelavant,false
02393fd810cbf46b99d230bc6c02214b27ff4416c2b2e98057a0609b457a1a86,Balanced_Final_Split/Balanced_Final_Split/train/Irrelavant/unsplash-images-collection_original_photo-1593642634367-d91a135587b5.jpg_2bd34020-3506-4873-81f1-e5ab1dc08162.jpg,Irrelavant,Irrelevant/Irrelevant/unsplash-images-collection_original_photo-1593642634367-d91a135587b5.jpg_2bd34020-3506-4873-81f1-e5ab1dc08162.jpg,Irrelavant,false
33f29f4c7ca6d67bb0ccd6e78c418030ac2dafdc4c2ce6e4a995004292035d2d,Balanced_Final_Split/Balanced_Final_Split/train/Irrelavant/unsplash-images-collection_original_photo-1599069564519-bd9116ce8d30.jpg_1349352c-4fc6-4e1c-b77b-285eabc4c528.jpg,Irrelavant,Irrelevant/Irrelevant/unsplash-images-collection_original_photo-1599069564519-bd9116ce8d30.jpg_1349352c-4fc6-4e1c-b77b-285eabc4c528.jpg,Irrelavant,false
01f43a070195f715d92467378b5bf715242ffcdd6fd6b4aa2ccfbda1812e841e,Balanced_Final_Split/Balanced_Final_Split/train/Irrelavant/unsplash-images-collection_original_photo-1599420186946-7b6fb4e297f0 (1).jpg_2bb52c93-9728-430f-b637-0afbd5914fdd.jpg,Irrelavant,Irrelevant/Irrelevant/unsplash-images-collection_original_photo-1599420186946-7b6fb4e297f0 (1).jpg_2bb52c93-9728-430f-b637-0afbd5914fdd.jpg,Irrelavant,false
ed64d01a90ef7662050288681e8af9e92084ae234da9d7fffb1b1ddcc0e54f70,Balanced_Final_Split/Balanced_Final_Split/train/Irrelavant/unsplash-images-collection_original_photo-1599420186946-7b6fb4e297f0 (2).jpg_1984833c-a6a4-459b-96d6-2eec4fe8b6d5.jpg,Irrelavant,Irrelevant/Irrelevant/unsplash-images-collection_original_photo-1599420186946-7b6fb4e297f0 (2).jpg_1984833c-a6a4-459b-96d6-2eec4fe8b6d5.jpg,Irrelavant,false
b1a56ef6ed1494193b963e5ac7610d7a2c6c64a9ff96c29ad014931d5a363afb,Balanced_Final_Split/Balanced_Final_Split/train/Irrelavant/unsplash-images-collection_original_photo-1599420186946-7b6fb4e297f0 (3).jpg_047ca8af-b7f4-4d2f-8736-457da82238f3.jpg,Irrelavant,Irrelevant/Irrelevant/unsplash-images-collection_original_photo-1599420186946-7b6fb4e297f0 (3).jpg_047ca8af-b7f4-4d2f-8736-457da82238f3.jpg,Irrelavant,false
99eb806029105ab615100dec2f25fdba3af2a1f9d70d7206c3e734abc15225f8,Balanced_Final_Split/Balanced_Final_Split/train/Irrelavant/unsplash-images-collection_original_photo-1599581148873-b1df350d667f.jpg_1b659656-248d-4cf8-b879-d7752872784a.jpg,Irrelavant,Irrelevant/Irrelevant/unsplash-images-collection_original_photo-1599581148873-b1df350d667f.jpg_1b659656-248d-4cf8-b879-d7752872784a.jpg,Irrelavant,false
7f0472fe7e23a9b1b53e8f26cff614e1506e55c726669f12a6a45f559d87cef2,Balanced_Final_Split/Balanced_Final_Split/train/Irrelavant/unsplash-images-collection_original_photo-1604900881431-781565ae8d91.jpg_0eaa0287-cbee-41d0-8106-5b6a6505a6a6.jpg,Irrelavant,Irrelevant/Irrelevant/unsplash-images-collection_original_photo-1604900881431-781565ae8d91.jpg_0eaa0287-cbee-41d0-8106-5b6a6505a6a6.jpg,Irrelavant,false
64f647559bfaab3d211eef5b6703c7680d1c6a9828bd9fb710043bf77467b9ce,Balanced_Final_Split/Balanced_Final_Split/train/Irrelavant/unsplash-images-collection_original_photo-1608516679567-092f1139f4e8.jpg_45bd3f39-8227-488a-91d1-ac9b07e56b30.jpg,Irrelavant,Irrelevant/Irrelevant/unsplash-images-collection_original_photo-1608516679567-092f1139f4e8.jpg_45bd3f39-8227-488a-91d1-ac9b07e56b30.jpg,Irrelavant,false
6157a06fa2ec6c15dd8ed3098b5dc8cd7ecc9e6a33ee429c1b91b141028159e0,Balanced_Final_Split/Balanced_Final_Split/train/Irrelavant/unsplash-images-collection_original_photo-1609738394507-57348ec4e540.jpg_216ac605-47c3-4f39-932d-70adae63c0fc.jpg,Irrelavant,Irrelevant/Irrelevant/unsplash-images-collection_original_photo-1609738394507-57348ec4e540.jpg_216ac605-47c3-4f39-932d-70adae63c0fc.jpg,Irrelavant,false
8ee3f2caa6412c2718984a6c987a1eef742499b9e4a163297ef0413d713814a7,Balanced_Final_Split/Balanced_Final_Split/train/Irrelavant/unsplash-images-collection_original_photo-1610112260132-ea7495ef1b61.jpg_2b0fd8c7-7a45-4ec7-919c-4b51781aea38.jpg,Irrelavant,Irrelevant/Irrelevant/unsplash-images-collection_original_photo-1610112260132-ea7495ef1b61.jpg_2b0fd8c7-7a45-4ec7-919c-4b51781aea38.jpg,Irrelavant,false
cd3d20d89031d2c0a8449bc0821fe782a674a8453e5bcf1c9911888e84d99939,Balanced_Final_Split/Balanced_Final_Split/train/Irrelavant/unsplash-images-collection_original_photo-1611728337177-89dfbbdc7a3a.jpg_0d8e6151-e559-46ac-b397-36246037f5fa.jpg,Irrelavant,Irrelevant/Irrelevant/unsplash-images-collection_original_photo-1611728337177-89dfbbdc7a3a.jpg_0d8e6151-e559-46ac-b397-36246037f5fa.jpg,Irrelavant,false
c7690e8120cbbe7164ba9dea21d19df2db3bdc75aba09b841ec2ccb954f8d145,Balanced_Final_Split/Balanced_Final_Split/train/Irrelavant/unsplash-images-collection_original_photo-1614191697800-ff83bd175cee.jpg_4626dfd7-1138-4174-b99a-d2fed3e2210b.jpg,Irrelavant,Irrelevant/Irrelevant/unsplash-images-collection_original_photo-1614191697800-ff83bd175cee.jpg_4626dfd7-1138-4174-b99a-d2fed3e2210b.jpg,Irrelavant,false
4a0af8a0754658f1eb653abf1a1d39c8e182d3ab81fe5280dc6502e448705e33,Balanced_Final_Split/Balanced_Final_Split/train/Irrelavant/unsplash-images-collection_original_photo-1618158649544-83c93b97377d.jpg_07ad8647-381d-46e2-8db6-503dd332acd9.jpg,Irrelavant,Irrelevant/Irrelevant/unsplash-images-collection_original_photo-1618158649544-83c93b97377d.jpg_07ad8647-381d-46e2-8db6-503dd332acd9.jpg,Irrelavant,false
df40364d0434e29ecda36223d4378fe7c512bcec4fa5e86117e77c8d49e618c6,Balanced_Final_Split/Balanced_Final_Split/train/Irrelavant/unsplash-images-collection_original_photo-1618447977868-d26948d88c89.jpg_4abca396-9b0b-409b-a841-d915d50f0d14.jpg,Irrelavant,Irrelevant/Irrelevant/unsplash-images-collection_original_photo-1618447977868-d26948d88c89.jpg_4abca396-9b0b-409b-a841-d915d50f0d14.jpg,Irrelavant,false
3bb0a9053fde12e460672dfe54187bf50478a6c16aa596685b0da917d046abea,Balanced_Final_Split/Balanced_Final_Split/train/Irrelavant/unsplash-images-collection_original_photo-1620028193701-8e87306bb1d7.jpg_04c0d00a-0e42-4e1d-bd91-baea0ec499b4.jpg,Irrelavant,Irrelevant/Irrelevant/unsplash-images-collection_original_photo-1620028193701-8e87306bb1d7.jpg_04c0d00a-0e42-4e1d-bd91-baea0ec499b4.jpg,Irrelavant,false
6621fbcf0137d3222abcee92bf8705b4a3d3f5c632e0f7286b9bac3cf234ea9c,Balanced_Final_Split/Balanced_Final_Split/train/Irrelavant/unsplash-images-collection_original_photo-1620921575116-fb8902865f81.jpg_7f883616-7a15-48cd-bdb4-28f0cad00f34.jpg,Irrelavant,Irrelevant/Irrelevant/unsplash-images-collection_original_photo-1620921575116-fb8902865f81.jpg_7f883616-7a15-48cd-bdb4-28f0cad00f34.jpg,Irrelavant,false
a12f4805b1339bb81f0744f2d68ca8e6edfc26535c4545f6a3695eee24471a22,Balanced_Final_Split/Balanced_Final_Split/train/Irrelavant/unsplash-images-collection_original_photo-1621001214537-a61cb5302e73.jpg_078494d8-3bb5-4fb2-a422-733befad15d1.jpg,Irrelavant,Irrelevant/Irrelevant/unsplash-images-collection_original_photo-1621001214537-a61cb5302e73.jpg_078494d8-3bb5-4fb2-a422-733befad15d1.jpg,Irrelavant,false
b5d0507df05f05ee542c98875b0923db08d2383c1cc77c4b73369cbb39ec779c,Balanced_Final_Split/Balanced_Final_Split/train/Irrelavant/unsplash-images-collection_original_photo-1621609764095-b32bbe35cf3a.jpg_02642846-f884-4d20-a847-fe600ea44eea.jpg,Irrelavant,Irrelevant/Irrelevant/unsplash-images-collection_original_photo-1621609764095-b32bbe35cf3a.jpg_02642846-f884-4d20-a847-fe600ea44eea.jpg,Irrelavant,false
1fb0e539dd37b295b933bd4eac0bd97c81797fd2adb9946beac826c7566537cd,Balanced_Final_Split/Balanced_Final_Split/train/Irrelavant/unsplash-images-collection_original_photo-1621849400072-f554417f7051.jpg_5513fd82-29b3-4a06-850d-6d061fcd6218.jpg,Irrelavant,Irrelevant/Irrelevant/unsplash-images-collection_original_photo-1621849400072-f554417f7051.jpg_5513fd82-29b3-4a06-850d-6d061fcd6218.jpg,Irrelavant,false
6600065e600419534fb5f10d51827f30ae64f1c6caa7152c0263e001faf81973,Balanced_Final_Split/Balanced_Final_Split/train/Irrelavant/unsplash-images-collection_original_photo-1623039925698-1f96229b1a51.jpg_7365c786-47e6-4ffb-9d50-3623738deff6.jpg,Irrelavant,Irrelevant/Irrelevant/unsplash-images-collection_original_photo-1623039925698-1f96229b1a51.jpg_7365c786-47e6-4ffb-9d50-3623738deff6.jpg,Irrelavant,false
5e844783d15565350396a9c5a92873188111442005abc4af1d2513a163280f9e,Balanced_Final_Split/Balanced_Final_Split/train/Irrelavant/unsplash-images-collection_original_photo-1623268202161-8c32c7e213cf.jpg_4739f47e-a90e-4f94-8cab-d57bbf4770c4.jpg,Irrelavant,Irrelevant/Irrelevant/unsplash-images-collection_original_photo-1623268202161-8c32c7e213cf.jpg_4739f47e-a90e-4f94-8cab-d57bbf4770c4.jpg,Irrelavant,false
add7487a2b95c17d672518eec55afea543320dd5917774e36a03db8bd4099385,Balanced_Final_Split/Balanced_Final_Split/train/Irrelavant/unsplash-images-collection_original_photo-1623494030543-2ef3fd71e8c2.jpg_2d4a95f0-8ec8-4b7c-ae81-964b29f894a4.jpg,Irrelavant,Irrelevant/Irrelevant/unsplash-images-collection_original_photo-1623494030543-2ef3fd71e8c2.jpg_2d4a95f0-8ec8-4b7c-ae81-964b29f894a4.jpg,Irrelavant,false
032f7abb24916b44e81ef2f8b3ee4595ef8d6daf7b5458cce9bbe2f7a1c6f0a0,Balanced_Final_Split/Balanced_Final_Split/train/Irrelavant/unsplash-images-collection_original_photo-1623966849598-dd847d702ea5.jpg_05e0441e-c97d-45e9-8a44-a3ab5c4e45b5.jpg,Irrelavant,Irrelevant/Irrelevant/unsplash-images-collection_original_photo-1623966849598-dd847d702ea5.jpg_05e0441e-c97d-45e9-8a44-a3ab5c4e45b5.jpg,Irrelavant,false
b5dec96b9ed3363602364c4e1a4142f7434bc0328c5dadb38b4d85f99de9f28c,Balanced_Final_Split/Balanced_Final_Split/train/Irrelavant/unsplash-images-collection_original_photo-1627562369418-e7ccfc3958c8.jpg_a84ff061-7446-4562-81fa-8597dd164ce1.jpg,Irrelavant,Irrelevant/Irrelevant/unsplash-images-collection_original_photo-1627562369418-e7ccfc3958c8.jpg_a84ff061-7446-4562-81fa-8597dd164ce1.jpg,Irrelavant,false
f33714c04d8e6df257daaf8fcf875cb97fe28df99af8b42bbfee78f0a0240b2f,Balanced_Final_Split/Balanced_Final_Split/train/Irrelavant/unsplash-images-collection_original_photo-1627642494854-68c8a0779fce.jpg_6460b833-5fda-4771-ae0e-0561777e8098.jpg,Irrelavant,Irrelevant/Irrelevant/unsplash-images-collection_original_photo-1627642494854-68c8a0779fce.jpg_6460b833-5fda-4771-ae0e-0561777e8098.jpg,Irrelavant,false
45a8206b13a8220f4139963ea2f49c754d810ecf47463fdc76c4f6bcf9749193,Balanced_Final_Split/Balanced_Final_Split/train/Irrelavant/unsplash-images-collection_original_photo-1628453596411-e696bd660f34.jpg_21f1d14e-5c7b-455f-bd9a-b0e2ced1ba17.jpg,Irrelavant,Irrelevant/Irrelevant/unsplash-images-collection_original_photo-1628453596411-e696bd660f34.jpg_21f1d14e-5c7b-455f-bd9a-b0e2ced1ba17.jpg,Irrelavant,false
7311e598ece86d78918c3a12213cc67c6e9c313be701535c79788dbe602d4ed0,Balanced_Final_Split/Balanced_Final_Split/train/Irrelavant/unsplash-images-collection_original_photo-1630465515450-fd8eec42e228.jpg_429208b6-c8b0-4abc-b57a-c9fc48da9a63.jpg,Irrelavant,Irrelevant/Irrelevant/unsplash-images-collection_original_photo-1630465515450-fd8eec42e228.jpg_429208b6-c8b0-4abc-b57a-c9fc48da9a63.jpg,Irrelavant,false
e8b1a8aad85bb78d7095c0770176d9eeba07871b45e8886e419ec22ea3dc9d84,Balanced_Final_Split/Balanced_Final_Split/train/Irrelavant/unsplash-images-collection_original_photo-1630511390079-566907b2fe1b.jpg_28ea0153-92df-47da-8627-ca54b88b38f0.jpg,Irrelavant,Irrelevant/Irrelevant/unsplash-images-collection_original_photo-1630511390079-566907b2fe1b.jpg_28ea0153-92df-47da-8627-ca54b88b38f0.jpg,Irrelavant,false
8cd9ea27269ea0f7bd6530d541ac1f85f6113955b78eae9b623dfb835dbaa1ac,Balanced_Final_Split/Balanced_Final_Split/train/Irrelavant/unsplash-images-collection_original_photo-1631478409245-d8f0e2c7d680.jpg_06ece9fd-48a9-466e-aa39-c0e1e753b98b.jpg,Irrelavant,Irrelevant/Irrelevant/unsplash-images-collection_original_photo-1631478409245-d8f0e2c7d680.jpg_06ece9fd-48a9-466e-aa39-c0e1e753b98b.jpg,Irrelavant,false
99bc36a3a25eaf8923faf3824dea1f6c3fbfe5399244c69dd8c40ea35f449a8c,Balanced_Final_Split/Balanced_Final_Split/train/Irrelavant/unsplash-images-collection_original_photo-1631507467986-bc98ba4ed1b3.jpg_8210f1dd-4633-45c1-bb7d-528f93910ff0.jpg,Irrelavant,Irrelevant/Irrelevant/unsplash-images-collection_original_photo-1631507467986-bc98ba4ed1b3.jpg_8210f1dd-4633-45c1-bb7d-528f93910ff0.jpg,Irrelavant,false
e522ffea5bd9485fee789b89a9255c986c94fac0d524ef40645f7b178ac4f639,Balanced_Final_Split/Balanced_Final_Split/train/Irrelavant/unsplash-images-collection_original_photo-1631945387381-d83bbe39cb54.jpg_02bc1b98-7f18-4b0c-b9d8-e7c255aa76b5.jpg,Irrelavant,Irrelevant/Irrelevant/unsplash-images-collection_original_photo-1631945387381-d83bbe39cb54.jpg_02bc1b98-7f18-4b0c-b9d8-e7c255aa76b5.jpg,Irrelavant,false
e822f7bf7d42f05cc14300d701a9711c50842357cab0e6132de2a7fad5896605,Balanced_Final_Split/Balanced_Final_Split/train/Irrelavant/unsplash-images-collection_original_photo-1632175169571-2b12d9709fee.jpg_0feb4655-a3fa-4acb-b4ce-7f15ceb1ce1c.jpg,Irrelavant,Irrelevant/Irrelevant/unsplash-images-collection_original_photo-1632175169571-2b12d9709fee.jpg_0feb4655-a3fa-4acb-b4ce-7f15ceb1ce1c.jpg,Irrelavant,false
2b458dc3e7b4d9c9c2a61002618ed649ee623a7b7d1a374ddb3b653bce115ca8,Balanced_Final_Split/Balanced_Final_Split/train/Irrelavant/unsplash-images-collection_original_photo-1632207383665-01e79c402af6.jpg_09b388cc-a4e0-40df-832e-5364416bcac9.jpg,Irrelavant,Irrelevant/Irrelevant/unsplash-images-collection_original_photo-1632207383665-01e79c402af6.jpg_09b388cc-a4e0-40df-832e-5364416bcac9.jpg,Irrelavant,false
2f8fef61e41f777b7b642914fcee4685bd96dd0183d137b82bf2e95a54cc8709,Balanced_Final_Split/Balanced_Final_Split/train/Irrelavant/unsplash-images-collection_original_photo-1632319096602-0f424d4a47f5.jpg_147d2d80-b4d0-4bc7-b1a1-e20f57d3936c.jpg,Irrelavant,Irrelevant/Irrelevant/unsplash-images-collection_original_photo-1632319096602-0f424d4a47f5.jpg_147d2d80-b4d0-4bc7-b1a1-e20f57d3936c.jpg,Irrelavant,false
04a316d9d648352978b9527ef4a59a345dbe53a2aad5a2a1f0f45dcd1caf12a5,Balanced_Final_Split/Balanced_Final_Split/train/Irrelavant/unsplash-images-collection_original_photo-1633083016072-3fcfec72cc68.jpg_1558cff8-de6a-4192-bcf9-e93b9ccb9b56.jpg,Irrelavant,Irrelevant/Irrelevant/unsplash-images-collection_original_photo-1633083016072-3fcfec72cc68.jpg_1558cff8-de6a-4192-bcf9-e93b9ccb9b56.jpg,Irrelavant,false
e05e6fc43f038ba2535950afb056443e0009466faf76522731e116b7a764783d,Balanced_Final_Split/Balanced_Final_Split/train/Irrelavant/unsplash-images-collection_original_photo-1633113088942-99089f4abffa.jpg_90e8fc1a-5fb2-4ccd-96bc-d1c1e3a7c5b6.jpg,Irrelavant,Irrelevant/Irrelevant/unsplash-images-collection_original_photo-1633113088942-99089f4abffa.jpg_90e8fc1a-5fb2-4ccd-96bc-d1c1e3a7c5b6.jpg,Irrelavant,false
2aaeb4b71744c5ce3950a52f3aeef002aa92cbe8c5fa7580618bed6838e2e5d2,Balanced_Final_Split/Balanced_Final_Split/train/Irrelavant/unsplash-images-collection_original_photo-1633113093730-47449a1a9c6e (1).jpg_3f3802cb-9f5f-46c2-abb8-c3b1491c4b8e.jpg,Irrelavant,Irrelevant/Irrelevant/unsplash-images-collection_original_photo-1633113093730-47449a1a9c6e (1).jpg_3f3802cb-9f5f-46c2-abb8-c3b1491c4b8e.jpg,Irrelavant,false
ca0dd4624a61a4ffe5dfc2eb1a0553b930dfa77c692198fcdb80b9353bc09bb8,Balanced_Final_Split/Balanced_Final_Split/train/Irrelavant/unsplash-images-collection_original_photo-1633113215719-e9cc39f594b2 (1).jpg_6e80aee2-afb8-415b-9bfc-17ae6f22dd93.jpg,Irrelavant,Irrelevant/Irrelevant/unsplash-images-collection_original_photo-1633113215719-e9cc39f594b2 (1).jpg_6e80aee2-afb8-415b-9bfc-17ae6f22dd93.jpg,Irrelavant,false
45eb3ea3fac00e7b8ade4938df2fc2693f9af27d4f5887b25beab32ff4331447,Balanced_Final_Split/Balanced_Final_Split/train/Irrelavant/unsplash-images-collection_original_photo-1633114127451-558041183c3b.jpg_06e482a8-4f0b-4d14-8105-9799f248b743.jpg,Irrelavant,Irrelevant/Irrelevant/unsplash-images-collection_original_photo-1633114127451-558041183c3b.jpg_06e482a8-4f0b-4d14-8105-9799f248b743.jpg,Irrelavant,false
97bdc955ac23983489d95c4922f48a1deed88a18e06701ddd7929f8afb626875,Balanced_Final_Split/Balanced_Final_Split/train/Irrelavant/unsplash-images-collection_original_photo-1633114127824-14b3207d7d74.jpg_13d18fa5-0d1e-4568-8339-cff858334610.jpg,Irrelavant,Irrelevant/Irrelevant/unsplash-images-collection_original_photo-1633114127824-14b3207d7d74.jpg_13d18fa5-0d1e-4568-8339-cff858334610.jpg,Irrelavant,false
a01a6420b0ff2b82cdced509a982e1c66c40d7836dcb97be056f72f875bfbabb,Balanced_Final_Split/Balanced_Final_Split/train/Irrelavant/unsplash-images-collection_original_photo-1633114128174-2f8aa49759b0.jpg_0cdd41f1-7226-451b-8a2c-3986e3b650c9.jpg,Irrelavant,Irrelevant/Irrelevant/unsplash-images-collection_original_photo-1633114128174-2f8aa49759b0.jpg_0cdd41f1-7226-451b-8a2c-3986e3b650c9.jpg,Irrelavant,false
78764aa829193c36660a5697f8f3d259df1a635d6ef5e07e316a251445ad0cfa,Balanced_Final_Split/Balanced_Final_Split/train/Irrelavant/unsplash-images-collection_original_photo-1633156114581-fc28bb136fa8.jpg_03b72ec1-49cc-4719-bbf4-c432177d7815.jpg,Irrelavant,Irrelevant/Irrelevant/unsplash-images-collection_original_photo-1633156114581-fc28bb136fa8.jpg_03b72ec1-49cc-4719-bbf4-c432177d7815.jpg,Irrelavant,false
54468d1afacb8dc83c8b62bc6ac82380313f6f1babc4c8a5d808b37efc6aee73,Balanced_Final_Split/Balanced_Final_Split/train/Irrelavant/unsplash-images-collection_original_photo-1633354585554-0f022d8a91dc.jpg_d94644bf-5bbc-4863-a6dc-8ed11126f47f.jpg,Irrelavant,Irrelevant/Irrelevant/unsplash-images-collection_original_photo-1633354585554-0f022d8a91dc.jpg_d94644bf-5bbc-4863-a6dc-8ed11126f47f.jpg,Irrelavant,false
fb36ab54e2b631b48ffb520ee18b34880521ef5d6818ddad9395ca5e64f1e264,Balanced_Final_Split/Balanced_Final_Split/train/Irrelavant/unsplash-images-collection_original_photo-1633706351407-49fc9a63ff9e.jpg_0ac9efed-3cb6-4eef-a26e-4f435a79056c.jpg,Irrelavant,Irrelevant/Irrelevant/unsplash-images-collection_original_photo-1633706351407-49fc9a63ff9e.jpg_0ac9efed-3cb6-4eef-a26e-4f435a79056c.jpg,Irrelavant,false
742f9f29622cebd0e938832a40896bffc1418566fa60acd21520cd8dae7453f0,Balanced_Final_Split/Balanced_Final_Split/train/Irrelavant/unsplash-images-collection_original_photo-1633847365928-70abe71ec3e5.jpg_0958dd11-ea47-463b-8d48-d8e29b06911c.jpg,Irrelavant,Irrelevant/Irrelevant/unsplash-images-collection_original_photo-1633847365928-70abe71ec3e5.jpg_0958dd11-ea47-463b-8d48-d8e29b06911c.jpg,Irrelavant,false
47062fb527e3c94821d7971c2c08fb8b59d4ea3ca2cd39cd02266a1bc3beeb00,Balanced_Final_Split/Balanced_Final_Split/train/Irrelavant/unsplash-images-collection_original_photo-1634064415653-ee82705f5451.jpg_041c31f1-0955-4b1e-b068-edef8a841b5b.jpg,Irrelavant,Irrelevant/Irrelevant/unsplash-images-collection_original_photo-1634064415653-ee82705f5451.jpg_041c31f1-0955-4b1e-b068-edef8a841b5b.jpg,Irrelavant,false
2731b2a5a10795a0185876af606bd9d29d1ea6c3327d48667e6a7f560a075f72,Balanced_Final_Split/Balanced_Final_Split/train/Irrelavant/unsplash-images-collection_original_photo-1634158930632-5fe117ef3574.jpg_4ac84c12-bbcb-48f0-8ebe-e0a5ccdf990f.jpg,Irrelavant,Irrelevant/Irrelevant/unsplash-images-collection_original_photo-1634158930632-5fe117ef3574.jpg_4ac84c12-bbcb-48f0-8ebe-e0a5ccdf990f.jpg,Irrelavant,false
9528d0d313e600db5e4caf3890f5bdb118478caeda4c636db8a6026e5bc0770f,Balanced_Final_Split/Balanced_Final_Split/train/Irrelavant/unsplash-images-collection_original_photo-1634307449316-e85197d0d4f9.jpg_60007598-5d2f-4191-8591-00184a130044.jpg,Irrelavant,Irrelevant/Irrelevant/unsplash-images-collection_original_photo-1634307449316-e85197d0d4f9.jpg_60007598-5d2f-4191-8591-00184a130044.jpg,Irrelavant,false
ca2aa9164b8a6e9ad83321a528cbc99d5b9d57ee70ddf9fb0d8f9ab81f5c0241,Balanced_Final_Split/Balanced_Final_Split/train/Irrelavant/unsplash-images-collection_original_photo-1634312977603-af4396eb24cb.jpg_028b7541-d898-4a2e-b7f6-cd679917b64f.jpg,Irrelavant,Irrelevant/Irrelevant/unsplash-images-collection_original_photo-1634312977603-af4396eb24cb.jpg_028b7541-d898-4a2e-b7f6-cd679917b64f.jpg,Irrelavant,false
496c5842fc885ff94d30546e984aaa03bbca547d43008f92cf6a25ea33303682,Balanced_Final_Split/Balanced_Final_Split/train/Irrelavant/unsplash-images-collection_original_photo-1634422110169-f260f670c3e8.jpg_617de0fe-e4cc-4afe-a6c3-11dbf7ff46a5.jpg,Irrelavant,Irrelevant/Irrelevant/unsplash-images-collection_original_photo-1634422110169-f260f670c3e8.jpg_617de0fe-e4cc-4afe-a6c3-11dbf7ff46a5.jpg,Irrelavant,false
a782eaceaa4075f4a0d4126763c0f9cf64a74f1e417d704ee247bb417bde739e,Balanced_Final_Split/Balanced_Final_Split/train/Irrelavant/unsplash-images-collection_original_photo-1634544190292-65c22300dcae.jpg_05a80052-10af-40aa-89b7-8bdef8fac000.jpg,Irrelavant,Irrelevant/Irrelevant/unsplash-images-collection_original_photo-1634544190292-65c22300dcae.jpg_05a80052-10af-40aa-89b7-8bdef8fac000.jpg,Irrelavant,false
ec2269d6baa582f7fbf376439899183089a32ed3c9ebceecad554844f5cb699e,Balanced_Final_Split/Balanced_Final_Split/train/Irrelavant/unsplash-images-collection_original_photo-1634562210417-46cce4febb86.jpg_6bc0df12-6898-4e99-97c1-578b54cf1e50.jpg,Irrelavant,Irrelevant/Irrelevant/unsplash-images-collection_original_photo-1634562210417-46cce4febb86.jpg_6bc0df12-6898-4e99-97c1-578b54cf1e50.jpg,Irrelavant,false
cf159149ecc0f956e71519b7fadeb3dbdc5b0f88fbadc364f7d267ab1546e15f,Balanced_Final_Split/Balanced_Final_Split/train/Irrelavant/unsplash-images-collection_original_photo-1634568006374-f7eea32e4b52.jpg_7fefbdfa-4989-4be8-a57c-0b0dd31f5a58.jpg,Irrelavant,Irrelevant/Irrelevant/unsplash-images-collection_original_photo-1634568006374-f7eea32e4b52.jpg_7fefbdfa-4989-4be8-a57c-0b0dd31f5a58.jpg,Irrelavant,false
fb8517b6a3891572cdfd8ecc65d53eba0df840ea3805d460c8b9505c8d5d0120,Balanced_Final_Split/Balanced_Final_Split/train/Irrelavant/unsplash-images-collection_original_photo-1634588081226-123954b41979.jpg_01f26f96-28c1-49c1-a51f-7bfc08d6c45e.jpg,Irrelavant,Irrelevant/Irrelevant/unsplash-images-collection_original_photo-1634588081226-123954b41979.jpg_01f26f96-28c1-49c1-a51f-7bfc08d6c45e.jpg,Irrelavant,false
c423ceda6a20e4c539d68b0caf1de793697bf516e48e5b98f7a114cdac24afab,Balanced_Final_Split/Balanced_Final_Split/train/Irrelavant/unsplash-images-collection_original_photo-1634589327639-97c05eb56a82 (1).jpg_15f68ca8-1ced-4074-8edb-8264526a3229.jpg,Irrelavant,Irrelevant/Irrelevant/unsplash-images-collection_original_photo-1634589327639-97c05eb56a82 (1).jpg_15f68ca8-1ced-4074-8edb-8264526a3229.jpg,Irrelavant,false
008acd09101617f8f6136f75aafef176c42f869300e62b61d33742382e65c8ab,Balanced_Final_Split/Balanced_Final_Split/train/Irrelavant/unsplash-images-collection_original_photo-1634644099092-734658d5e286.jpg_24075c55-f8c8-4af3-a553-e3d8a7287b9b.jpg,Irrelavant,Irrelevant/Irrelevant/unsplash-images-collection_original_photo-1634644099092-734658d5e286.jpg_24075c55-f8c8-4af3-a553-e3d8a7287b9b.jpg,Irrelavant,false
57bfa1395e34191f1e914df724b3c10d2357f53542f81c1c51cca8ad553a1e0c,Balanced_Final_Split/Balanced_Final_Split/train/Irrelavant/unsplash-images-collection_original_photo-1634734887392-84f5af6766e5.jpg_10248c10-20f1-457d-8879-786b1fce286e.jpg,Irrelavant,Irrelevant/Irrelevant/unsplash-images-collection_original_photo-1634734887392-84f5af6766e5.jpg_10248c10-20f1-457d-8879-786b1fce286e.jpg,Irrelavant,false
0166eb4a3c9338493dbc94a54956cc8957019ecfff729b05ee535c8022e6085e,Balanced_Final_Split/Balanced_Final_Split/train/Irrelavant/unsplash-images-collection_original_photo-1634834506368-dd46ec21438c.jpg_4e49651d-7f69-48e4-a23e-3bfdb17c1e47.jpg,Irrelavant,Irrelevant/Irrelevant/unsplash-images-collection_original_photo-1634834506368-dd46ec21438c.jpg_4e49651d-7f69-48e4-a23e-3bfdb17c1e47.jpg,Irrelavant,false
2325cc4bd2293e7c9aeeeca64f56cc4da444aacd91a29ea4a9a8b6f9c6b3d819,Balanced_Final_Split/Balanced_Final_Split/train/Irrelavant/unsplash-images-collection_original_photo-1634978160062-dbbb1751f786.jpg_09a3f132-9873-4cfb-9c53-f3551c702515.jpg,Irrelavant,Irrelevant/Irrelevant/unsplash-images-collection_original_photo-1634978160062-dbbb1751f786.jpg_09a3f132-9873-4cfb-9c53-f3551c702515.jpg,Irrelavant,false
87aaa0bf0cbd487536df1eb9ddc92421a5b762dd523a769fa875f80ff6df7e5d,Balanced_Final_Split/Balanced_Final_Split/train/Irrelavant/unsplash-images-collection_original_photo-1634994479491-88608622277e.jpg_22b2a47d-e15d-4356-9f95-8e55e63ebb28.jpg,Irrelavant,Irrelevant/Irrelevant/unsplash-images-collection_original_photo-1634994479491-88608622277e.jpg_22b2a47d-e15d-4356-9f95-8e55e63ebb28.jpg,Irrelavant,false
8ef6d86713c626c378a31dd34b21773c21e9b34e6ed67d7572ab31147db3afc0,Balanced_Final_Split/Balanced_Final_Split/train/Irrelavant/unsplash-images-collection_original_photo-1635055658722-494d99b8aebd.jpg_554d0cf2-d978-40e7-bfb3-d2ef3859decc.jpg,Irrelavant,Irrelevant/Irrelevant/unsplash-images-collection_original_photo-1635055658722-494d99b8aebd.jpg_554d0cf2-d978-40e7-bfb3-d2ef3859decc.jpg,Irrelavant,false
d820d8dd88552e79a294fbbb950d85d2d1f758b58f610071800dedd7fe676a5b,Balanced_Final_Split/Balanced_Final_Split/train/Irrelavant/unsplash-images-collection_original_photo-1635073878554-1d35fa316c4f.jpg_0747059a-0e22-4e06-aa07-0e1889ec566b.jpg,Irrelavant,Irrelevant/Irrelevant/unsplash-images-collection_original_photo-1635073878554-1d35fa316c4f.jpg_0747059a-0e22-4e06-aa07-0e1889ec566b.jpg,Irrelavant,false
1dbd06e0ee4b6c21f7e5ece98dc026ed4126adcf3a654ea74e186688f528b8c1,Balanced_Final_Split/Balanced_Final_Split/train/Irrelavant/unsplash-images-collection_original_photo-1635232958036-47d621343f0d.jpg_11cebfda-3dd0-42c4-ad51-9e8b29502f74.jpg,Irrelavant,Irrelevant/Irrelevant/unsplash-images-collection_original_photo-1635232958036-47d621343f0d.jpg_11cebfda-3dd0-42c4-ad51-9e8b29502f74.jpg,Irrelavant,false
16ba6d0086a17b216eafa690d947e6e3dfdc5dbae3df54ec24a346ca7da7b869,Balanced_Final_Split/Balanced_Final_Split/train/Irrelavant/unsplash-images-collection_original_photo-1635248426315-4f4f4f1440ff.jpg_80c1854d-fa04-4c8a-867f-47066f7ab8ad.jpg,Irrelavant,Irrelevant/Irrelevant/unsplash-images-collection_original_photo-1635248426315-4f4f4f1440ff.jpg_80c1854d-fa04-4c8a-867f-47066f7ab8ad.jpg,Irrelavant,false
3ed6154404300f53d83d1aaab90aa99f90bd4b61fcbca3bc6cbe05f8f2f440ce,Balanced_Final_Split/Balanced_Final_Split/train/Irrelavant/unsplash-images-collection_original_photo-1635250576368-9177a91f6697.jpg_0414df4e-cf16-4892-9cc6-a30ddca097ae.jpg,Irrelavant,Irrelevant/Irrelevant/unsplash-images-collection_original_photo-1635250576368-9177a91f6697.jpg_0414df4e-cf16-4892-9cc6-a30ddca097ae.jpg,Irrelavant,false
68f8d504d29712e99c53cbbe88c85d63071a33ce54edbaf8bd78e77b18833339,Balanced_Final_Split/Balanced_Final_Split/train/Irrelavant/unsplash-images-collection_original_photo-1635259351767-8317d3ff988e.jpg_1ce94736-247c-410e-84d0-5ab802f0e6ae.jpg,Irrelavant,Irrelevant/Irrelevant/unsplash-images-collection_original_photo-1635259351767-8317d3ff988e.jpg_1ce94736-247c-410e-84d0-5ab802f0e6ae.jpg,Irrelavant,false
de66f29adf411577b953be096e84faf349d98a095a60e2a8672151116568d8ab,Balanced_Final_Split/Balanced_Final_Split/train/Irrelavant/unsplash-images-collection_original_photo-1635262543956-948245c215d3.jpg_a0efce64-5882-4faf-bc8a-9b7c4d71c8bd.jpg,Irrelavant,Irrelevant/Irrelevant/unsplash-images-collection_original_photo-1635262543956-948245c215d3.jpg_a0efce64-5882-4faf-bc8a-9b7c4d71c8bd.jpg,Irrelavant,false
ad2742f13e3b9fd736df5c04683ebc38db52f0483730f7039c7e1c6e4647b65c,Balanced_Final_Split/Balanced_Final_Split/train/Irrelavant/unsplash-images-collection_original_photo-1635306054653-9c059b7b5a80.jpg_0852edaf-be7c-48d7-a19b-e2ec6c7554c8.jpg,Irrelavant,Irrelevant/Irrelevant/unsplash-images-collection_original_photo-1635306054653-9c059b7b5a80.jpg_0852edaf-be7c-48d7-a19b-e2ec6c7554c8.jpg,Irrelavant,false
210a2148c30837a30219b7a409335cf140ad69c3a249eef96fee3947c2baf735,Balanced_Final_Split/Balanced_Final_Split/train/Irrelavant/unsplash-images-collection_original_photo-1635327901073-25567d227ec8.jpg_11922ac5-bc5e-4015-8b55-bd607c734a01.jpg,Irrelavant,Irrelevant/Irrelevant/unsplash-images-collection_original_photo-1635327901073-25567d227ec8.jpg_11922ac5-bc5e-4015-8b55-bd607c734a01.jpg,Irrelavant,false
e383f9a84022a2eaa668a993fbcc552d5f8172dde31e4a76d834114ce8defff7,Balanced_Final_Split/Balanced_Final_Split/train/Irrelavant/unsplash-images-collection_original_photo-1635345825088-98068082ca5e.jpg_82644c4e-77af-4968-b9a1-e6a79b3384e6.jpg,Irrelavant,Irrelevant/Irrelevant/unsplash-images-collection_original_photo-1635345825088-98068082ca5e.jpg_82644c4e-77af-4968-b9a1-e6a79b3384e6.jpg,Irrelavant,false
d5003f8cef20ad6c3ff59b86b9504aa2e04bc03cc452ca5e2bf4f7c760c8ca9b,Balanced_Final_Split/Balanced_Final_Split/train/Irrelavant/unsplash-images-collection_original_photo-1635348984009-cae8a5bfa11d.jpg_48db3af6-7353-4fd0-a39b-433efd7eb475.jpg,Irrelavant,Irrelevant/Irrelevant/unsplash-images-collection_original_photo-1635348984009-cae8a5bfa11d.jpg_48db3af6-7353-4fd0-a39b-433efd7eb475.jpg,Irrelavant,false
144e79140e7be70b1b8d756f266b00d22f041c2c78ec646f07aa11d6d7e5159c,Balanced_Final_Split/Balanced_Final_Split/train/Irrelavant/unsplash-images-collection_original_photo-1635352263535-167aac6cc044.jpg_1ed62d7b-4901-4766-aa9c-333b757bfb89.jpg,Irrelavant,Irrelevant/Irrelevant/unsplash-images-collection_original_photo-1635352263535-167aac6cc044.jpg_1ed62d7b-4901-4766-aa9c-333b757bfb89.jpg,Irrelavant,false
85035369293a4f8b501b6f4908adb87d25af4b55a135b73d94f3f85f880e6407,Balanced_Final_Split/Balanced_Final_Split/train/Irrelavant/unsplash-images-collection_original_photo-1635352285792-dbef0d9f570a.jpg_255cd57c-83fc-47b8-919c-60b05a91fdbd.jpg,Irrelavant,Irrelevant/Irrelevant/unsplash-images-collection_original_photo-1635352285792-dbef0d9f570a.jpg_255cd57c-83fc-47b8-919c-60b05a91fdbd.jpg,Irrelavant,false
cef35afe8fcc31f3241276839711202a843b2d754523ae807acefd23c33082a0,Balanced_Final_Split/Balanced_Final_Split/train/Irrelavant/unsplash-images-collection_original_photo-1635353779138-0fddba218a30.jpg_3e788f21-3ba7-4964-9024-b7e124665624.jpg,Irrelavant,Irrelevant/Irrelevant/unsplash-images-collection_original_photo-1635353779138-0fddba218a30.jpg_3e788f21-3ba7-4964-9024-b7e124665624.jpg,Irrelavant,false
7aaa6d1e6bcf190a0d389cb4615609a8b58d0be50470e535a9da4717056b7004,Balanced_Final_Split/Balanced_Final_Split/train/Irrelavant/unsplash-images-collection_original_photo-1635357031846-fe1e959dc428.jpg_48724cc2-c6fa-4e5e-9e9a-e297bba26698.jpg,Irrelavant,Irrelevant/Irrelevant/unsplash-images-collection_original_photo-1635357031846-fe1e959dc428.jpg_48724cc2-c6fa-4e5e-9e9a-e297bba26698.jpg,Irrelavant,false
739493954b0c3d19661e096466487935b87b2757853693da853169a343b389f1,Balanced_Final_Split/Balanced_Final_Split/train/Irrelavant/unsplash-images-collection_original_photo-1635417310384-4a7d54255edd.jpg_24e7aac5-dc08-4910-afd6-843057da1ed8.jpg,Irrelavant,Irrelevant/Irrelevant/unsplash-images-collection_original_photo-1635417310384-4a7d54255edd.jpg_24e7aac5-dc08-4910-afd6-843057da1ed8.jpg,Irrelavant,false
c86565bf77c62ae247e11425e4b20ca1a956a86bc96414cacb77f344e612b5e8,Balanced_Final_Split/Balanced_Final_Split/train/Irrelavant/unsplash-images-collection_original_photo-1635438418767-a55edfc8a2d4.jpg_7eae3b30-2bec-4cd7-8820-db428dfae415.jpg,Irrelavant,Irrelevant/Irrelevant/unsplash-images-collection_original_photo-1635438418767-a55edfc8a2d4.jpg_7eae3b30-2bec-4cd7-8820-db428dfae415.jpg,Irrelavant,false
43cc8bc91ec8c65d52cf8470cb64faef91e71b72b8ca11dee784f00d442cc30b,Balanced_Final_Split/Balanced_Final_Split/train/Irrelavant/unsplash-images-collection_original_photo-1635438731506-5dedcd48314c.jpg_023f0a89-b510-4234-af70-bc1ac1bdcbe0.jpg,Irrelavant,Irrelevant/Irrelevant/unsplash-images-collection_original_photo-1635438731506-5dedcd48314c.jpg_023f0a89-b510-4234-af70-bc1ac1bdcbe0.jpg,Irrelavant,false
c09cc1fc3f016d17475170652b400316b5fe238e577d85c207ff5f35fdf12a1c,Balanced_Final_Split/Balanced_Final_Split/train/Irrelavant/unsplash-images-collection_original_photo-1635461742809-95b4f1365a7d.jpg_942844ec-1dcb-4599-bff7-f569ddc18353.jpg,Irrelavant,Irrelevant/Irrelevant/unsplash-images-collection_original_photo-1635461742809-95b4f1365a7d.jpg_942844ec-1dcb-4599-bff7-f569ddc18353.jpg,Irrelavant,false
b002c0eae97ea8eca0fb06fd394b1d2b562ad4de9f4348a1f577dc9e0ddb4e55,Balanced_Final_Split/Balanced_Final_Split/train/Irrelavant/unsplash-images-collection_original_photo-1635480180600-1f0413696374.jpg_06536a7d-c922-47c4-b727-189d228be715.jpg,Irrelavant,Irrelevant/Irrelevant/unsplash-images-collection_original_photo-1635480180600-1f0413696374.jpg_06536a7d-c922-47c4-b727-189d228be715.jpg,Irrelavant,false
9c6ca4ef4c15ea9928f880549033a0c88a65e8d2edd21a10c54f9aba1aa14e65,Balanced_Final_Split/Balanced_Final_Split/train/Irrelavant/unsplash-images-collection_original_photo-1635481628786-a1e8fc6569f2.jpg_21260f70-942e-4791-af32-7e1d37cc1645.jpg,Irrelavant,Irrelevant/Irrelevant/unsplash-images-collection_original_photo-1635481628786-a1e8fc6569f2.jpg_21260f70-942e-4791-af32-7e1d37cc1645.jpg,Irrelavant,false
d5fbf3d5d1fc1b67f09a104c5db03181a2e0447ed370edbbbef2b00a94c50a74,Balanced_Final_Split/Balanced_Final_Split/train/Irrelavant/unsplash-images-collection_original_photo-1635488638958-5dd6137f7995.jpg_0f64c39d-396c-4468-9629-befdcf551eae.jpg,Irrelavant,Irrelevant/Irrelevant/unsplash-images-collection_original_photo-1635488638958-5dd6137f7995.jpg_0f64c39d-396c-4468-9629-befdcf551eae.jpg,Irrelavant,false
929cd89f4c4fe4277d9a52e18ef51f4cbe6bbe70a224143aa4f12769f4a68316,Balanced_Final_Split/Balanced_Final_Split/train/Irrelavant/unsplash-images-collection_original_photo-1635502152437-18e0c22de313.jpg_12f5c717-fa3f-4ff5-9255-7183fa14f713.jpg,Irrelavant,Irrelevant/Irrelevant/unsplash-images-collection_original_photo-1635502152437-18e0c22de313.jpg_12f5c717-fa3f-4ff5-9255-7183fa14f713.jpg,Irrelavant,false
ba2b00e729e01f30ec2c08d2baad13016e1ff4f86760c586ad51f9d3e74bf8c8,Balanced_Final_Split/Balanced_Final_Split/train/Irrelavant/unsplash-images-collection_original_photo-1635504979606-b3e2fb1b07f2.jpg_26726c47-a230-4580-b2aa-4dfcbc89a648.jpg,Irrelavant,Irrelevant/Irrelevant/unsplash-images-collection_original_photo-1635504979606-b3e2fb1b07f2.jpg_26726c47-a230-4580-b2aa-4dfcbc89a648.jpg,Irrelavant,false
0a140cdc0696157abc11a241448bcd47369a9bd17bf30bdbcdeef7dea9d2007e,Balanced_Final_Split/Balanced_Final_Split/train/Irrelavant/unsplash-images-collection_original_photo-1635513562447-9791bbc6c956.jpg_147226c1-5ac6-4955-97cc-870a0e853782.jpg,Irrelavant,Irrelevant/Irrelevant/unsplash-images-collection_original_photo-1635513562447-9791bbc6c956.jpg_147226c1-5ac6-4955-97cc-870a0e853782.jpg,Irrelavant,false
1905dd5f0852d1e8dca596a5775f5c9097209088937ac227983af322eb589bea,Balanced_Final_Split/Balanced_Final_Split/train/Irrelavant/unsplash-images-collection_original_photo-1635514695347-05806de5be33.jpg_24f8e398-a8d6-4d4c-aa35-bbd07940e50e.jpg,Irrelavant,Irrelevant/Irrelevant/unsplash-images-collection_original_photo-1635514695347-05806de5be33.jpg_24f8e398-a8d6-4d4c-aa35-bbd07940e50e.jpg,Irrelavant,false
c379faf4f028b85c00bd71cd09b1a447d58890b8e785091525ff7b314438900e,Balanced_Final_Split/Balanced_Final_Split/train/Irrelavant/unsplash-images-collection_original_photo-1635546037630-107f3f848257.jpg_08ef28d4-09fc-4e98-92f1-834aca7c1598.jpg,Irrelavant,Irrelevant/Irrelevant/unsplash-images-collection_original_photo-1635546037630-107f3f848257.jpg_08ef28d4-09fc-4e98-92f1-834aca7c1598.jpg,Irrelavant,false
1bddb7f15b8dbd8277f1bb30222888e20fbaa9175e4b8288ba29f07bdf678214,Balanced_Final_Split/Balanced_Final_Split/train/Irrelavant/unsplash-images-collection_original_photo-1635586668235-6e1457115785.jpg_45ed8770-cf6c-4368-92b5-b2cf864c9c20.jpg,Irrelavant,Irrelevant/Irrelevant/unsplash-images-collection_original_photo-1635586668235-6e1457115785.jpg_45ed8770-cf6c-4368-92b5-b2cf864c9c20.jpg,Irrelavant,false
99c0077781a6120c8e591e1df043c109ed267722f25cae648b3c38926018e632,Balanced_Final_Split/Balanced_Final_Split/train/Irrelavant/unsplash-images-collection_original_photo-1635702959232-9dde3332384e.jpg_340bb453-907b-4ad6-9b7f-279523a8f82b.jpg,Irrelavant,Irrelevant/Irrelevant/unsplash-images-collection_original_photo-1635702959232-9dde3332384e.jpg_340bb453-907b-4ad6-9b7f-279523a8f82b.jpg,Irrelavant,false
b95c2fcc68c6c87c36bd20131a272621dac743a76f42841548e59a79c3858025,Balanced_Final_Split/Balanced_Final_Split/train/Irrelavant/unsplash-images-collection_original_photo-1635737588547-a8d97c2fb531.jpg_0959316b-473d-4912-bdc0-b020451e2440.jpg,Irrelavant,Irrelevant/Irrelevant/unsplash-images-collection_original_photo-1635737588547-a8d97c2fb531.jpg_0959316b-473d-4912-bdc0-b020451e2440.jpg,Irrelavant,false
0a1d310926a1ecdfdd6626cfe7448c57ae07f01eb80e93fdbaf0e343683969d5,Balanced_Final_Split/Balanced_Final_Split/train/Irrelavant/unsplash-images-collection_original_photo-1635768883237-1bb8cc584978.jpg_21bab826-459d-41b2-a479-3e3a61bdcdd6.jpg,Irrelavant,Irrelevant/Irrelevant/unsplash-images-collection_original_photo-1635768883237-1bb8cc584978.jpg_21bab826-459d-41b2-a479-3e3a61bdcdd6.jpg,Irrelavant,false
abc0c996bccea9d97151d092ba7e828db2f27961fcec8a76f660fc9ae4251616,Balanced_Final_Split/Balanced_Final_Split/train/Irrelavant/unsplash-images-collection_original_photo-1635807012936-540d20f59e34.jpg_25726e98-a674-4864-b1c8-667cabff2312.jpg,Irrelavant,Irrelevant/Irrelevant/unsplash-images-collection_original_photo-1635807012936-540d20f59e34.jpg_25726e98-a674-4864-b1c8-667cabff2312.jpg,Irrelavant,false
450456a51da768fb8c55cd80c647a11222bb71bd38da01e6e9d9dfb6a1ce55b4,Balanced_Final_Split/Balanced_Final_Split/train/Irrelavant/unsplash-images-collection_original_photo-1635811673181-dfcec01cff02.jpg_54215d61-7bf5-49a8-bedd-e1e276a89b94.jpg,Irrelavant,Irrelevant/Irrelevant/unsplash-images-collection_original_photo-1635811673181-dfcec01cff02.jpg_54215d61-7bf5-49a8-bedd-e1e276a89b94.jpg,Irrelavant,false
2c24c3ecc64de74168e7da792ad4bc5ff18b8d81317c0c8a1d278aad9b4bc0d2,Balanced_Final_Split/Balanced_Final_Split/train/Irrelavant/unsplash-images-collection_original_photo-1635817301822-0f6fe9a4c0b2.jpg_4cde40c3-d075-435c-baa8-b2d6adc1ceaf.jpg,Irrelavant,Irrelevant/Irrelevant/unsplash-images-collection_original_photo-1635817301822-0f6fe9a4c0b2.jpg_4cde40c3-d075-435c-baa8-b2d6adc1ceaf.jpg,Irrelavant,false
e54f4b6f8d258ccf989c9cf76bc390e9c6ea7428db9cc5d3f52591039267959b,Balanced_Final_Split/Balanced_Final_Split/train/Irrelavant/unsplash-images-collection_original_photo-1635870224299-51d078291d54.jpg_00de7c78-b048-409d-8ce6-f795c51051b2.jpg,Irrelavant,Irrelevant/Irrelevant/unsplash-images-collection_original_photo-1635870224299-51d078291d54.jpg_00de7c78-b048-409d-8ce6-f795c51051b2.jpg,Irrelavant,false
67c78547321dcd13c0d8b1556dde165b319c144c4d2db43f04a14ef00f36571a,Balanced_Final_Split/Balanced_Final_Split/train/Irrelavant/unsplash-images-collection_original_photo-1635876988521-35f66cda80ab.jpg_0173e436-5a14-4700-9361-455ec38e6d67.jpg,Irrelavant,Irrelevant/Irrelevant/unsplash-images-collection_original_photo-1635876988521-35f66cda80ab.jpg_0173e436-5a14-4700-9361-455ec38e6d67.jpg,Irrelavant,false
c4a4b2bc990c45d1cf1a9ff18594114b9b5d5dffd96bd7ee1328bdf3f5ae843e,Balanced_Final_Split/Balanced_Final_Split/train/Irrelavant/unsplash-images-collection_original_photo-1635914741250-2391bd64f1ca.jpg_0ad108ad-4b8b-4d0c-ac9a-6283efa71ed2.jpg,Irrelavant,Irrelevant/Irrelevant/unsplash-images-collection_original_photo-1635914741250-2391bd64f1ca.jpg_0ad108ad-4b8b-4d0c-ac9a-6283efa71ed2.jpg,Irrelavant,false
f76be932464532aa215ca713364bc371de30214a3d06fc0a7d4495fc425a64c3,Balanced_Final_Split/Balanced_Final_Split/train/Irrelavant/unsplash-images-collection_original_photo-1635924941939-2b58521c61fa.jpg_158483c0-4125-4ded-aa0f-f6d01aba08e7.jpg,Irrelavant,Irrelevant/Irrelevant/unsplash-images-collection_original_photo-1635924941939-2b58521c61fa.jpg_158483c0-4125-4ded-aa0f-f6d01aba08e7.jpg,Irrelavant,false
679517bd3f2bf669e59a832e111edea610b708d29d0d220df1d04cd8c0cc2c78,Balanced_Final_Split/Balanced_Final_Split/train/Irrelavant/unsplash-images-collection_original_photo-1635949604307-42b5c2b5bdde.jpg_49ac412c-39c1-4702-9d55-3f3b977b342d.jpg,Irrelavant,Irrelevant/Irrelevant/unsplash-images-collection_original_photo-1635949604307-42b5c2b5bdde.jpg_49ac412c-39c1-4702-9d55-3f3b977b342d.jpg,Irrelavant,false
aab40f06dc1277cd7c29ae392de4812375f5aa82aee20ba8a5026f7d83c50e30,Balanced_Final_Split/Balanced_Final_Split/train/Irrelavant/unsplash-images-collection_original_photo-1635950533753-39e59a5a1d74.jpg_24f94962-0b50-4d57-83e4-8a0fa056bb68.jpg,Irrelavant,Irrelevant/Irrelevant/unsplash-images-collection_original_photo-1635950533753-39e59a5a1d74.jpg_24f94962-0b50-4d57-83e4-8a0fa056bb68.jpg,Irrelavant,false
4d59d37077a784864e9af4ccbcb5a6f037ad0faabec01206589d53632c8f5e49,Balanced_Final_Split/Balanced_Final_Split/train/Irrelavant/unsplash-images-collection_original_photo-1635958030830-f0bbd21d919c.jpg_1a6c07f6-b2fd-4696-8567-6616ab128763.jpg,Irrelavant,Irrelevant/Irrelevant/unsplash-images-collection_original_photo-1635958030830-f0bbd21d919c.jpg_1a6c07f6-b2fd-4696-8567-6616ab128763.jpg,Irrelavant,false
608fa7f75c3ed7940ae0a3879c1e2ac4d9be15de41780316067c7bf0898ed61e,Balanced_Final_Split/Balanced_Final_Split/train/Irrelavant/unsplash-images-collection_original_photo-1635959565667-aeb00a4297ba.jpg_2a28d171-8ff1-4e6f-b079-a4c1e8686116.jpg,Irrelavant,Irrelevant/Irrelevant/unsplash-images-collection_original_photo-1635959565667-aeb00a4297ba.jpg_2a28d171-8ff1-4e6f-b079-a4c1e8686116.jpg,Irrelavant,false
24de02665773268052fd290c1b14eca77245433ffc58b5895cf3149c74cf6c62,Balanced_Final_Split/Balanced_Final_Split/train/Irrelavant/unsplash-images-collection_original_photo-1635960778807-ff898f036487.jpg_39616d3f-bd76-4f5c-b232-50de15531441.jpg,Irrelavant,Irrelevant/Irrelevant/unsplash-images-collection_original_photo-1635960778807-ff898f036487.jpg_39616d3f-bd76-4f5c-b232-50de15531441.jpg,Irrelavant,false
61a418f270eb36a07a9385c073bd09859208b5ee194f46db6525d90bf6dc681e,Balanced_Final_Split/Balanced_Final_Split/train/Irrelavant/unsplash-images-collection_original_photo-1635965686975-b140d00d3b0d.jpg_0347b829-87b5-46cb-8819-fefad4a89a36.jpg,Irrelavant,Irrelevant/Irrelevant/unsplash-images-collection_original_photo-1635965686975-b140d00d3b0d.jpg_0347b829-87b5-46cb-8819-fefad4a89a36.jpg,Irrelavant,false
acf5050de88522be184dc14f0c7f6776966fce74ce28e6129c7f7dfa3548cfc1,Balanced_Final_Split/Balanced_Final_Split/train/Irrelavant/unsplash-images-collection_original_photo-1635979122332-93e6d4c60c23.jpg_0cac14c1-0b95-4672-bd2f-8fd31e4dc0a0.jpg,Irrelavant,Irrelevant/Irrelevant/unsplash-images-collection_original_photo-1635979122332-93e6d4c60c23.jpg_0cac14c1-0b95-4672-bd2f-8fd31e4dc0a0.jpg,Irrelavant,false
5353d1708522b8476d1c1d1671bd24ee9796b53a73952ffe5c8c39f121867b91,Balanced_Final_Split/Balanced_Final_Split/train/Irrelavant/unsplash-images-collection_original_photo-1635993522806-a9998e360804.jpg_02453ca4-fa86-45ef-b63c-7127c9fb1f6f.jpg,Irrelavant,Irrelevant/Irrelevant/unsplash-images-collection_original_photo-1635993522806-a9998e360804.jpg_02453ca4-fa86-45ef-b63c-7127c9fb1f6f.jpg,Irrelavant,false
6fea4bf3aec6a71d5c82748fb78429e14f80c1a026ed1d4d93884f9416733998,Balanced_Final_Split/Balanced_Final_Split/train/Irrelavant/unsplash-images-collection_original_photo-1636015348041-cea51783d2ec.jpg_0fcc214e-f5b5-46eb-b145-e89f5c98f8ac.jpg,Irrelavant,Irrelevant/Irrelevant/unsplash-images-collection_original_photo-1636015348041-cea51783d2ec.jpg_0fcc214e-f5b5-46eb-b145-e89f5c98f8ac.jpg,Irrelavant,false
e3d42e95377959ab5f3f09b33aa68bc5901d965660c189bdcd8a6b7e7ba596e8,Balanced_Final_Split/Balanced_Final_Split/train/Irrelavant/unsplash-images-collection_original_photo-1636022250354-fab41ffa27de.jpg_2111dfb9-bb8b-4a22-adda-796b1ba04c30.jpg,Irrelavant,Irrelevant/Irrelevant/unsplash-images-collection_original_photo-1636022250354-fab41ffa27de.jpg_2111dfb9-bb8b-4a22-adda-796b1ba04c30.jpg,Irrelavant,false
e47fce153d142365bb04e5278da9e4defecc49c197bedf70d8da796214fec79f,Balanced_Final_Split/Balanced_Final_Split/train/Irrelavant/unsplash-images-collection_original_photo-1636027572844-0ef78ee54c6d.jpg_5fb1d299-9159-469d-ba02-e2fda9a3c658.jpg,Irrelavant,Irrelevant/Irrelevant/unsplash-images-collection_original_photo-1636027572844-0ef78ee54c6d.jpg_5fb1d299-9159-469d-ba02-e2fda9a3c658.jpg,Irrelavant,false
c6b29dcf6ae4bf6d251a67f43dbd7ba6a1e1e1da4cae7ab339b21c7b750684e1,Balanced_Final_Split/Balanced_Final_Split/train/Irrelavant/unsplash-images-collection_original_photo-1636034625622-2a983466599e.jpg_0ac688ed-56d9-4409-8c3c-e82774a3d7d6.jpg,Irrelavant,Irrelevant/Irrelevant/unsplash-images-collection_original_photo-1636034625622-2a983466599e.jpg_0ac688ed-56d9-4409-8c3c-e82774a3d7d6.jpg,Irrelavant,false
32102b8068db404a4047c9127297a4a4646723cc4924767441ea0727852aaf40,Balanced_Final_Split/Balanced_Final_Split/train/Irrelavant/unsplash-images-collection_original_photo-1636036110946-d8c905470b7f.jpg_45aaa2a7-99a9-4fe1-a6a4-aee7cd8d9dc8.jpg,Irrelavant,Irrelevant/Irrelevant/unsplash-images-collection_original_photo-1636036110946-d8c905470b7f.jpg_45aaa2a7-99a9-4fe1-a6a4-aee7cd8d9dc8.jpg,Irrelavant,false
22e58cfa7d2cdcecad1621713f7cf6346c7e612931e27a3334ee8da561017897,Balanced_Final_Split/Balanced_Final_Split/train/Irrelavant/unsplash-images-collection_original_photo-1636038301178-0534cabba3db.jpg_53a9c731-1311-4ee0-9fef-7c5757aeb72f.jpg,Irrelavant,Irrelevant/Irrelevant/unsplash-images-collection_original_photo-1636038301178-0534cabba3db.jpg_53a9c731-1311-4ee0-9fef-7c5757aeb72f.jpg,Irrelavant,false
3653e73e431838a579d966b137552deba48dad7585102d7210334b9ac39dd33c,Balanced_Final_Split/Balanced_Final_Split/train/Irrelavant/unsplash-images-collection_original_photo-1636059863611-aa0715fc9f48.jpg_72fd3ed4-1309-419d-ab9d-55131e40a9ed.jpg,Irrelavant,Irrelevant/Irrelevant/unsplash-images-collection_original_photo-1636059863611-aa0715fc9f48.jpg_72fd3ed4-1309-419d-ab9d-55131e40a9ed.jpg,Irrelavant,false
974b59e66f2ee94a7e67ade2f9c686d1a3326c42e277af339c5f4ba2f815e6a3,Balanced_Final_Split/Balanced_Final_Split/train/Irrelavant/unsplash-images-collection_original_photo-1636071659269-b796a1b56b9d.jpg_0689ac4f-c1ad-4839-855a-f51b1b1cd524.jpg,Irrelavant,Irrelevant/Irrelevant/unsplash-images-collection_original_photo-1636071659269-b796a1b56b9d.jpg_0689ac4f-c1ad-4839-855a-f51b1b1cd524.jpg,Irrelavant,false
52fd4f7bf48b233cf711b18d99a466c2dcbb1f553e07e735a67b18b47c29508d,Balanced_Final_Split/Balanced_Final_Split/train/Irrelavant/unsplash-images-collection_original_photo-1636093666353-a550fa61150c.jpg_0b8f8100-598e-4707-a938-09a08fa72f97.jpg,Irrelavant,Irrelevant/Irrelevant/unsplash-images-collection_original_photo-1636093666353-a550fa61150c.jpg_0b8f8100-598e-4707-a938-09a08fa72f97.jpg,Irrelavant,false
f6fb364d840e08a1d1c9e0d4a6b430fee148600b15cfd8a2729c0f8655854b3b,Balanced_Final_Split/Balanced_Final_Split/train/Irrelavant/unsplash-images-collection_original_photo-1636106020064-2658eb589d36.jpg_6f6531a1-5a10-4bbd-9a38-262c0e40abf1.jpg,Irrelavant,Irrelevant/Irrelevant/unsplash-images-collection_original_photo-1636106020064-2658eb589d36.jpg_6f6531a1-5a10-4bbd-9a38-262c0e40abf1.jpg,Irrelavant,false
fe0488addadde354069842584673027081e2a40eaea45e3fb78f2900492df5c4,Balanced_Final_Split/Balanced_Final_Split/train/Irrelavant/unsplash-images-collection_original_photo-1636110351301-dc7ab9025cd9.jpg_35f252bb-a03c-47c9-95c7-7f58176cb46e.jpg,Irrelavant,Irrelevant/Irrelevant/unsplash-images-collection_original_photo-1636110351301-dc7ab9025cd9.jpg_35f252bb-a03c-47c9-95c7-7f58176cb46e.jpg,Irrelavant,false
7abb4a10ab1cc0d7ebee947bef686b057176b00c9247d3eb6a3059c37718fb06,Balanced_Final_Split/Balanced_Final_Split/train/Irrelavant/unsplash-images-collection_original_photo-1636122436351-e36772ee8876.jpg_0a7fd647-73d4-4092-9d38-671c4aef99bc.jpg,Irrelavant,Irrelevant/Irrelevant/unsplash-images-collection_original_photo-1636122436351-e36772ee8876.jpg_0a7fd647-73d4-4092-9d38-671c4aef99bc.jpg,Irrelavant,false
ed1efd6ad091da5468b4d83c58eacf67b107372c4ea32dc89d50ba02e6f68465,Balanced_Final_Split/Balanced_Final_Split/train/Irrelavant/unsplash-images-collection_original_photo-1636124462545-a03553f4a4d8.jpg_283871e8-e98a-4560-8e96-4ec46ce562c4.jpg,Irrelavant,Irrelevant/Irrelevant/unsplash-images-collection_original_photo-1636124462545-a03553f4a4d8.jpg_283871e8-e98a-4560-8e96-4ec46ce562c4.jpg,Irrelavant,false
c6efb3be4a4f9dfe4eb563c3a45b51928ae17022eff77ce92615a8ba9da01b78,Balanced_Final_Split/Balanced_Final_Split/train/Irrelavant/unsplash-images-collection_original_photo-1636126175692-ef9f1d41a038.jpg_007a61b2-ce5c-40b5-b8ec-39fccbcf4b18.jpg,Irrelavant,Irrelevant/Irrelevant/unsplash-images-collection_original_photo-1636126175692-ef9f1d41a038.jpg_007a61b2-ce5c-40b5-b8ec-39fccbcf4b18.jpg,Irrelavant,false
b62a43e9690f5b4949f6b049b4945c751d2405559215188761ac7040d36b2bc2,Balanced_Final_Split/Balanced_Final_Split/train/Irrelavant/unsplash-images-collection_original_photo-1636126176840-c61d03604424.jpg_2f2ea9ac-c237-4471-bbaf-13a022d18838.jpg,Irrelavant,Irrelevant/Irrelevant/unsplash-images-collection_original_photo-1636126176840-c61d03604424.jpg_2f2ea9ac-c237-4471-bbaf-13a022d18838.jpg,Irrelavant,false
b9afb82b24304979dbe22d653f8aa7c64ea211a512591ac1db97799870819565,Balanced_Final_Split/Balanced_Final_Split/train/Irrelavant/unsplash-images-collection_original_photo-1636132694371-9b92d0b6e928.jpg_23f2a9fd-551e-4afb-9e8e-fc8e4658423d.jpg,Irrelavant,Irrelevant/Irrelevant/unsplash-images-collection_original_photo-1636132694371-9b92d0b6e928.jpg_23f2a9fd-551e-4afb-9e8e-fc8e4658423d.jpg,Irrelavant,false
e2d2776693190efc55603fdeab7cda8e5373f642fbf7fe3e018c76bb19a47bb0,Balanced_Final_Split/Balanced_Final_Split/train/Irrelavant/unsplash-images-collection_original_photo-1636137088104-ab8cbb30d645.jpg_0883c0f4-250f-4708-b7f6-4670996d4e39.jpg,Irrelavant,Irrelevant/Irrelevant/unsplash-images-collection_original_photo-1636137088104-ab8cbb30d645.jpg_0883c0f4-250f-4708-b7f6-4670996d4e39.jpg,Irrelavant,false
1963e6fba5655bbb192da3bb2c80e5b9dbb0fad76a27c42bb027c7597b0a26d8,Balanced_Final_Split/Balanced_Final_Split/train/Irrelavant/unsplash-images-collection_original_photo-1636138104978-dbe7042043fb.jpg_18461751-768b-410d-9697-29ddb92f5c88.jpg,Irrelavant,Irrelevant/Irrelevant/unsplash-images-collection_original_photo-1636138104978-dbe7042043fb.jpg_18461751-768b-410d-9697-29ddb92f5c88.jpg,Irrelavant,false
43201cd0fb95ca2aa44d6f4f525f7efb93980e7973af2fc399467c573b4c5f57,Balanced_Final_Split/Balanced_Final_Split/test/irrelavant/unsplash-images-collection_original_photo-1636138389505-cbe6304db246.jpg_3c4e19a4-9538-402b-9836-c9748c66e092.jpg,Irrelavant,Irrelevant/Irrelevant/unsplash-images-collection_original_photo-1636138389505-cbe6304db246.jpg_3c4e19a4-9538-402b-9836-c9748c66e092.jpg,Irrelavant,false
bc0cd264a5fa88f5d7c8bb4a7d9b18f5527c6c8020839ec3fd484d7a187fefa4,Balanced_Final_Split/Balanced_Final_Split/test/irrelavant/unsplash-images-collection_original_photo-1636139677414-306c924e79a2.jpg_20350cf0-d49a-43cf-affa-9001c84f11d8.jpg,Irrelavant,Irrelevant/Irrelevant/unsplash-images-collection_original_photo-1636139677414-306c924e79a2.jpg_20350cf0-d49a-43cf-affa-9001c84f11d8.jpg,Irrelavant,false
50c35095c332c068097d3bb5172f04319efab2abc40efb35ff4baa53b5de4174,Balanced_Final_Split/Balanced_Final_Split/train/Irrelavant/unsplash-images-collection_original_photo-1636142536407-0e1d43cfd3db.jpg_2c0ff847-e1fc-4e8a-8876-7f77079f9cb1.jpg,Irrelavant,Irrelevant/Irrelevant/unsplash-images-collection_original_photo-1636142536407-0e1d43cfd3db.jpg_2c0ff847-e1fc-4e8a-8876-7f77079f9cb1.jpg,Irrelavant,false
257219556712745306f7fc855b8f7b2df111d1119425758e7384cb957652c089,Balanced_Final_Split/Balanced_Final_Split/train/Irrelavant/unsplash-images-collection_original_photo-1636143135393-2f68f6d360da.jpg_061188c4-9301-4eba-8117-f9adf23af8d0.jpg,Irrelavant,Irrelevant/Irrelevant/unsplash-images-collection_original_photo-1636143135393-2f68f6d360da.jpg_061188c4-9301-4eba-8117-f9adf23af8d0.jpg,Irrelavant,false
7a8ad60e6eed7e73d966a8941f62cdd07c9461d551a1114ab9ac6924c826f18e,Balanced_Final_Split/Balanced_Final_Split/train/Irrelavant/unsplash-images-collection_original_photo-1636145354736-439482e677a5.jpg_174d0d43-1706-423e-8f82-d90853e68754.jpg,Irrelavant,Irrelevant/Irrelevant/unsplash-images-collection_original_photo-1636145354736-439482e677a5.jpg_174d0d43-1706-423e-8f82-d90853e68754.jpg,Irrelavant,false
4ca457026542d90135465c32344a6fdd94d3da1045cd7d125ae1cfdb66f75d95,Balanced_Final_Split/Balanced_Final_Split/test/irrelavant/unsplash-images-collection_original_photo-1636145411033-41bb1b898d5c.jpg_0ed5b575-7f99-402b-9ac0-cc30eacac2f7.jpg,Irrelavant,Irrelevant/Irrelevant/unsplash-images-collection_original_photo-1636145411033-41bb1b898d5c.jpg_0ed5b575-7f99-402b-9ac0-cc30eacac2f7.jpg,Irrelavant,false
0716ef865fa87ab5597cd2b614174235103318bd7dead08aee3952b41814ff36,Balanced_Final_Split/Balanced_Final_Split/train/Irrelavant/unsplash-images-collection_original_photo-1636148949037-577be4e696a1.jpg_2995fd7f-3170-4064-a8a1-afd98031f011.jpg,Irrelavant,Irrelevant/Irrelevant/unsplash-images-collection_original_photo-1636148949037-577be4e696a1.jpg_2995fd7f-3170-4064-a8a1-afd98031f011.jpg,Irrelavant,false
2b3b756c486fefbca1a5d25c8f66ac68b24b4f0d6fb34ed62127ec3485ca461e,Balanced_Final_Split/Balanced_Final_Split/train/Irrelavant/unsplash-images-collection_original_photo-1636158926664-121bd598e8a7.jpg_02315441-a55b-497a-b8f8-22d471164c68.jpg,Irrelavant,Irrelevant/Irrelevant/unsplash-images-collection_original_photo-1636158926664-121bd598e8a7.jpg_02315441-a55b-497a-b8f8-22d471164c68.jpg,Irrelavant,false
49b015f3076b71d4089a02c1c68e69a400fa373675052167e52071dd672dcc8e,Balanced_Final_Split/Balanced_Final_Split/test/irrelavant/unsplash-images-collection_original_photo-1636181319910-5ad366ca8d36.jpg_15429ee7-e7f5-4d48-b94e-5b8f7216c83b.jpg,Irrelavant,Irrelevant/Irrelevant/unsplash-images-collection_original_photo-1636181319910-5ad366ca8d36.jpg_15429ee7-e7f5-4d48-b94e-5b8f7216c83b.jpg,Irrelavant,false
f5b1db098a75978aee85727ca382b558a0a44e45b715ef807d0057b208dc37c4,Balanced_Final_Split/Balanced_Final_Split/train/Irrelavant/unsplash-images-collection_original_photo-1636185580609-9a0cecbb7013.jpg_08af031c-ab67-402a-9dab-c99fdd9e2306.jpg,Irrelavant,Irrelevant/Irrelevant/unsplash-images-collection_original_photo-1636185580609-9a0cecbb7013.jpg_08af031c-ab67-402a-9dab-c99fdd9e2306.jpg,Irrelavant,false
247fbd6ab4b3137693c51c189cbb6e26ca8fec993eb3eeab2d31fa431b535888,Balanced_Final_Split/Balanced_Final_Split/test/irrelavant/unsplash-images-collection_original_photo-1636192677130-83a4cbd0f7d3.jpg_07593261-d138-40e3-973c-7cfeec2136c3.jpg,Irrelavant,Irrelevant/Irrelevant/unsplash-images-collection_original_photo-1636192677130-83a4cbd0f7d3.jpg_07593261-d138-40e3-973c-7cfeec2136c3.jpg,Irrelavant,false
170ad19e59248abb483b74e750bdb3a4d303130156c289c0079f386e2f59c6b3,Balanced_Final_Split/Balanced_Final_Split/train/Irrelavant/unsplash-images-collection_original_photo-1636205676986-8ad0081a792d.jpg_46f41795-61c1-4a70-add4-9f76787e4d94.jpg,Irrelavant,Irrelevant/Irrelevant/unsplash-images-collection_original_photo-1636205676986-8ad0081a792d.jpg_46f41795-61c1-4a70-add4-9f76787e4d94.jpg,Irrelavant,false
06ff2bdf1a159f9cb6569a7cbb2dd719aeacebb75a7d3f61cc85f1043b0561f8,Balanced_Final_Split/Balanced_Final_Split/train/Irrelavant/unsplash-images-collection_original_photo-1636207218371-734ad3756098.jpg_39ae5049-2e07-4f79-ae2f-df53d5f19224.jpg,Irrelavant,Irrelevant/Irrelevant/unsplash-images-collection_original_photo-1636207218371-734ad3756098.jpg_39ae5049-2e07-4f79-ae2f-df53d5f19224.jpg,Irrelavant,false
487ede285f5e5566bacf4d23f7af77fb277fdbdda44510a145bb7225308c1aaa,Balanced_Final_Split/Balanced_Final_Split/train/Irrelavant/unsplash-images-collection_original_photo-1636244411431-e4ac0ce7b52d.jpg_34a904ec-ddd1-4c31-be3c-bed8713d7b29.jpg,Irrelavant,Irrelevant/Irrelevant/unsplash-images-collection_original_photo-1636244411431-e4ac0ce7b52d.jpg_34a904ec-ddd1-4c31-be3c-bed8713d7b29.jpg,Irrelavant,false
4bd849e9aeb595c007462a64b2427a489c8dea375aa83781eea62c3f2606e0cb,Balanced_Final_Split/Balanced_Final_Split/train/Irrelavant/unsplash-images-collection_original_photo-1636307777550-3a5d2bdf69a1.jpg_147c199f-c576-4945-998c-0b3f31e1e6ad.jpg,Irrelavant,Irrelevant/Irrelevant/unsplash-images-collection_original_photo-1636307777550-3a5d2bdf69a1.jpg_147c199f-c576-4945-998c-0b3f31e1e6ad.jpg,Irrelavant,false
ef6738897ba18e51b2857c9082a8b87a96cf44232c7fdfbda3c0453942f0e4b2,Balanced_Final_Split/Balanced_Final_Split/train/Irrelavant/unsplash-images-collection_original_photo-1636309311589-68e0d689fc07.jpg_914b07f6-664c-4914-84e9-412866d8818b.jpg,Irrelavant,Irrelevant/Irrelevant/unsplash-images-collection_original_photo-1636309311589-68e0d689fc07.jpg_914b07f6-664c-4914-84e9-412866d8818b.jpg,Irrelavant,false
d21467be5ab662fae1c2351742f17adda1e1944cf8606c9100459c92275e28fc,Balanced_Final_Split/Balanced_Final_Split/train/Irrelavant/unsplash-images-collection_original_photo-1636333134183-e27836b3d4be.jpg_0c3a5db3-c56f-4946-951a-2d117986c064.jpg,Irrelavant,Irrelevant/Irrelevant/unsplash-images-collection_original_photo-1636333134183-e27836b3d4be.jpg_0c3a5db3-c56f-4946-951a-2d117986c064.jpg,Irrelavant,false
7636bf6349d4c8961d82fccf46c7225daa307b5273f71bc1cf8bf190dfdff302,Balanced_Final_Split/Balanced_Final_Split/train/Irrelavant/unsplash-images-collection_original_photo-1636541745435-fdfeb585e603.jpg_0b91fb59-5b78-4299-bae9-baeeea699780.jpg,Irrelavant,Irrelevant/Irrelevant/unsplash-images-collection_original_photo-1636541745435-fdfeb585e603.jpg_0b91fb59-5b78-4299-bae9-baeeea699780.jpg,Irrelavant,false
0eaf7244c18318cf52bd2c79eef81c90da9c95543533622b1300984345548747,Balanced_Final_Split/Balanced_Final_Split/test/irrelavant/unsplash-images-collection_original_photo-1636742146345-cab95273c11a.jpg_22623690-b467-4561-8de2-1257c06af08b.jpg,Irrelavant,Irrelevant/Irrelevant/unsplash-images-collection_original_photo-1636742146345-cab95273c11a.jpg_22623690-b467-4561-8de2-1257c06af08b.jpg,Irrelavant,false
940546574b6da6138f00b8fb093cb2858b861d68479f0558bf041a5e951103bf,Balanced_Final_Split/Balanced_Final_Split/train/Irrelavant/unsplash-images-collection_original_photo-1636866764019-e230ab5c9d08.jpg_0d51d433-04b3-4515-b475-000d27a65300.jpg,Irrelavant,Irrelevant/Irrelevant/unsplash-images-collection_original_photo-1636866764019-e230ab5c9d08.jpg_0d51d433-04b3-4515-b475-000d27a65300.jpg,Irrelavant,false
42f76e88d45b40c2272e8ca4f668e1b3362f45d91cfcc15abf2d0a255acb3644,Balanced_Final_Split/Balanced_Final_Split/train/Irrelavant/unsplash-images-collection_original_photo-1636962646984-b8ac780efda6.jpg_16a722a7-9836-493a-b1e9-e1d4af76d05f.jpg,Irrelavant,Irrelevant/Irrelevant/unsplash-images-collection_original_photo-1636962646984-b8ac780efda6.jpg_16a722a7-9836-493a-b1e9-e1d4af76d05f.jpg,Irrelavant,false
3b87e1be7f30b40c07e459979f216531b6046bd2f484205e5554c9faee9d2abb,Balanced_Final_Split/Balanced_Final_Split/train/Irrelavant/unsplash-images-collection_original_photo-1637004253818-d3072efc73fe.jpg_79a5b3e1-9c7a-4698-8289-fb19314620e7.jpg,Irrelavant,Irrelevant/Irrelevant/unsplash-images-collection_original_photo-1637004253818-d3072efc73fe.jpg_79a5b3e1-9c7a-4698-8289-fb19314620e7.jpg,Irrelavant,false
5704f59482269e43b2b6e3a05505bb32a74564c68c32b12e9d060bda94d5f786,Balanced_Final_Split/Balanced_Final_Split/train/Irrelavant/unsplash-images-collection_original_photo-1637045486754-92ebb723eef9.jpg_0c8f39f8-65d9-4aa5-b57d-791ff373e14e.jpg,Irrelavant,Irrelevant/Irrelevant/unsplash-images-collection_original_photo-1637045486754-92ebb723eef9.jpg_0c8f39f8-65d9-4aa5-b57d-791ff373e14e.jpg,Irrelavant,false
c0aa706d98e8857a8dfed08f96638710e02e2e9c3d93d72c5308086f7e66b54e,Balanced_Final_Split/Balanced_Final_Split/train/Irrelavant/unsplash-images-collection_original_photo-1637045713939-321b2bc8ed88.jpg_42ade84b-97c0-4ce4-9f18-aee0294f6021.jpg,Irrelavant,Irrelevant/Irrelevant/unsplash-images-collection_original_photo-1637045713939-321b2bc8ed88.jpg_42ade84b-97c0-4ce4-9f18-aee0294f6021.jpg,Irrelavant,false
977e218919a3219913b7b6d2bc64b2bd3e791651baf318d0b6b35fa39af5fa07,Balanced_Final_Split/Balanced_Final_Split/train/Irrelavant/unsplash-images-collection_original_photo-1637090106163-0288a4fb33d5.jpg_0a6fc51b-9dc6-4f38-aefe-d1b78be0961a.jpg,Irrelavant,Irrelevant/Irrelevant/unsplash-images-collection_original_photo-1637090106163-0288a4fb33d5.jpg_0a6fc51b-9dc6-4f38-aefe-d1b78be0961a.jpg,Irrelavant,false
74aa3fe8fc8d98eb42b1b77b7ba461684721eb95fcdaeff855b4200d43e29990,Balanced_Final_Split/Balanced_Final_Split/train/Irrelavant/unsplash-images-collection_original_photo-1637093500098-078c033893c0.jpg_0b5a48e8-39ff-4992-821a-d7d57165ae1e.jpg,Irrelavant,Irrelevant/Irrelevant/unsplash-images-collection_original_photo-1637093500098-078c033893c0.jpg_0b5a48e8-39ff-4992-821a-d7d57165ae1e.jpg,Irrelavant,false
ef2be9e81379d161ff2388082fa22a6ec5c9b5fdb82151ad01b0f9f7d1ddb357,Balanced_Final_Split/Balanced_Final_Split/train/Irrelavant/unsplash-images-collection_original_photo-1637179709448-e03199d05f6e.jpg_141b7575-9990-4dbe-91da-711f890eb0fa.jpg,Irrelavant,Irrelevant/Irrelevant/unsplash-images-collection_original_photo-1637179709448-e03199d05f6e.jpg_141b7575-9990-4dbe-91da-711f890eb0fa.jpg,Irrelavant,false
495dadd9821530bfbce70dd9cdff44a5164be09ce074fc5dbb59455fb4d45999,Balanced_Final_Split/Balanced_Final_Split/train/Irrelavant/unsplash-images-collection_original_photo-1637250060437-eaad0291deff.jpg_0d89ce7c-b3f6-4281-bac8-633ee7aac562.jpg,Irrelavant,Irrelevant/Irrelevant/unsplash-images-collection_original_photo-1637250060437-eaad0291deff.jpg_0d89ce7c-b3f6-4281-bac8-633ee7aac562.jpg,Irrelavant,false
ff189ba8635a1a6f5b683082a414872ff54547265386f33429832b291713b92f,Balanced_Final_Split/Balanced_Final_Split/train/Irrelavant/unsplash-images-collection_original_photo-1637258977274-d5aeac876d6c.jpg_002daf13-2e9d-4277-b58c-d15af4ff3877.jpg,Irrelavant,Irrelevant/Irrelevant/unsplash-images-collection_original_photo-1637258977274-d5aeac876d6c.jpg_002daf13-2e9d-4277-b58c-d15af4ff3877.jpg,Irrelavant,false
5fb8b158563b5d38533758794c180d93da188855b36dcd36d9b0e0b44910bf21,Balanced_Final_Split/Balanced_Final_Split/test/irrelavant/unsplash-images-collection_original_photo-1637263793512-438e70642f3c.jpg_1eb14456-ec8e-4da6-bcbb-c5c488fa8246.jpg,Irrelavant,Irrelevant/Irrelevant/unsplash-images-collection_original_photo-1637263793512-438e70642f3c.jpg_1eb14456-ec8e-4da6-bcbb-c5c488fa8246.jpg,Irrelavant,false
c261e0534ebcd8995cde2197643c898100e35d297368eeb970c18dff32e5d8c0,Balanced_Final_Split/Balanced_Final_Split/train/Irrelavant/unsplash-images-collection_original_photo-1637264812825-8b1ce6ccb0b9.jpg_19517e68-a2de-4a34-ac64-d61e520bad6e.jpg,Irrelavant,Irrelevant/Irrelevant/unsplash-images-collection_original_photo-1637264812825-8b1ce6ccb0b9.jpg_19517e68-a2de-4a34-ac64-d61e520bad6e.jpg,Irrelavant,false
71d0471e2c83095bb54823ad3d0256d28f98f94cf62ac56cbd16c578606d8c6d,Balanced_Final_Split/Balanced_Final_Split/train/Irrelavant/unsplash-images-collection_original_photo-1637274503062-bceca456c9bd.jpg_11c4fe51-2717-4e44-aae9-133f828e359e.jpg,Irrelavant,Irrelevant/Irrelevant/unsplash-images-collection_original_photo-1637274503062-bceca456c9bd.jpg_11c4fe51-2717-4e44-aae9-133f828e359e.jpg,Irrelavant,false
e821ff8097b9a61dbf96a5ba607712ca13334a858826624965406cf88a8e052b,Balanced_Final_Split/Balanced_Final_Split/train/Irrelavant/unsplash-images-collection_original_photo-1637305500355-a3f11172cc19.jpg_2dbede44-e155-4885-aa3d-77d99536a9d7.jpg,Irrelavant,Irrelevant/Irrelevant/unsplash-images-collection_original_photo-1637305500355-a3f11172cc19.jpg_2dbede44-e155-4885-aa3d-77d99536a9d7.jpg,Irrelavant,false
a4b442cb9868551bb58a1d62dbb9de27f54916dd9a8b14c4b0aa6181a39822d1,Balanced_Final_Split/Balanced_Final_Split/train/Irrelavant/unsplash-images-collection_original_photo-1637309194017-8ac73fa46c92.jpg_070b94a2-4935-4e63-93d0-e50b2bd21352.jpg,Irrelavant,Irrelevant/Irrelevant/unsplash-images-collection_original_photo-1637309194017-8ac73fa46c92.jpg_070b94a2-4935-4e63-93d0-e50b2bd21352.jpg,Irrelavant,false
e11148a61d73dbe91d849ac36890b51ae1723df129d74360b7e9a794aa5c4182,Balanced_Final_Split/Balanced_Final_Split/train/Irrelavant/unsplash-images-collection_original_photo-1637310916063-3fdcd6bb88b4.jpg_27866e8e-9a37-4419-87e0-005e0a3e29d6.jpg,Irrelavant,Irrelevant/Irrelevant/unsplash-images-collection_original_photo-1637310916063-3fdcd6bb88b4.jpg_27866e8e-9a37-4419-87e0-005e0a3e29d6.jpg,Irrelavant,false
7b509acdca04000c8cd749cd2bb456932b420b04dec31a5b8a88a8fcba68c649,Balanced_Final_Split/Balanced_Final_Split/train/Irrelavant/unsplash-images-collection_original_photo-1637310925669-3bcd0a02ba10.jpg_00c3d007-39e4-442c-a426-fa9305bc1b3b.jpg,Irrelavant,Irrelevant/Irrelevant/unsplash-images-collection_original_photo-1637310925669-3bcd0a02ba10.jpg_00c3d007-39e4-442c-a426-fa9305bc1b3b.jpg,Irrelavant,false
fb5d1e05a996350e4c323bae8d99408f00d467058e92686cd8788d1ef8a47a15,Balanced_Final_Split/Balanced_Final_Split/train/Irrelavant/unsplash-images-collection_original_photo-1637311859464-5021233b7da5.jpg_162c6e7a-2022-4e3b-ab93-6b1873a8b864.jpg,Irrelavant,Irrelevant/Irrelevant/unsplash-images-collection_original_photo-1637311859464-5021233b7da5.jpg_162c6e7a-2022-4e3b-ab93-6b1873a8b864.jpg,Irrelavant,false
c7775d91a6d9259aefa138ee0e9f4b46cbc55fdd556c36047d8b34394804899c,Balanced_Final_Split/Balanced_Final_Split/train/Irrelavant/unsplash-images-collection_original_photo-1637338740872-f2c1979a264f.jpg_04913f17-6cd4-4b0f-a8eb-31bd869f8468.jpg,Irrelavant,Irrelevant/Irrelevant/unsplash-images-collection_original_photo-1637338740872-f2c1979a264f.jpg_04913f17-6cd4-4b0f-a8eb-31bd869f8468.jpg,Irrelavant,false
523a71641fa3554ad50fcc25265efeb5424ca7374b47aeb3fba48325641441ea,Balanced_Final_Split/Balanced_Final_Split/train/Irrelavant/unsplash-images-collection_original_photo-1637352569958-2f6a28679d3c.jpg_20b5b918-e49b-43a0-b9e2-f1fc61e5b4bc.jpg,Irrelavant,Irrelevant/Irrelevant/unsplash-images-collection_original_photo-1637352569958-2f6a28679d3c.jpg_20b5b918-e49b-43a0-b9e2-f1fc61e5b4bc.jpg,Irrelavant,false
fb1b90c4474e07d4edb1b18b6259db8ed28f63123b2b219735dd4ee8e07517ba,Balanced_Final_Split/Balanced_Final_Split/test/irrelavant/unsplash-images-collection_original_photo-1637361891315-2e5e11096078.jpg_26648d85-a4be-4ef8-ab3a-6ae80fe9b019.jpg,Irrelavant,Irrelevant/Irrelevant/unsplash-images-collection_original_photo-1637361891315-2e5e11096078.jpg_26648d85-a4be-4ef8-ab3a-6ae80fe9b019.jpg,Irrelavant,false
a18c9ad48f751d7f31345906b2fe62bd70ec674abf1b7dc87a916834163660a7,Balanced_Final_Split/Balanced_Final_Split/test/irrelavant/unsplash-images-collection_original_photo-1637410130290-a905c3f910e9.jpg_0369abed-eb94-4ebd-8a2c-ce55349b6e1c.jpg,Irrelavant,Irrelevant/Irrelevant/unsplash-images-collection_original_photo-1637410130290-a905c3f910e9.jpg_0369abed-eb94-4ebd-8a2c-ce55349b6e1c.jpg,Irrelavant,false
b21bd4bd88159d739d93c1141e49f62c4365d50f0d919bbd5bf243e3f4b1e741,Balanced_Final_Split/Balanced_Final_Split/train/Irrelavant/unsplash-images-collection_original_photo-1637434659088-cec7b7ea8646.jpg_33eb86d9-4528-468b-b883-6cbd219e7aee.jpg,Irrelavant,Irrelevant/Irrelevant/unsplash-images-collection_original_photo-1637434659088-cec7b7ea8646.jpg_33eb86d9-4528-468b-b883-6cbd219e7aee.jpg,Irrelavant,false
2fd1fc275c2d465649ea2128febced2526becaf48150d6858a799f64b438cc3a,Balanced_Final_Split/Balanced_Final_Split/train/Irrelavant/unsplash-images-collection_original_photo-1637439011095-8bd0bebc7223.jpg_2435bc71-97f7-4702-a4f4-9ee0f0286103.jpg,Irrelavant,Irrelevant/Irrelevant/unsplash-images-collection_original_photo-1637439011095-8bd0bebc7223.jpg_2435bc71-97f7-4702-a4f4-9ee0f0286103.jpg,Irrelavant,false
f7740ceaecaf419b24a38100863736a5b725d8960de859b7a4660398c5249af4,Balanced_Final_Split/Balanced_Final_Split/train/Irrelavant/unsplash-images-collection_original_photo-1637441210934-cea27d639b0e.jpg_0801414f-12ce-4f53-bc63-1f701b87b17a.jpg,Irrelavant,Irrelevant/Irrelevant/unsplash-images-collection_original_photo-1637441210934-cea27d639b0e.jpg_0801414f-12ce-4f53-bc63-1f701b87b17a.jpg,Irrelavant,false
e103f6465fd2956ece479e553b5269733d189d67bc5dd1c314ac89ff020cd6ce,Balanced_Final_Split/Balanced_Final_Split/test/irrelavant/unsplash-images-collection_original_photo-1637446840508-190634a14976.jpg_35bc5855-a9fb-494d-95e9-49997c479c01.jpg,Irrelavant,Irrelevant/Irrelevant/unsplash-images-collection_original_photo-1637446840508-190634a14976.jpg_35bc5855-a9fb-494d-95e9-49997c479c01.jpg,Irrelavant,false
3a68ee625c25d8f67e7c2a2b7de385105686c106d97e58c553eba585f67be762,Balanced_Final_Split/Balanced_Final_Split/train/Irrelavant/unsplash-images-collection_original_photo-1637452313272-9f5855b5f2bc.jpg_386bf726-1732-484f-a533-b50c653708b2.jpg,Irrelavant,Irrelevant/Irrelevant/unsplash-images-collection_original_photo-1637452313272-9f5855b5f2bc.jpg_386bf726-1732-484f-a533-b50c653708b2.jpg,Irrelavant,false
0629524c2e0005847188e9dd5ee0f73236fcff280febba3e7774d853f839e4ae,Balanced_Final_Split/Balanced_Final_Split/train/Irrelavant/unsplash-images-collection_original_photo-1637461979290-120a2d8e5de5.jpg_4bd10b7c-f7f7-4bdf-b379-5dba6f1ccac4.jpg,Irrelavant,Irrelevant/Irrelevant/unsplash-images-collection_original_photo-1637461979290-120a2d8e5de5.jpg_4bd10b7c-f7f7-4bdf-b379-5dba6f1ccac4.jpg,Irrelavant,false
59d30e1abdf27903f1e20d086276f3cea112cfde8053c0c914a5994e6df08277,Balanced_Final_Split/Balanced_Final_Split/train/Irrelavant/unsplash-images-collection_original_photo-1637466828537-8124def82012.jpg_289772b3-c1e3-4a9f-bce3-a35eb71dac81.jpg,Irrelavant,Irrelevant/Irrelevant/unsplash-images-collection_original_photo-1637466828537-8124def82012.jpg_289772b3-c1e3-4a9f-bce3-a35eb71dac81.jpg,Irrelavant,false
5e1baf0c3eb6e6593144b70b6bcf3e80c7570e4889afe1d2b17ef2fe99690407,Balanced_Final_Split/Balanced_Final_Split/train/Irrelavant/unsplash-images-collection_original_photo-1637468658667-119776ad6c54.jpg_24f42bf4-7029-4eef-b074-f0dbbd57eb30.jpg,Irrelavant,Irrelevant/Irrelevant/unsplash-images-collection_original_photo-1637468658667-119776ad6c54.jpg_24f42bf4-7029-4eef-b074-f0dbbd57eb30.jpg,Irrelavant,false
897676312dba70c5c1a275249b494450613feb88361c5917d510f990b64d2433,Balanced_Final_Split/Balanced_Final_Split/train/Irrelavant/unsplash-images-collection_original_photo-1637479758719-a8f1241435e8.jpg_1a01e4c6-e730-42db-8481-62aeccfb8b2e.jpg,Irrelavant,Irrelevant/Irrelevant/unsplash-images-collection_original_photo-1637479758719-a8f1241435e8.jpg_1a01e4c6-e730-42db-8481-62aeccfb8b2e.jpg,Irrelavant,false
dc2658f848f228c64a9b4bf547bc0a4931c80cf91468e1e6bc73712679bd9546,Balanced_Final_Split/Balanced_Final_Split/train/Irrelavant/unsplash-images-collection_original_photo-1637580680025-8cf56a0f0c63.jpg_04a41773-8bec-4e30-a194-987bce7711f6.jpg,Irrelavant,Irrelevant/Irrelevant/unsplash-images-collection_original_photo-1637580680025-8cf56a0f0c63.jpg_04a41773-8bec-4e30-a194-987bce7711f6.jpg,Irrelavant,false
3f4727c096ae6e884a6723ad78654c0c08d38e110164828eaf83bb4dfbf96ea5,Balanced_Final_Split/Balanced_Final_Split/train/Irrelavant/unsplash-images-collection_original_photo-1637580981126-881fd2ce493f.jpg_0305b61c-6c5b-4813-9dab-0182e243e8ee.jpg,Irrelavant,Irrelevant/Irrelevant/unsplash-images-collection_original_photo-1637580981126-881fd2ce493f.jpg_0305b61c-6c5b-4813-9dab-0182e243e8ee.jpg,Irrelavant,false
ddd94942b56add99b38499244ad9898235030e6e4c23c6af16c28401434ebf66,Balanced_Final_Split/Balanced_Final_Split/train/Irrelavant/unsplash-images-collection_original_photo-1637637496436-c014eca75fed.jpg_00b951f7-f519-4511-a34c-54509d3015df.jpg,Irrelavant,Irrelevant/Irrelevant/unsplash-images-collection_original_photo-1637637496436-c014eca75fed.jpg_00b951f7-f519-4511-a34c-54509d3015df.jpg,Irrelavant,false
c12fe53c88db7aa2e8981c12f6950476e9c5e56d959e5bf75f35fbf48ffa4927,Balanced_Final_Split/Balanced_Final_Split/train/Irrelavant/unsplash-images-collection_original_photo-1637637498218-44ad7c174ec5.jpg_13082b9c-a2c8-4491-aecf-e847ab177913.jpg,Irrelavant,Irrelevant/Irrelevant/unsplash-images-collection_original_photo-1637637498218-44ad7c174ec5.jpg_13082b9c-a2c8-4491-aecf-e847ab177913.jpg,Irrelavant,false
7dcc43ce2d86719784d41df07fdf231033e7b9c3730e46f93a6829ad87381fc6,Balanced_Final_Split/Balanced_Final_Split/train/Irrelavant/unsplash-images-collection_original_photo-1637680882990-f425ed78da0f.jpg_074116cb-9091-46ae-94e5-a1ce0a378538.jpg,Irrelavant,Irrelevant/Irrelevant/unsplash-images-collection_original_photo-1637680882990-f425ed78da0f.jpg_074116cb-9091-46ae-94e5-a1ce0a378538.jpg,Irrelavant,false
616c642d2343a030e15b09e437e25e69d8cd2140391758e851b111d0026a47a2,Balanced_Final_Split/Balanced_Final_Split/train/Irrelavant/unsplash-images-collection_original_photo-1637689033815-cc4eabd65739.jpg_4dfca189-9f26-4175-a3c9-db1c8b737d3b.jpg,Irrelavant,Irrelevant/Irrelevant/unsplash-images-collection_original_photo-1637689033815-cc4eabd65739.jpg_4dfca189-9f26-4175-a3c9-db1c8b737d3b.jpg,Irrelavant,false
ffc5d3be05d5e8dee977348a8cbffc3deb7656d29eb413a8d3b1cb27c2cccce9,Balanced_Final_Split/Balanced_Final_Split/train/Irrelavant/unsplash-images-collection_original_photo-1637704758245-ed126909d374.jpg_3b58aa82-717a-40a5-9754-7e96df7a01cf.jpg,Irrelavant,Irrelevant/Irrelevant/unsplash-images-collection_original_photo-1637704758245-ed126909d374.jpg_3b58aa82-717a-40a5-9754-7e96df7a01cf.jpg,Irrelavant,false
af0b9aadada687cf27b6fe3e4cb2a59ddd2a10fc600b2ac4d39eb4628de23bc6,Balanced_Final_Split/Balanced_Final_Split/train/Irrelavant/unsplash-images-collection_original_photo-1637730827714-e673313b23fa.jpg_7eba20cf-a054-4365-9e7d-d5dab8794b59.jpg,Irrelavant,Irrelevant/Irrelevant/unsplash-images-collection_original_photo-1637730827714-e673313b23fa.jpg_7eba20cf-a054-4365-9e7d-d5dab8794b59.jpg,Irrelavant,false
9f54e3efb5531b337b42c25b0143c071e18f4258a2262e011c228ca62d0ceada,Balanced_Final_Split/Balanced_Final_Split/train/Irrelavant/unsplash-images-collection_original_photo-1637740000601-71aaf0981bc6.jpg_03ff8f2d-4ab9-4d7b-8d2c-e61b708aed03.jpg,Irrelavant,Irrelevant/Irrelevant/unsplash-images-collection_original_photo-1637740000601-71aaf0981bc6.jpg_03ff8f2d-4ab9-4d7b-8d2c-e61b708aed03.jpg,Irrelavant,false
73bf286cf69df692efa5bb8e95676c6e09892ebe9bfa04a739a7610c4e1797b9,Balanced_Final_Split/Balanced_Final_Split/train/Irrelavant/unsplash-images-collection_original_photo-1637745414307-6171e95160ff.jpg_5969b3f0-ba61-4ae9-8d72-ee1aef0c5b78.jpg,Irrelavant,Irrelevant/Irrelevant/unsplash-images-collection_original_photo-1637745414307-6171e95160ff.jpg_5969b3f0-ba61-4ae9-8d72-ee1aef0c5b78.jpg,Irrelavant,false
4efc8ddca0e37fd5a097f2057816e3f88d5da5279622a74648fd10e4178d93a6,Balanced_Final_Split/Balanced_Final_Split/train/Irrelavant/unsplash-images-collection_original_photo-1637750452992-87153c4b3f65.jpg_0f7502f5-dcef-4eed-9149-3019e1f1502c.jpg,Irrelavant,Irrelevant/Irrelevant/unsplash-images-collection_original_photo-1637750452992-87153c4b3f65.jpg_0f7502f5-dcef-4eed-9149-3019e1f1502c.jpg,Irrelavant,false
8e9f14f882f6b669ae2206c0f960ae4cb0700a7e977e3c2ed8054574200e30fa,Balanced_Final_Split/Balanced_Final_Split/train/Irrelavant/unsplash-images-collection_original_photo-1637769281745-2d6643fac729.jpg_26a15aea-ad78-4b46-907b-6e038c36281f.jpg,Irrelavant,Irrelevant/Irrelevant/unsplash-images-collection_original_photo-1637769281745-2d6643fac729.jpg_26a15aea-ad78-4b46-907b-6e038c36281f.jpg,Irrelavant,false
5c263be8f178e6a5f9a4bcff04977244d3cd9abac3a309566297b0bcff419432,Balanced_Final_Split/Balanced_Final_Split/train/Irrelavant/unsplash-images-collection_original_photo-1637770858043-f309562b1905.jpg_03f6b71f-4661-4304-829f-502baaf85816.jpg,Irrelavant,Irrelevant/Irrelevant/unsplash-images-collection_original_photo-1637770858043-f309562b1905.jpg_03f6b71f-4661-4304-829f-502baaf85816.jpg,Irrelavant,false
b294058064f801afc867926b57173a4529e1f5331cda7ef6890ba19e2bf4738d,Balanced_Final_Split/Balanced_Final_Split/train/Irrelavant/unsplash-images-collection_original_photo-1637966495649-c102312261c7.jpg_136431b1-a5c1-4331-8617-b21f21d0d31b.jpg,Irrelavant,Irrelevant/Irrelevant/unsplash-images-collection_original_photo-1637966495649-c102312261c7.jpg_136431b1-a5c1-4331-8617-b21f21d0d31b.jpg,Irrelavant,false
b4b01b1c51511ecac3740b5a2f2ae3126d9a1d42f7e67ce077f60cbbec988524,Balanced_Final_Split/Balanced_Final_Split/train/Irrelavant/unsplash-images-collection_original_photo-1637966497982-48285a5dab54.jpg_1584f0a9-06b5-4942-8795-52171c8477f1.jpg,Irrelavant,Irrelevant/Irrelevant/unsplash-images-collection_original_photo-1637966497982-48285a5dab54.jpg_1584f0a9-06b5-4942-8795-52171c8477f1.jpg,Irrelavant,false
4788e868dced81458b05d907af9864cb2c888cc1a616a290b55d5035d372f55c,Balanced_Final_Split/Balanced_Final_Split/test/irrelavant/unsplash-images-collection_original_photo-1638037143715-eac0b33d1003.jpg_316a0676-4c80-4d24-833e-153b41cc7ed2.jpg,Irrelavant,Irrelevant/Irrelevant/unsplash-images-collection_original_photo-1638037143715-eac0b33d1003.jpg_316a0676-4c80-4d24-833e-153b41cc7ed2.jpg,Irrelavant,false
85ee0110ebe27c3c59a8c9b366679da15bd11e1c8065bdefd28164379daf7157,Balanced_Final_Split/Balanced_Final_Split/train/Irrelavant/unsplash-images-collection_original_photo-1638041864014-13a7e7862d4b.jpg_0bdee881-e343-4eee-a37d-7e6de2f23186.jpg,Irrelavant,Irrelevant/Irrelevant/unsplash-images-collection_original_photo-1638041864014-13a7e7862d4b.jpg_0bdee881-e343-4eee-a37d-7e6de2f23186.jpg,Irrelavant,false
11cbd3542b8005f994638d97661d469738c54d7df1dbfcd364f2f844a2489920,Balanced_Final_Split/Balanced_Final_Split/train/Irrelavant/unsplash-images-collection_original_photo-1638047160224-5d692d9dc764.jpg_0aca53da-03d5-4d0d-a804-34d800b8ad38.jpg,Irrelavant,Irrelevant/Irrelevant/unsplash-images-collection_original_photo-1638047160224-5d692d9dc764.jpg_0aca53da-03d5-4d0d-a804-34d800b8ad38.jpg,Irrelavant,false
e6fa821a3feb90579f100b1a32e19632fce985ebfbcf400eaedfd9530cc48e8d,Balanced_Final_Split/Balanced_Final_Split/train/Irrelavant/unsplash-images-collection_original_photo-1638051017225-0d9fcca18cf4.jpg_0f8ba93c-4ce7-4a37-92aa-290bee571062.jpg,Irrelavant,Irrelevant/Irrelevant/unsplash-images-collection_original_photo-1638051017225-0d9fcca18cf4.jpg_0f8ba93c-4ce7-4a37-92aa-290bee571062.jpg,Irrelavant,false
11657fc211fd25c25f11f1e4b7f2d7ff190e2293b3201c2e175f81d88ccfee1a,Balanced_Final_Split/Balanced_Final_Split/train/Irrelavant/unsplash-images-collection_original_photo-1638063761285-08f6a2f796f5.jpg_1c141aea-9b8b-495e-b4e7-f7bc31e4599a.jpg,Irrelavant,Irrelevant/Irrelevant/unsplash-images-collection_original_photo-1638063761285-08f6a2f796f5.jpg_1c141aea-9b8b-495e-b4e7-f7bc31e4599a.jpg,Irrelavant,false
321e0d0cddc9572f410877b23b544fc4265f3618170b57b4415f58c6a661a086,Balanced_Final_Split/Balanced_Final_Split/train/Irrelavant/unsplash-images-collection_original_photo-1638086164779-ee3799dd1da9.jpg_0546b854-fb5e-4c68-b5f4-21e1852ce826.jpg,Irrelavant,Irrelevant/Irrelevant/unsplash-images-collection_original_photo-1638086164779-ee3799dd1da9.jpg_0546b854-fb5e-4c68-b5f4-21e1852ce826.jpg,Irrelavant,false
82e5f7fe6dbec0778ea92237fc5eccf159f68ba849c1ed42bf2712be6e105ac1,Balanced_Final_Split/Balanced_Final_Split/train/Irrelavant/unsplash-images-collection_original_photo-1638087857333-08ea9b5c30c0.jpg_06a2b081-ee21-474f-aba9-5f3d9d94c1b5.jpg,Irrelavant,Irrelevant/Irrelevant/unsplash-images-collection_original_photo-1638087857333-08ea9b5c30c0.jpg_06a2b081-ee21-474f-aba9-5f3d9d94c1b5.jpg,Irrelavant,false
6fab11b280669cd87c8cf7c2ee86bf666808a2ab9e3eea672ebee7861100dca5,Balanced_Final_Split/Balanced_Final_Split/train/Irrelavant/unsplash-images-collection_original_photo-1638088636176-591de4dc9287.jpg_0a993fd4-cb93-4826-86fa-677374aa536a.jpg,Irrelavant,Irrelevant/Irrelevant/unsplash-images-collection_original_photo-1638088636176-591de4dc9287.jpg_0a993fd4-cb93-4826-86fa-677374aa536a.jpg,Irrelavant,false
0f9057fa9ccf622a36090dc2785214d06846ed7ff25b35bb41c11228c421a051,Balanced_Final_Split/Balanced_Final_Split/test/irrelavant/unsplash-images-collection_original_photo-1638094484540-3ee0875aaca5.jpg_17c9b04d-c81f-4843-ab76-ff843a1373a5.jpg,Irrelavant,Irrelevant/Irrelevant/unsplash-images-collection_original_photo-1638094484540-3ee0875aaca5.jpg_17c9b04d-c81f-4843-ab76-ff843a1373a5.jpg,Irrelavant,false
d775d5cb47041ef77ac18c56601a203c03a5f58eca31fae0e232ce3d0a2dcfc6,Balanced_Final_Split/Balanced_Final_Split/test/irrelavant/unsplash-images-collection_original_photo-1638108799408-81959640913e.jpg_0e61d692-b29c-472f-8146-cc99bc0b36b9.jpg,Irrelavant,Irrelevant/Irrelevant/unsplash-images-collection_original_photo-1638108799408-81959640913e.jpg_0e61d692-b29c-472f-8146-cc99bc0b36b9.jpg,Irrelavant,false
7ca663343846875df8e1c86547a140aeafe8dcc24f613f97fd4b5f457e87b6d4,Balanced_Final_Split/Balanced_Final_Split/train/Irrelavant/unsplash-images-collection_original_photo-1638111963063-9dc8f1afa9b9.jpg_5c171330-1156-4775-86fa-6a22c1270df0.jpg,Irrelavant,Irrelevant/Irrelevant/unsplash-images-collection_original_photo-1638111963063-9dc8f1afa9b9.jpg_5c171330-1156-4775-86fa-6a22c1270df0.jpg,Irrelavant,false
8600f6a5c2df6fed4b5bf8b1149bd03c837238437b58c8be097f8db465e7ba36,Balanced_Final_Split/Balanced_Final_Split/test/irrelavant/unsplash-images-collection_original_photo-1638115311992-494f8d1d858b.jpg_1fc3b5c1-2562-484e-92ec-4e928a2957ec.jpg,Irrelavant,Irrelevant/Irrelevant/unsplash-images-collection_original_photo-1638115311992-494f8d1d858b.jpg_1fc3b5c1-2562-484e-92ec-4e928a2957ec.jpg,Irrelavant,false
2bf57d3178b679fe03f0cf3edabe0ab3aa5723a993aba84ab3890adf30fc1ec7,Balanced_Final_Split/Balanced_Final_Split/train/Irrelavant/unsplash-images-collection_original_photo-1638121944721-a08982ef122d.jpg_020885f6-1d4c-4c57-84cc-0d321db1cfb0.jpg,Irrelavant,Irrelevant/Irrelevant/unsplash-images-collection_original_photo-1638121944721-a08982ef122d.jpg_020885f6-1d4c-4c57-84cc-0d321db1cfb0.jpg,Irrelavant,false
5ff984e63bddb40a2fe654d59de7e80b6c2e48f2eabc6c8e623ff6b92a8907b0,Balanced_Final_Split/Balanced_Final_Split/train/Irrelavant/unsplash-images-collection_original_photo-1638130419943-1242ff0300bf.jpg_170f186f-11c5-4ec9-8429-c6c6b25b01e6.jpg,Irrelavant,Irrelevant/Irrelevant/unsplash-images-collection_original_photo-1638130419943-1242ff0300bf.jpg_170f186f-11c5-4ec9-8429-c6c6b25b01e6.jpg,Irrelavant,false
90f07b9a9b3d5cdfa7b278bfacd0340c8004c3b9461b9f31bc3ab69b963fd403,Balanced_Final_Split/Balanced_Final_Split/train/Irrelavant/unsplash-images-collection_original_photo-1638131169827-cb619350b2a0.jpg_34d59045-5bb1-4546-a0eb-e0acb21f36ba.jpg,Irrelavant,Irrelevant/Irrelevant/unsplash-images-collection_original_photo-1638131169827-cb619350b2a0.jpg_34d59045-5bb1-4546-a0eb-e0acb21f36ba.jpg,Irrelavant,false
2661f2a1f0140158054ffbce403dd7ff1765f4adb1363eec135bdfc6bda32dea,Balanced_Final_Split/Balanced_Final_Split/train/Irrelavant/unsplash-images-collection_original_photo-1638136166572-77e9b849cee9.jpg_baabb6e3-3056-4d9c-924d-760528829706.jpg,Irrelavant,Irrelevant/Irrelevant/unsplash-images-collection_original_photo-1638136166572-77e9b849cee9.jpg_baabb6e3-3056-4d9c-924d-760528829706.jpg,Irrelavant,false
b430aeeff25ea36efa57533b281abc611e3d7aa8ceedc8004bd5070b597a6fc0,Balanced_Final_Split/Balanced_Final_Split/train/Irrelavant/unsplash-images-collection_original_photo-1638148979208-32bab8e7b449.jpg_4eda2ee9-a0d2-42bf-b8ab-7b797cbbdbe9.jpg,Irrelavant,Irrelevant/Irrelevant/unsplash-images-collection_original_photo-1638148979208-32bab8e7b449.jpg_4eda2ee9-a0d2-42bf-b8ab-7b797cbbdbe9.jpg,Irrelavant,false
9879ffd580c162151208090051ff04653b3fc03d7f619b7e73512d750515088b,Balanced_Final_Split/Balanced_Final_Split/train/Irrelavant/unsplash-images-collection_original_photo-1638153867870-daadae81acb5.jpg_277c6f24-27d2-477c-9f24-da3c57d4f00f.jpg,Irrelavant,Irrelevant/Irrelevant/unsplash-images-collection_original_photo-1638153867870-daadae81acb5.jpg_277c6f24-27d2-477c-9f24-da3c57d4f00f.jpg,Irrelavant,false
deb0a39577a2ac86b467ab2adf2d012a256529d81500028e97992893c9bde794,Balanced_Final_Split/Balanced_Final_Split/train/Irrelavant/unsplash-images-collection_original_photo-1638157546153-fe37f0886cd5.jpg_00f447ae-0a34-4376-8bff-66de4feed496.jpg,Irrelavant,Irrelevant/Irrelevant/unsplash-images-collection_original_photo-1638157546153-fe37f0886cd5.jpg_00f447ae-0a34-4376-8bff-66de4feed496.jpg,Irrelavant,false
0aa985abda0d94c9088e0e6c4869a6a3ef31af9fe153e1a769ae24069839fd8f,Balanced_Final_Split/Balanced_Final_Split/train/Irrelavant/unsplash-images-collection_original_photo-1638164668274-62f5aca12298.jpg_34bd40eb-0f3e-4301-9cd3-a39513c3b116.jpg,Irrelavant,Irrelevant/Irrelevant/unsplash-images-collection_original_photo-1638164668274-62f5aca12298.jpg_34bd40eb-0f3e-4301-9cd3-a39513c3b116.jpg,Irrelavant,false
00be642621a58d891ecfe74d5301c4989327bacf93bab292becaca39f55de24b,Balanced_Final_Split/Balanced_Final_Split/train/Irrelavant/unsplash-images-collection_original_photo-1638176096256-47c8b2a03d65.jpg_06dee239-4963-44cc-88bf-41bf6a1a3767.jpg,Irrelavant,Irrelevant/Irrelevant/unsplash-images-collection_original_photo-1638176096256-47c8b2a03d65.jpg_06dee239-4963-44cc-88bf-41bf6a1a3767.jpg,Irrelavant,false
bfc226faef532db86d4a8608e4fbf64697c95148f53133fcfe5049dd36f0e4d6,Balanced_Final_Split/Balanced_Final_Split/train/Irrelavant/unsplash-images-collection_original_photo-1638179346808-02785a7552e9.jpg_0b2cf5ad-559e-4bfc-a535-66699bcadee6.jpg,Irrelavant,Irrelevant/Irrelevant/unsplash-images-collection_original_photo-1638179346808-02785a7552e9.jpg_0b2cf5ad-559e-4bfc-a535-66699bcadee6.jpg,Irrelavant,false
78a88b28be82b3acf7202645365a29a911ececc9dd0c3a2dddc5df893d6b751e,Balanced_Final_Split/Balanced_Final_Split/train/Irrelavant/unsplash-images-collection_original_photo-1638825183364-01e8b64b00e0.jpg_1b1853c8-76bb-4a16-9631-613d264eb1f8.jpg,Irrelavant,Irrelevant/Irrelevant/unsplash-images-collection_original_photo-1638825183364-01e8b64b00e0.jpg_1b1853c8-76bb-4a16-9631-613d264eb1f8.jpg,Irrelavant,false
34a9500d85ac2384fa88bd8179225f68a8c71c39cd6218e78f0082b7340951e1,Balanced_Final_Split/Balanced_Final_Split/train/Irrelavant/unsplash-images-collection_original_photo-1638828616477-fe4f7c8c4eed.jpg_1f662e26-43b5-42f5-8658-ef06edba6cf5.jpg,Irrelavant,Irrelevant/Irrelevant/unsplash-images-collection_original_photo-1638828616477-fe4f7c8c4eed.jpg_1f662e26-43b5-42f5-8658-ef06edba6cf5.jpg,Irrelavant,false
9e8bd7125ab1441dd0c68da36b70713aa65ef095c521ae667099f4641f6e553c,Balanced_Final_Split/Balanced_Final_Split/train/Irrelavant/unsplash-images-collection_original_photo-1638885912790-84ec37bf7c37.jpg_15f872b4-d460-41bf-ae08-32e7c939ab17.jpg,Irrelavant,Irrelevant/Irrelevant/unsplash-images-collection_original_photo-1638885912790-84ec37bf7c37.jpg_15f872b4-d460-41bf-ae08-32e7c939ab17.jpg,Irrelavant,false
e731b174f6b0867c1add8ec50e392b2f2d962196fc22c2b4f747bf0688bc73f0,Balanced_Final_Split/Balanced_Final_Split/train/Irrelavant/unsplash-images-collection_original_photo-1638963042203-e4fb5aee0d0b.jpg_00ea5ee4-50ff-4925-907e-9dab7a8271cc.jpg,Irrelavant,Irrelevant/Irrelevant/unsplash-images-collection_original_photo-1638963042203-e4fb5aee0d0b.jpg_00ea5ee4-50ff-4925-907e-9dab7a8271cc.jpg,Irrelavant,false
257ce4d183432301b81fe21c0c53af2ee3e226280365a168f4b9575ca25222e5,Balanced_Final_Split/Balanced_Final_Split/train/Irrelavant/unsplash-images-collection_original_photo-1638975983437-2f5fea7540da.jpg_04dab5a0-1369-4fd7-8ee5-09e8b4a09242.jpg,Irrelavant,Irrelevant/Irrelevant/unsplash-images-collection_original_photo-1638975983437-2f5fea7540da.jpg_04dab5a0-1369-4fd7-8ee5-09e8b4a09242.jpg,Irrelavant,false
f90babb3661635f3560dd767782d2e51398cdec2a5c73879ed339448ed0cc666,Balanced_Final_Split/Balanced_Final_Split/train/Irrelavant/unsplash-images-collection_original_photo-1638984849678-7aee537bd021.jpg_8bff2970-912a-4ab5-b0ba-1959fe3a4e79.jpg,Irrelavant,Irrelevant/Irrelevant/unsplash-images-collection_original_photo-1638984849678-7aee537bd021.jpg_8bff2970-912a-4ab5-b0ba-1959fe3a4e79.jpg,Irrelavant,false
171339cae9a47445723ac5d10fc6a4156d90dba449b6b44d1aa9576411aebd59,Balanced_Final_Split/Balanced_Final_Split/train/Irrelavant/unsplash-images-collection_original_photo-1638989795059-f4dba0a3f291.jpg_07679253-5018-4854-97ea-b5454bf0032a.jpg,Irrelavant,Irrelevant/Irrelevant/unsplash-images-collection_original_photo-1638989795059-f4dba0a3f291.jpg_07679253-5018-4854-97ea-b5454bf0032a.jpg,Irrelavant,false
6d6bb0eca40eca4907920916971cb9f9353edc1d71b0582d9504785b992accb8,Balanced_Final_Split/Balanced_Final_Split/train/Irrelavant/unsplash-images-collection_original_photo-1638990601165-25b17ae12f95.jpg_2a116657-182d-4007-a89f-455d5243d37c.jpg,Irrelavant,Irrelevant/Irrelevant/unsplash-images-collection_original_photo-1638990601165-25b17ae12f95.jpg_2a116657-182d-4007-a89f-455d5243d37c.jpg,Irrelavant,false
74d5ec9f41d96dc5fb72900a092a51d1b39c63951cea950e090c0bde6c2e8d6d,Balanced_Final_Split/Balanced_Final_Split/train/Irrelavant/unsplash-images-collection_original_photo-1638991420219-9829d4e7d134.jpg_280d4ab5-5812-4ed8-b748-1460a1d3e8a4.jpg,Irrelavant,Irrelevant/Irrelevant/unsplash-images-collection_original_photo-1638991420219-9829d4e7d134.jpg_280d4ab5-5812-4ed8-b748-1460a1d3e8a4.jpg,Irrelavant,false
3b2102de3a827bed0edcdeadc765058da52b0053f5f55a9bbfc657a6f6602198,Balanced_Final_Split/Balanced_Final_Split/train/Irrelavant/unsplash-images-collection_original_photo-1638991933262-742d053687e6.jpg_30aa7488-1759-4929-a506-34d00b622ead.jpg,Irrelavant,Irrelevant/Irrelevant/unsplash-images-collection_original_photo-1638991933262-742d053687e6.jpg_30aa7488-1759-4929-a506-34d00b622ead.jpg,Irrelavant,false
5beabad272af4bcc369e1ef1de6277142917352274e3f844b02a2497944be0af,Balanced_Final_Split/Balanced_Final_Split/train/Irrelavant/unsplash-images-collection_original_photo-1638997984488-b430828d0f0d.jpg_3232e6d7-231e-4679-bf07-ab2438b4e047.jpg,Irrelavant,Irrelevant/Irrelevant/unsplash-images-collection_original_photo-1638997984488-b430828d0f0d.jpg_3232e6d7-231e-4679-bf07-ab2438b4e047.jpg,Irrelavant,false
887aff74366391732238adb67515d9508174ec478213725d164b0ca4b5626db2,Balanced_Final_Split/Balanced_Final_Split/train/Irrelavant/unsplash-images-collection_original_photo-1639006190714-e063f3904cd3.jpg_19e2274e-2b1a-4c82-8c58-eb25596fea11.jpg,Irrelavant,Irrelevant/Irrelevant/unsplash-images-collection_original_photo-1639006190714-e063f3904cd3.jpg_19e2274e-2b1a-4c82-8c58-eb25596fea11.jpg,Irrelavant,false
9fa465f950dec0515f257c0d75ecbb3eddaf2e2d3b3c448f8879b8708e5c4f6d,Balanced_Final_Split/Balanced_Final_Split/train/Irrelavant/unsplash-images-collection_original_photo-1639035197300-a03f3bd3fad2.jpg_0c58af17-6584-4dea-bc25-8ebbc718265d.jpg,Irrelavant,Irrelevant/Irrelevant/unsplash-images-collection_original_photo-1639035197300-a03f3bd3fad2.jpg_0c58af17-6584-4dea-bc25-8ebbc718265d.jpg,Irrelavant,false
0821f8bff08442b8071888cb3cf3dce61f2dcbe3b66581bc12410be2412673cf,Balanced_Final_Split/Balanced_Final_Split/train/Irrelavant/unsplash-images-collection_original_photo-1639046033583-390653f5c09a.jpg_0fff8314-1b0b-4f26-bb83-3190d49da778.jpg,Irrelavant,Irrelevant/Irrelevant/unsplash-images-collection_original_photo-1639046033583-390653f5c09a.jpg_0fff8314-1b0b-4f26-bb83-3190d49da778.jpg,Irrelavant,false
607a575f8e09e8dbed9d9d3212f1f6dd06d4d6a9ed1dea08c36291a10647a23a,Balanced_Final_Split/Balanced_Final_Split/train/Irrelavant/unsplash-images-collection_original_photo-1639046380152-8603868f2e6a.jpg_21734dc1-4d46-4b3c-a5b2-43298f55de29.jpg,Irrelavant,Irrelevant/Irrelevant/unsplash-images-collection_original_photo-1639046380152-8603868f2e6a.jpg_21734dc1-4d46-4b3c-a5b2-43298f55de29.jpg,Irrelavant,false
